sample_key,container_key,subject_id,session_id,recording_id,label,existing_split,key_exists
sub000.pkl-0-0,sub000.pkl-0-0,sub000,,sub000.pkl,0,train,True
sub000.pkl-0-1,sub000.pkl-0-1,sub000,,sub000.pkl,0,train,True
sub000.pkl-0-2,sub000.pkl-0-2,sub000,,sub000.pkl,0,train,True
sub000.pkl-1-0,sub000.pkl-1-0,sub000,,sub000.pkl,0,train,True
sub000.pkl-1-1,sub000.pkl-1-1,sub000,,sub000.pkl,0,train,True
sub000.pkl-1-2,sub000.pkl-1-2,sub000,,sub000.pkl,0,train,True
sub000.pkl-2-0,sub000.pkl-2-0,sub000,,sub000.pkl,0,train,True
sub000.pkl-2-1,sub000.pkl-2-1,sub000,,sub000.pkl,0,train,True
sub000.pkl-2-2,sub000.pkl-2-2,sub000,,sub000.pkl,0,train,True
sub000.pkl-3-0,sub000.pkl-3-0,sub000,,sub000.pkl,1,train,True
sub000.pkl-3-1,sub000.pkl-3-1,sub000,,sub000.pkl,1,train,True
sub000.pkl-3-2,sub000.pkl-3-2,sub000,,sub000.pkl,1,train,True
sub000.pkl-4-0,sub000.pkl-4-0,sub000,,sub000.pkl,1,train,True
sub000.pkl-4-1,sub000.pkl-4-1,sub000,,sub000.pkl,1,train,True
sub000.pkl-4-2,sub000.pkl-4-2,sub000,,sub000.pkl,1,train,True
sub000.pkl-5-0,sub000.pkl-5-0,sub000,,sub000.pkl,1,train,True
sub000.pkl-5-1,sub000.pkl-5-1,sub000,,sub000.pkl,1,train,True
sub000.pkl-5-2,sub000.pkl-5-2,sub000,,sub000.pkl,1,train,True
sub000.pkl-6-0,sub000.pkl-6-0,sub000,,sub000.pkl,2,train,True
sub000.pkl-6-1,sub000.pkl-6-1,sub000,,sub000.pkl,2,train,True
sub000.pkl-6-2,sub000.pkl-6-2,sub000,,sub000.pkl,2,train,True
sub000.pkl-7-0,sub000.pkl-7-0,sub000,,sub000.pkl,2,train,True
sub000.pkl-7-1,sub000.pkl-7-1,sub000,,sub000.pkl,2,train,True
sub000.pkl-7-2,sub000.pkl-7-2,sub000,,sub000.pkl,2,train,True
sub000.pkl-8-0,sub000.pkl-8-0,sub000,,sub000.pkl,2,train,True
sub000.pkl-8-1,sub000.pkl-8-1,sub000,,sub000.pkl,2,train,True
sub000.pkl-8-2,sub000.pkl-8-2,sub000,,sub000.pkl,2,train,True
sub000.pkl-9-0,sub000.pkl-9-0,sub000,,sub000.pkl,3,train,True
sub000.pkl-9-1,sub000.pkl-9-1,sub000,,sub000.pkl,3,train,True
sub000.pkl-9-2,sub000.pkl-9-2,sub000,,sub000.pkl,3,train,True
sub000.pkl-10-0,sub000.pkl-10-0,sub000,,sub000.pkl,3,train,True
sub000.pkl-10-1,sub000.pkl-10-1,sub000,,sub000.pkl,3,train,True
sub000.pkl-10-2,sub000.pkl-10-2,sub000,,sub000.pkl,3,train,True
sub000.pkl-11-0,sub000.pkl-11-0,sub000,,sub000.pkl,3,train,True
sub000.pkl-11-1,sub000.pkl-11-1,sub000,,sub000.pkl,3,train,True
sub000.pkl-11-2,sub000.pkl-11-2,sub000,,sub000.pkl,3,train,True
sub000.pkl-12-0,sub000.pkl-12-0,sub000,,sub000.pkl,4,train,True
sub000.pkl-12-1,sub000.pkl-12-1,sub000,,sub000.pkl,4,train,True
sub000.pkl-12-2,sub000.pkl-12-2,sub000,,sub000.pkl,4,train,True
sub000.pkl-13-0,sub000.pkl-13-0,sub000,,sub000.pkl,4,train,True
sub000.pkl-13-1,sub000.pkl-13-1,sub000,,sub000.pkl,4,train,True
sub000.pkl-13-2,sub000.pkl-13-2,sub000,,sub000.pkl,4,train,True
sub000.pkl-14-0,sub000.pkl-14-0,sub000,,sub000.pkl,4,train,True
sub000.pkl-14-1,sub000.pkl-14-1,sub000,,sub000.pkl,4,train,True
sub000.pkl-14-2,sub000.pkl-14-2,sub000,,sub000.pkl,4,train,True
sub000.pkl-15-0,sub000.pkl-15-0,sub000,,sub000.pkl,4,train,True
sub000.pkl-15-1,sub000.pkl-15-1,sub000,,sub000.pkl,4,train,True
sub000.pkl-15-2,sub000.pkl-15-2,sub000,,sub000.pkl,4,train,True
sub000.pkl-16-0,sub000.pkl-16-0,sub000,,sub000.pkl,5,train,True
sub000.pkl-16-1,sub000.pkl-16-1,sub000,,sub000.pkl,5,train,True
sub000.pkl-16-2,sub000.pkl-16-2,sub000,,sub000.pkl,5,train,True
sub000.pkl-17-0,sub000.pkl-17-0,sub000,,sub000.pkl,5,train,True
sub000.pkl-17-1,sub000.pkl-17-1,sub000,,sub000.pkl,5,train,True
sub000.pkl-17-2,sub000.pkl-17-2,sub000,,sub000.pkl,5,train,True
sub000.pkl-18-0,sub000.pkl-18-0,sub000,,sub000.pkl,5,train,True
sub000.pkl-18-1,sub000.pkl-18-1,sub000,,sub000.pkl,5,train,True
sub000.pkl-18-2,sub000.pkl-18-2,sub000,,sub000.pkl,5,train,True
sub000.pkl-19-0,sub000.pkl-19-0,sub000,,sub000.pkl,6,train,True
sub000.pkl-19-1,sub000.pkl-19-1,sub000,,sub000.pkl,6,train,True
sub000.pkl-19-2,sub000.pkl-19-2,sub000,,sub000.pkl,6,train,True
sub000.pkl-20-0,sub000.pkl-20-0,sub000,,sub000.pkl,6,train,True
sub000.pkl-20-1,sub000.pkl-20-1,sub000,,sub000.pkl,6,train,True
sub000.pkl-20-2,sub000.pkl-20-2,sub000,,sub000.pkl,6,train,True
sub000.pkl-21-0,sub000.pkl-21-0,sub000,,sub000.pkl,6,train,True
sub000.pkl-21-1,sub000.pkl-21-1,sub000,,sub000.pkl,6,train,True
sub000.pkl-21-2,sub000.pkl-21-2,sub000,,sub000.pkl,6,train,True
sub000.pkl-22-0,sub000.pkl-22-0,sub000,,sub000.pkl,7,train,True
sub000.pkl-22-1,sub000.pkl-22-1,sub000,,sub000.pkl,7,train,True
sub000.pkl-22-2,sub000.pkl-22-2,sub000,,sub000.pkl,7,train,True
sub000.pkl-23-0,sub000.pkl-23-0,sub000,,sub000.pkl,7,train,True
sub000.pkl-23-1,sub000.pkl-23-1,sub000,,sub000.pkl,7,train,True
sub000.pkl-23-2,sub000.pkl-23-2,sub000,,sub000.pkl,7,train,True
sub000.pkl-24-0,sub000.pkl-24-0,sub000,,sub000.pkl,7,train,True
sub000.pkl-24-1,sub000.pkl-24-1,sub000,,sub000.pkl,7,train,True
sub000.pkl-24-2,sub000.pkl-24-2,sub000,,sub000.pkl,7,train,True
sub000.pkl-25-0,sub000.pkl-25-0,sub000,,sub000.pkl,8,train,True
sub000.pkl-25-1,sub000.pkl-25-1,sub000,,sub000.pkl,8,train,True
sub000.pkl-25-2,sub000.pkl-25-2,sub000,,sub000.pkl,8,train,True
sub000.pkl-26-0,sub000.pkl-26-0,sub000,,sub000.pkl,8,train,True
sub000.pkl-26-1,sub000.pkl-26-1,sub000,,sub000.pkl,8,train,True
sub000.pkl-26-2,sub000.pkl-26-2,sub000,,sub000.pkl,8,train,True
sub000.pkl-27-0,sub000.pkl-27-0,sub000,,sub000.pkl,8,train,True
sub000.pkl-27-1,sub000.pkl-27-1,sub000,,sub000.pkl,8,train,True
sub000.pkl-27-2,sub000.pkl-27-2,sub000,,sub000.pkl,8,train,True
sub001.pkl-0-0,sub001.pkl-0-0,sub001,,sub001.pkl,0,train,True
sub001.pkl-0-1,sub001.pkl-0-1,sub001,,sub001.pkl,0,train,True
sub001.pkl-0-2,sub001.pkl-0-2,sub001,,sub001.pkl,0,train,True
sub001.pkl-1-0,sub001.pkl-1-0,sub001,,sub001.pkl,0,train,True
sub001.pkl-1-1,sub001.pkl-1-1,sub001,,sub001.pkl,0,train,True
sub001.pkl-1-2,sub001.pkl-1-2,sub001,,sub001.pkl,0,train,True
sub001.pkl-2-0,sub001.pkl-2-0,sub001,,sub001.pkl,0,train,True
sub001.pkl-2-1,sub001.pkl-2-1,sub001,,sub001.pkl,0,train,True
sub001.pkl-2-2,sub001.pkl-2-2,sub001,,sub001.pkl,0,train,True
sub001.pkl-3-0,sub001.pkl-3-0,sub001,,sub001.pkl,1,train,True
sub001.pkl-3-1,sub001.pkl-3-1,sub001,,sub001.pkl,1,train,True
sub001.pkl-3-2,sub001.pkl-3-2,sub001,,sub001.pkl,1,train,True
sub001.pkl-4-0,sub001.pkl-4-0,sub001,,sub001.pkl,1,train,True
sub001.pkl-4-1,sub001.pkl-4-1,sub001,,sub001.pkl,1,train,True
sub001.pkl-4-2,sub001.pkl-4-2,sub001,,sub001.pkl,1,train,True
sub001.pkl-5-0,sub001.pkl-5-0,sub001,,sub001.pkl,1,train,True
sub001.pkl-5-1,sub001.pkl-5-1,sub001,,sub001.pkl,1,train,True
sub001.pkl-5-2,sub001.pkl-5-2,sub001,,sub001.pkl,1,train,True
sub001.pkl-6-0,sub001.pkl-6-0,sub001,,sub001.pkl,2,train,True
sub001.pkl-6-1,sub001.pkl-6-1,sub001,,sub001.pkl,2,train,True
sub001.pkl-6-2,sub001.pkl-6-2,sub001,,sub001.pkl,2,train,True
sub001.pkl-7-0,sub001.pkl-7-0,sub001,,sub001.pkl,2,train,True
sub001.pkl-7-1,sub001.pkl-7-1,sub001,,sub001.pkl,2,train,True
sub001.pkl-7-2,sub001.pkl-7-2,sub001,,sub001.pkl,2,train,True
sub001.pkl-8-0,sub001.pkl-8-0,sub001,,sub001.pkl,2,train,True
sub001.pkl-8-1,sub001.pkl-8-1,sub001,,sub001.pkl,2,train,True
sub001.pkl-8-2,sub001.pkl-8-2,sub001,,sub001.pkl,2,train,True
sub001.pkl-9-0,sub001.pkl-9-0,sub001,,sub001.pkl,3,train,True
sub001.pkl-9-1,sub001.pkl-9-1,sub001,,sub001.pkl,3,train,True
sub001.pkl-9-2,sub001.pkl-9-2,sub001,,sub001.pkl,3,train,True
sub001.pkl-10-0,sub001.pkl-10-0,sub001,,sub001.pkl,3,train,True
sub001.pkl-10-1,sub001.pkl-10-1,sub001,,sub001.pkl,3,train,True
sub001.pkl-10-2,sub001.pkl-10-2,sub001,,sub001.pkl,3,train,True
sub001.pkl-11-0,sub001.pkl-11-0,sub001,,sub001.pkl,3,train,True
sub001.pkl-11-1,sub001.pkl-11-1,sub001,,sub001.pkl,3,train,True
sub001.pkl-11-2,sub001.pkl-11-2,sub001,,sub001.pkl,3,train,True
sub001.pkl-12-0,sub001.pkl-12-0,sub001,,sub001.pkl,4,train,True
sub001.pkl-12-1,sub001.pkl-12-1,sub001,,sub001.pkl,4,train,True
sub001.pkl-12-2,sub001.pkl-12-2,sub001,,sub001.pkl,4,train,True
sub001.pkl-13-0,sub001.pkl-13-0,sub001,,sub001.pkl,4,train,True
sub001.pkl-13-1,sub001.pkl-13-1,sub001,,sub001.pkl,4,train,True
sub001.pkl-13-2,sub001.pkl-13-2,sub001,,sub001.pkl,4,train,True
sub001.pkl-14-0,sub001.pkl-14-0,sub001,,sub001.pkl,4,train,True
sub001.pkl-14-1,sub001.pkl-14-1,sub001,,sub001.pkl,4,train,True
sub001.pkl-14-2,sub001.pkl-14-2,sub001,,sub001.pkl,4,train,True
sub001.pkl-15-0,sub001.pkl-15-0,sub001,,sub001.pkl,4,train,True
sub001.pkl-15-1,sub001.pkl-15-1,sub001,,sub001.pkl,4,train,True
sub001.pkl-15-2,sub001.pkl-15-2,sub001,,sub001.pkl,4,train,True
sub001.pkl-16-0,sub001.pkl-16-0,sub001,,sub001.pkl,5,train,True
sub001.pkl-16-1,sub001.pkl-16-1,sub001,,sub001.pkl,5,train,True
sub001.pkl-16-2,sub001.pkl-16-2,sub001,,sub001.pkl,5,train,True
sub001.pkl-17-0,sub001.pkl-17-0,sub001,,sub001.pkl,5,train,True
sub001.pkl-17-1,sub001.pkl-17-1,sub001,,sub001.pkl,5,train,True
sub001.pkl-17-2,sub001.pkl-17-2,sub001,,sub001.pkl,5,train,True
sub001.pkl-18-0,sub001.pkl-18-0,sub001,,sub001.pkl,5,train,True
sub001.pkl-18-1,sub001.pkl-18-1,sub001,,sub001.pkl,5,train,True
sub001.pkl-18-2,sub001.pkl-18-2,sub001,,sub001.pkl,5,train,True
sub001.pkl-19-0,sub001.pkl-19-0,sub001,,sub001.pkl,6,train,True
sub001.pkl-19-1,sub001.pkl-19-1,sub001,,sub001.pkl,6,train,True
sub001.pkl-19-2,sub001.pkl-19-2,sub001,,sub001.pkl,6,train,True
sub001.pkl-20-0,sub001.pkl-20-0,sub001,,sub001.pkl,6,train,True
sub001.pkl-20-1,sub001.pkl-20-1,sub001,,sub001.pkl,6,train,True
sub001.pkl-20-2,sub001.pkl-20-2,sub001,,sub001.pkl,6,train,True
sub001.pkl-21-0,sub001.pkl-21-0,sub001,,sub001.pkl,6,train,True
sub001.pkl-21-1,sub001.pkl-21-1,sub001,,sub001.pkl,6,train,True
sub001.pkl-21-2,sub001.pkl-21-2,sub001,,sub001.pkl,6,train,True
sub001.pkl-22-0,sub001.pkl-22-0,sub001,,sub001.pkl,7,train,True
sub001.pkl-22-1,sub001.pkl-22-1,sub001,,sub001.pkl,7,train,True
sub001.pkl-22-2,sub001.pkl-22-2,sub001,,sub001.pkl,7,train,True
sub001.pkl-23-0,sub001.pkl-23-0,sub001,,sub001.pkl,7,train,True
sub001.pkl-23-1,sub001.pkl-23-1,sub001,,sub001.pkl,7,train,True
sub001.pkl-23-2,sub001.pkl-23-2,sub001,,sub001.pkl,7,train,True
sub001.pkl-24-0,sub001.pkl-24-0,sub001,,sub001.pkl,7,train,True
sub001.pkl-24-1,sub001.pkl-24-1,sub001,,sub001.pkl,7,train,True
sub001.pkl-24-2,sub001.pkl-24-2,sub001,,sub001.pkl,7,train,True
sub001.pkl-25-0,sub001.pkl-25-0,sub001,,sub001.pkl,8,train,True
sub001.pkl-25-1,sub001.pkl-25-1,sub001,,sub001.pkl,8,train,True
sub001.pkl-25-2,sub001.pkl-25-2,sub001,,sub001.pkl,8,train,True
sub001.pkl-26-0,sub001.pkl-26-0,sub001,,sub001.pkl,8,train,True
sub001.pkl-26-1,sub001.pkl-26-1,sub001,,sub001.pkl,8,train,True
sub001.pkl-26-2,sub001.pkl-26-2,sub001,,sub001.pkl,8,train,True
sub001.pkl-27-0,sub001.pkl-27-0,sub001,,sub001.pkl,8,train,True
sub001.pkl-27-1,sub001.pkl-27-1,sub001,,sub001.pkl,8,train,True
sub001.pkl-27-2,sub001.pkl-27-2,sub001,,sub001.pkl,8,train,True
sub002.pkl-0-0,sub002.pkl-0-0,sub002,,sub002.pkl,0,train,True
sub002.pkl-0-1,sub002.pkl-0-1,sub002,,sub002.pkl,0,train,True
sub002.pkl-0-2,sub002.pkl-0-2,sub002,,sub002.pkl,0,train,True
sub002.pkl-1-0,sub002.pkl-1-0,sub002,,sub002.pkl,0,train,True
sub002.pkl-1-1,sub002.pkl-1-1,sub002,,sub002.pkl,0,train,True
sub002.pkl-1-2,sub002.pkl-1-2,sub002,,sub002.pkl,0,train,True
sub002.pkl-2-0,sub002.pkl-2-0,sub002,,sub002.pkl,0,train,True
sub002.pkl-2-1,sub002.pkl-2-1,sub002,,sub002.pkl,0,train,True
sub002.pkl-2-2,sub002.pkl-2-2,sub002,,sub002.pkl,0,train,True
sub002.pkl-3-0,sub002.pkl-3-0,sub002,,sub002.pkl,1,train,True
sub002.pkl-3-1,sub002.pkl-3-1,sub002,,sub002.pkl,1,train,True
sub002.pkl-3-2,sub002.pkl-3-2,sub002,,sub002.pkl,1,train,True
sub002.pkl-4-0,sub002.pkl-4-0,sub002,,sub002.pkl,1,train,True
sub002.pkl-4-1,sub002.pkl-4-1,sub002,,sub002.pkl,1,train,True
sub002.pkl-4-2,sub002.pkl-4-2,sub002,,sub002.pkl,1,train,True
sub002.pkl-5-0,sub002.pkl-5-0,sub002,,sub002.pkl,1,train,True
sub002.pkl-5-1,sub002.pkl-5-1,sub002,,sub002.pkl,1,train,True
sub002.pkl-5-2,sub002.pkl-5-2,sub002,,sub002.pkl,1,train,True
sub002.pkl-6-0,sub002.pkl-6-0,sub002,,sub002.pkl,2,train,True
sub002.pkl-6-1,sub002.pkl-6-1,sub002,,sub002.pkl,2,train,True
sub002.pkl-6-2,sub002.pkl-6-2,sub002,,sub002.pkl,2,train,True
sub002.pkl-7-0,sub002.pkl-7-0,sub002,,sub002.pkl,2,train,True
sub002.pkl-7-1,sub002.pkl-7-1,sub002,,sub002.pkl,2,train,True
sub002.pkl-7-2,sub002.pkl-7-2,sub002,,sub002.pkl,2,train,True
sub002.pkl-8-0,sub002.pkl-8-0,sub002,,sub002.pkl,2,train,True
sub002.pkl-8-1,sub002.pkl-8-1,sub002,,sub002.pkl,2,train,True
sub002.pkl-8-2,sub002.pkl-8-2,sub002,,sub002.pkl,2,train,True
sub002.pkl-9-0,sub002.pkl-9-0,sub002,,sub002.pkl,3,train,True
sub002.pkl-9-1,sub002.pkl-9-1,sub002,,sub002.pkl,3,train,True
sub002.pkl-9-2,sub002.pkl-9-2,sub002,,sub002.pkl,3,train,True
sub002.pkl-10-0,sub002.pkl-10-0,sub002,,sub002.pkl,3,train,True
sub002.pkl-10-1,sub002.pkl-10-1,sub002,,sub002.pkl,3,train,True
sub002.pkl-10-2,sub002.pkl-10-2,sub002,,sub002.pkl,3,train,True
sub002.pkl-11-0,sub002.pkl-11-0,sub002,,sub002.pkl,3,train,True
sub002.pkl-11-1,sub002.pkl-11-1,sub002,,sub002.pkl,3,train,True
sub002.pkl-11-2,sub002.pkl-11-2,sub002,,sub002.pkl,3,train,True
sub002.pkl-12-0,sub002.pkl-12-0,sub002,,sub002.pkl,4,train,True
sub002.pkl-12-1,sub002.pkl-12-1,sub002,,sub002.pkl,4,train,True
sub002.pkl-12-2,sub002.pkl-12-2,sub002,,sub002.pkl,4,train,True
sub002.pkl-13-0,sub002.pkl-13-0,sub002,,sub002.pkl,4,train,True
sub002.pkl-13-1,sub002.pkl-13-1,sub002,,sub002.pkl,4,train,True
sub002.pkl-13-2,sub002.pkl-13-2,sub002,,sub002.pkl,4,train,True
sub002.pkl-14-0,sub002.pkl-14-0,sub002,,sub002.pkl,4,train,True
sub002.pkl-14-1,sub002.pkl-14-1,sub002,,sub002.pkl,4,train,True
sub002.pkl-14-2,sub002.pkl-14-2,sub002,,sub002.pkl,4,train,True
sub002.pkl-15-0,sub002.pkl-15-0,sub002,,sub002.pkl,4,train,True
sub002.pkl-15-1,sub002.pkl-15-1,sub002,,sub002.pkl,4,train,True
sub002.pkl-15-2,sub002.pkl-15-2,sub002,,sub002.pkl,4,train,True
sub002.pkl-16-0,sub002.pkl-16-0,sub002,,sub002.pkl,5,train,True
sub002.pkl-16-1,sub002.pkl-16-1,sub002,,sub002.pkl,5,train,True
sub002.pkl-16-2,sub002.pkl-16-2,sub002,,sub002.pkl,5,train,True
sub002.pkl-17-0,sub002.pkl-17-0,sub002,,sub002.pkl,5,train,True
sub002.pkl-17-1,sub002.pkl-17-1,sub002,,sub002.pkl,5,train,True
sub002.pkl-17-2,sub002.pkl-17-2,sub002,,sub002.pkl,5,train,True
sub002.pkl-18-0,sub002.pkl-18-0,sub002,,sub002.pkl,5,train,True
sub002.pkl-18-1,sub002.pkl-18-1,sub002,,sub002.pkl,5,train,True
sub002.pkl-18-2,sub002.pkl-18-2,sub002,,sub002.pkl,5,train,True
sub002.pkl-19-0,sub002.pkl-19-0,sub002,,sub002.pkl,6,train,True
sub002.pkl-19-1,sub002.pkl-19-1,sub002,,sub002.pkl,6,train,True
sub002.pkl-19-2,sub002.pkl-19-2,sub002,,sub002.pkl,6,train,True
sub002.pkl-20-0,sub002.pkl-20-0,sub002,,sub002.pkl,6,train,True
sub002.pkl-20-1,sub002.pkl-20-1,sub002,,sub002.pkl,6,train,True
sub002.pkl-20-2,sub002.pkl-20-2,sub002,,sub002.pkl,6,train,True
sub002.pkl-21-0,sub002.pkl-21-0,sub002,,sub002.pkl,6,train,True
sub002.pkl-21-1,sub002.pkl-21-1,sub002,,sub002.pkl,6,train,True
sub002.pkl-21-2,sub002.pkl-21-2,sub002,,sub002.pkl,6,train,True
sub002.pkl-22-0,sub002.pkl-22-0,sub002,,sub002.pkl,7,train,True
sub002.pkl-22-1,sub002.pkl-22-1,sub002,,sub002.pkl,7,train,True
sub002.pkl-22-2,sub002.pkl-22-2,sub002,,sub002.pkl,7,train,True
sub002.pkl-23-0,sub002.pkl-23-0,sub002,,sub002.pkl,7,train,True
sub002.pkl-23-1,sub002.pkl-23-1,sub002,,sub002.pkl,7,train,True
sub002.pkl-23-2,sub002.pkl-23-2,sub002,,sub002.pkl,7,train,True
sub002.pkl-24-0,sub002.pkl-24-0,sub002,,sub002.pkl,7,train,True
sub002.pkl-24-1,sub002.pkl-24-1,sub002,,sub002.pkl,7,train,True
sub002.pkl-24-2,sub002.pkl-24-2,sub002,,sub002.pkl,7,train,True
sub002.pkl-25-0,sub002.pkl-25-0,sub002,,sub002.pkl,8,train,True
sub002.pkl-25-1,sub002.pkl-25-1,sub002,,sub002.pkl,8,train,True
sub002.pkl-25-2,sub002.pkl-25-2,sub002,,sub002.pkl,8,train,True
sub002.pkl-26-0,sub002.pkl-26-0,sub002,,sub002.pkl,8,train,True
sub002.pkl-26-1,sub002.pkl-26-1,sub002,,sub002.pkl,8,train,True
sub002.pkl-26-2,sub002.pkl-26-2,sub002,,sub002.pkl,8,train,True
sub002.pkl-27-0,sub002.pkl-27-0,sub002,,sub002.pkl,8,train,True
sub002.pkl-27-1,sub002.pkl-27-1,sub002,,sub002.pkl,8,train,True
sub002.pkl-27-2,sub002.pkl-27-2,sub002,,sub002.pkl,8,train,True
sub003.pkl-0-0,sub003.pkl-0-0,sub003,,sub003.pkl,0,train,True
sub003.pkl-0-1,sub003.pkl-0-1,sub003,,sub003.pkl,0,train,True
sub003.pkl-0-2,sub003.pkl-0-2,sub003,,sub003.pkl,0,train,True
sub003.pkl-1-0,sub003.pkl-1-0,sub003,,sub003.pkl,0,train,True
sub003.pkl-1-1,sub003.pkl-1-1,sub003,,sub003.pkl,0,train,True
sub003.pkl-1-2,sub003.pkl-1-2,sub003,,sub003.pkl,0,train,True
sub003.pkl-2-0,sub003.pkl-2-0,sub003,,sub003.pkl,0,train,True
sub003.pkl-2-1,sub003.pkl-2-1,sub003,,sub003.pkl,0,train,True
sub003.pkl-2-2,sub003.pkl-2-2,sub003,,sub003.pkl,0,train,True
sub003.pkl-3-0,sub003.pkl-3-0,sub003,,sub003.pkl,1,train,True
sub003.pkl-3-1,sub003.pkl-3-1,sub003,,sub003.pkl,1,train,True
sub003.pkl-3-2,sub003.pkl-3-2,sub003,,sub003.pkl,1,train,True
sub003.pkl-4-0,sub003.pkl-4-0,sub003,,sub003.pkl,1,train,True
sub003.pkl-4-1,sub003.pkl-4-1,sub003,,sub003.pkl,1,train,True
sub003.pkl-4-2,sub003.pkl-4-2,sub003,,sub003.pkl,1,train,True
sub003.pkl-5-0,sub003.pkl-5-0,sub003,,sub003.pkl,1,train,True
sub003.pkl-5-1,sub003.pkl-5-1,sub003,,sub003.pkl,1,train,True
sub003.pkl-5-2,sub003.pkl-5-2,sub003,,sub003.pkl,1,train,True
sub003.pkl-6-0,sub003.pkl-6-0,sub003,,sub003.pkl,2,train,True
sub003.pkl-6-1,sub003.pkl-6-1,sub003,,sub003.pkl,2,train,True
sub003.pkl-6-2,sub003.pkl-6-2,sub003,,sub003.pkl,2,train,True
sub003.pkl-7-0,sub003.pkl-7-0,sub003,,sub003.pkl,2,train,True
sub003.pkl-7-1,sub003.pkl-7-1,sub003,,sub003.pkl,2,train,True
sub003.pkl-7-2,sub003.pkl-7-2,sub003,,sub003.pkl,2,train,True
sub003.pkl-8-0,sub003.pkl-8-0,sub003,,sub003.pkl,2,train,True
sub003.pkl-8-1,sub003.pkl-8-1,sub003,,sub003.pkl,2,train,True
sub003.pkl-8-2,sub003.pkl-8-2,sub003,,sub003.pkl,2,train,True
sub003.pkl-9-0,sub003.pkl-9-0,sub003,,sub003.pkl,3,train,True
sub003.pkl-9-1,sub003.pkl-9-1,sub003,,sub003.pkl,3,train,True
sub003.pkl-9-2,sub003.pkl-9-2,sub003,,sub003.pkl,3,train,True
sub003.pkl-10-0,sub003.pkl-10-0,sub003,,sub003.pkl,3,train,True
sub003.pkl-10-1,sub003.pkl-10-1,sub003,,sub003.pkl,3,train,True
sub003.pkl-10-2,sub003.pkl-10-2,sub003,,sub003.pkl,3,train,True
sub003.pkl-11-0,sub003.pkl-11-0,sub003,,sub003.pkl,3,train,True
sub003.pkl-11-1,sub003.pkl-11-1,sub003,,sub003.pkl,3,train,True
sub003.pkl-11-2,sub003.pkl-11-2,sub003,,sub003.pkl,3,train,True
sub003.pkl-12-0,sub003.pkl-12-0,sub003,,sub003.pkl,4,train,True
sub003.pkl-12-1,sub003.pkl-12-1,sub003,,sub003.pkl,4,train,True
sub003.pkl-12-2,sub003.pkl-12-2,sub003,,sub003.pkl,4,train,True
sub003.pkl-13-0,sub003.pkl-13-0,sub003,,sub003.pkl,4,train,True
sub003.pkl-13-1,sub003.pkl-13-1,sub003,,sub003.pkl,4,train,True
sub003.pkl-13-2,sub003.pkl-13-2,sub003,,sub003.pkl,4,train,True
sub003.pkl-14-0,sub003.pkl-14-0,sub003,,sub003.pkl,4,train,True
sub003.pkl-14-1,sub003.pkl-14-1,sub003,,sub003.pkl,4,train,True
sub003.pkl-14-2,sub003.pkl-14-2,sub003,,sub003.pkl,4,train,True
sub003.pkl-15-0,sub003.pkl-15-0,sub003,,sub003.pkl,4,train,True
sub003.pkl-15-1,sub003.pkl-15-1,sub003,,sub003.pkl,4,train,True
sub003.pkl-15-2,sub003.pkl-15-2,sub003,,sub003.pkl,4,train,True
sub003.pkl-16-0,sub003.pkl-16-0,sub003,,sub003.pkl,5,train,True
sub003.pkl-16-1,sub003.pkl-16-1,sub003,,sub003.pkl,5,train,True
sub003.pkl-16-2,sub003.pkl-16-2,sub003,,sub003.pkl,5,train,True
sub003.pkl-17-0,sub003.pkl-17-0,sub003,,sub003.pkl,5,train,True
sub003.pkl-17-1,sub003.pkl-17-1,sub003,,sub003.pkl,5,train,True
sub003.pkl-17-2,sub003.pkl-17-2,sub003,,sub003.pkl,5,train,True
sub003.pkl-18-0,sub003.pkl-18-0,sub003,,sub003.pkl,5,train,True
sub003.pkl-18-1,sub003.pkl-18-1,sub003,,sub003.pkl,5,train,True
sub003.pkl-18-2,sub003.pkl-18-2,sub003,,sub003.pkl,5,train,True
sub003.pkl-19-0,sub003.pkl-19-0,sub003,,sub003.pkl,6,train,True
sub003.pkl-19-1,sub003.pkl-19-1,sub003,,sub003.pkl,6,train,True
sub003.pkl-19-2,sub003.pkl-19-2,sub003,,sub003.pkl,6,train,True
sub003.pkl-20-0,sub003.pkl-20-0,sub003,,sub003.pkl,6,train,True
sub003.pkl-20-1,sub003.pkl-20-1,sub003,,sub003.pkl,6,train,True
sub003.pkl-20-2,sub003.pkl-20-2,sub003,,sub003.pkl,6,train,True
sub003.pkl-21-0,sub003.pkl-21-0,sub003,,sub003.pkl,6,train,True
sub003.pkl-21-1,sub003.pkl-21-1,sub003,,sub003.pkl,6,train,True
sub003.pkl-21-2,sub003.pkl-21-2,sub003,,sub003.pkl,6,train,True
sub003.pkl-22-0,sub003.pkl-22-0,sub003,,sub003.pkl,7,train,True
sub003.pkl-22-1,sub003.pkl-22-1,sub003,,sub003.pkl,7,train,True
sub003.pkl-22-2,sub003.pkl-22-2,sub003,,sub003.pkl,7,train,True
sub003.pkl-23-0,sub003.pkl-23-0,sub003,,sub003.pkl,7,train,True
sub003.pkl-23-1,sub003.pkl-23-1,sub003,,sub003.pkl,7,train,True
sub003.pkl-23-2,sub003.pkl-23-2,sub003,,sub003.pkl,7,train,True
sub003.pkl-24-0,sub003.pkl-24-0,sub003,,sub003.pkl,7,train,True
sub003.pkl-24-1,sub003.pkl-24-1,sub003,,sub003.pkl,7,train,True
sub003.pkl-24-2,sub003.pkl-24-2,sub003,,sub003.pkl,7,train,True
sub003.pkl-25-0,sub003.pkl-25-0,sub003,,sub003.pkl,8,train,True
sub003.pkl-25-1,sub003.pkl-25-1,sub003,,sub003.pkl,8,train,True
sub003.pkl-25-2,sub003.pkl-25-2,sub003,,sub003.pkl,8,train,True
sub003.pkl-26-0,sub003.pkl-26-0,sub003,,sub003.pkl,8,train,True
sub003.pkl-26-1,sub003.pkl-26-1,sub003,,sub003.pkl,8,train,True
sub003.pkl-26-2,sub003.pkl-26-2,sub003,,sub003.pkl,8,train,True
sub003.pkl-27-0,sub003.pkl-27-0,sub003,,sub003.pkl,8,train,True
sub003.pkl-27-1,sub003.pkl-27-1,sub003,,sub003.pkl,8,train,True
sub003.pkl-27-2,sub003.pkl-27-2,sub003,,sub003.pkl,8,train,True
sub004.pkl-0-0,sub004.pkl-0-0,sub004,,sub004.pkl,0,train,True
sub004.pkl-0-1,sub004.pkl-0-1,sub004,,sub004.pkl,0,train,True
sub004.pkl-0-2,sub004.pkl-0-2,sub004,,sub004.pkl,0,train,True
sub004.pkl-1-0,sub004.pkl-1-0,sub004,,sub004.pkl,0,train,True
sub004.pkl-1-1,sub004.pkl-1-1,sub004,,sub004.pkl,0,train,True
sub004.pkl-1-2,sub004.pkl-1-2,sub004,,sub004.pkl,0,train,True
sub004.pkl-2-0,sub004.pkl-2-0,sub004,,sub004.pkl,0,train,True
sub004.pkl-2-1,sub004.pkl-2-1,sub004,,sub004.pkl,0,train,True
sub004.pkl-2-2,sub004.pkl-2-2,sub004,,sub004.pkl,0,train,True
sub004.pkl-3-0,sub004.pkl-3-0,sub004,,sub004.pkl,1,train,True
sub004.pkl-3-1,sub004.pkl-3-1,sub004,,sub004.pkl,1,train,True
sub004.pkl-3-2,sub004.pkl-3-2,sub004,,sub004.pkl,1,train,True
sub004.pkl-4-0,sub004.pkl-4-0,sub004,,sub004.pkl,1,train,True
sub004.pkl-4-1,sub004.pkl-4-1,sub004,,sub004.pkl,1,train,True
sub004.pkl-4-2,sub004.pkl-4-2,sub004,,sub004.pkl,1,train,True
sub004.pkl-5-0,sub004.pkl-5-0,sub004,,sub004.pkl,1,train,True
sub004.pkl-5-1,sub004.pkl-5-1,sub004,,sub004.pkl,1,train,True
sub004.pkl-5-2,sub004.pkl-5-2,sub004,,sub004.pkl,1,train,True
sub004.pkl-6-0,sub004.pkl-6-0,sub004,,sub004.pkl,2,train,True
sub004.pkl-6-1,sub004.pkl-6-1,sub004,,sub004.pkl,2,train,True
sub004.pkl-6-2,sub004.pkl-6-2,sub004,,sub004.pkl,2,train,True
sub004.pkl-7-0,sub004.pkl-7-0,sub004,,sub004.pkl,2,train,True
sub004.pkl-7-1,sub004.pkl-7-1,sub004,,sub004.pkl,2,train,True
sub004.pkl-7-2,sub004.pkl-7-2,sub004,,sub004.pkl,2,train,True
sub004.pkl-8-0,sub004.pkl-8-0,sub004,,sub004.pkl,2,train,True
sub004.pkl-8-1,sub004.pkl-8-1,sub004,,sub004.pkl,2,train,True
sub004.pkl-8-2,sub004.pkl-8-2,sub004,,sub004.pkl,2,train,True
sub004.pkl-9-0,sub004.pkl-9-0,sub004,,sub004.pkl,3,train,True
sub004.pkl-9-1,sub004.pkl-9-1,sub004,,sub004.pkl,3,train,True
sub004.pkl-9-2,sub004.pkl-9-2,sub004,,sub004.pkl,3,train,True
sub004.pkl-10-0,sub004.pkl-10-0,sub004,,sub004.pkl,3,train,True
sub004.pkl-10-1,sub004.pkl-10-1,sub004,,sub004.pkl,3,train,True
sub004.pkl-10-2,sub004.pkl-10-2,sub004,,sub004.pkl,3,train,True
sub004.pkl-11-0,sub004.pkl-11-0,sub004,,sub004.pkl,3,train,True
sub004.pkl-11-1,sub004.pkl-11-1,sub004,,sub004.pkl,3,train,True
sub004.pkl-11-2,sub004.pkl-11-2,sub004,,sub004.pkl,3,train,True
sub004.pkl-12-0,sub004.pkl-12-0,sub004,,sub004.pkl,4,train,True
sub004.pkl-12-1,sub004.pkl-12-1,sub004,,sub004.pkl,4,train,True
sub004.pkl-12-2,sub004.pkl-12-2,sub004,,sub004.pkl,4,train,True
sub004.pkl-13-0,sub004.pkl-13-0,sub004,,sub004.pkl,4,train,True
sub004.pkl-13-1,sub004.pkl-13-1,sub004,,sub004.pkl,4,train,True
sub004.pkl-13-2,sub004.pkl-13-2,sub004,,sub004.pkl,4,train,True
sub004.pkl-14-0,sub004.pkl-14-0,sub004,,sub004.pkl,4,train,True
sub004.pkl-14-1,sub004.pkl-14-1,sub004,,sub004.pkl,4,train,True
sub004.pkl-14-2,sub004.pkl-14-2,sub004,,sub004.pkl,4,train,True
sub004.pkl-15-0,sub004.pkl-15-0,sub004,,sub004.pkl,4,train,True
sub004.pkl-15-1,sub004.pkl-15-1,sub004,,sub004.pkl,4,train,True
sub004.pkl-15-2,sub004.pkl-15-2,sub004,,sub004.pkl,4,train,True
sub004.pkl-16-0,sub004.pkl-16-0,sub004,,sub004.pkl,5,train,True
sub004.pkl-16-1,sub004.pkl-16-1,sub004,,sub004.pkl,5,train,True
sub004.pkl-16-2,sub004.pkl-16-2,sub004,,sub004.pkl,5,train,True
sub004.pkl-17-0,sub004.pkl-17-0,sub004,,sub004.pkl,5,train,True
sub004.pkl-17-1,sub004.pkl-17-1,sub004,,sub004.pkl,5,train,True
sub004.pkl-17-2,sub004.pkl-17-2,sub004,,sub004.pkl,5,train,True
sub004.pkl-18-0,sub004.pkl-18-0,sub004,,sub004.pkl,5,train,True
sub004.pkl-18-1,sub004.pkl-18-1,sub004,,sub004.pkl,5,train,True
sub004.pkl-18-2,sub004.pkl-18-2,sub004,,sub004.pkl,5,train,True
sub004.pkl-19-0,sub004.pkl-19-0,sub004,,sub004.pkl,6,train,True
sub004.pkl-19-1,sub004.pkl-19-1,sub004,,sub004.pkl,6,train,True
sub004.pkl-19-2,sub004.pkl-19-2,sub004,,sub004.pkl,6,train,True
sub004.pkl-20-0,sub004.pkl-20-0,sub004,,sub004.pkl,6,train,True
sub004.pkl-20-1,sub004.pkl-20-1,sub004,,sub004.pkl,6,train,True
sub004.pkl-20-2,sub004.pkl-20-2,sub004,,sub004.pkl,6,train,True
sub004.pkl-21-0,sub004.pkl-21-0,sub004,,sub004.pkl,6,train,True
sub004.pkl-21-1,sub004.pkl-21-1,sub004,,sub004.pkl,6,train,True
sub004.pkl-21-2,sub004.pkl-21-2,sub004,,sub004.pkl,6,train,True
sub004.pkl-22-0,sub004.pkl-22-0,sub004,,sub004.pkl,7,train,True
sub004.pkl-22-1,sub004.pkl-22-1,sub004,,sub004.pkl,7,train,True
sub004.pkl-22-2,sub004.pkl-22-2,sub004,,sub004.pkl,7,train,True
sub004.pkl-23-0,sub004.pkl-23-0,sub004,,sub004.pkl,7,train,True
sub004.pkl-23-1,sub004.pkl-23-1,sub004,,sub004.pkl,7,train,True
sub004.pkl-23-2,sub004.pkl-23-2,sub004,,sub004.pkl,7,train,True
sub004.pkl-24-0,sub004.pkl-24-0,sub004,,sub004.pkl,7,train,True
sub004.pkl-24-1,sub004.pkl-24-1,sub004,,sub004.pkl,7,train,True
sub004.pkl-24-2,sub004.pkl-24-2,sub004,,sub004.pkl,7,train,True
sub004.pkl-25-0,sub004.pkl-25-0,sub004,,sub004.pkl,8,train,True
sub004.pkl-25-1,sub004.pkl-25-1,sub004,,sub004.pkl,8,train,True
sub004.pkl-25-2,sub004.pkl-25-2,sub004,,sub004.pkl,8,train,True
sub004.pkl-26-0,sub004.pkl-26-0,sub004,,sub004.pkl,8,train,True
sub004.pkl-26-1,sub004.pkl-26-1,sub004,,sub004.pkl,8,train,True
sub004.pkl-26-2,sub004.pkl-26-2,sub004,,sub004.pkl,8,train,True
sub004.pkl-27-0,sub004.pkl-27-0,sub004,,sub004.pkl,8,train,True
sub004.pkl-27-1,sub004.pkl-27-1,sub004,,sub004.pkl,8,train,True
sub004.pkl-27-2,sub004.pkl-27-2,sub004,,sub004.pkl,8,train,True
sub005.pkl-0-0,sub005.pkl-0-0,sub005,,sub005.pkl,0,train,True
sub005.pkl-0-1,sub005.pkl-0-1,sub005,,sub005.pkl,0,train,True
sub005.pkl-0-2,sub005.pkl-0-2,sub005,,sub005.pkl,0,train,True
sub005.pkl-1-0,sub005.pkl-1-0,sub005,,sub005.pkl,0,train,True
sub005.pkl-1-1,sub005.pkl-1-1,sub005,,sub005.pkl,0,train,True
sub005.pkl-1-2,sub005.pkl-1-2,sub005,,sub005.pkl,0,train,True
sub005.pkl-2-0,sub005.pkl-2-0,sub005,,sub005.pkl,0,train,True
sub005.pkl-2-1,sub005.pkl-2-1,sub005,,sub005.pkl,0,train,True
sub005.pkl-2-2,sub005.pkl-2-2,sub005,,sub005.pkl,0,train,True
sub005.pkl-3-0,sub005.pkl-3-0,sub005,,sub005.pkl,1,train,True
sub005.pkl-3-1,sub005.pkl-3-1,sub005,,sub005.pkl,1,train,True
sub005.pkl-3-2,sub005.pkl-3-2,sub005,,sub005.pkl,1,train,True
sub005.pkl-4-0,sub005.pkl-4-0,sub005,,sub005.pkl,1,train,True
sub005.pkl-4-1,sub005.pkl-4-1,sub005,,sub005.pkl,1,train,True
sub005.pkl-4-2,sub005.pkl-4-2,sub005,,sub005.pkl,1,train,True
sub005.pkl-5-0,sub005.pkl-5-0,sub005,,sub005.pkl,1,train,True
sub005.pkl-5-1,sub005.pkl-5-1,sub005,,sub005.pkl,1,train,True
sub005.pkl-5-2,sub005.pkl-5-2,sub005,,sub005.pkl,1,train,True
sub005.pkl-6-0,sub005.pkl-6-0,sub005,,sub005.pkl,2,train,True
sub005.pkl-6-1,sub005.pkl-6-1,sub005,,sub005.pkl,2,train,True
sub005.pkl-6-2,sub005.pkl-6-2,sub005,,sub005.pkl,2,train,True
sub005.pkl-7-0,sub005.pkl-7-0,sub005,,sub005.pkl,2,train,True
sub005.pkl-7-1,sub005.pkl-7-1,sub005,,sub005.pkl,2,train,True
sub005.pkl-7-2,sub005.pkl-7-2,sub005,,sub005.pkl,2,train,True
sub005.pkl-8-0,sub005.pkl-8-0,sub005,,sub005.pkl,2,train,True
sub005.pkl-8-1,sub005.pkl-8-1,sub005,,sub005.pkl,2,train,True
sub005.pkl-8-2,sub005.pkl-8-2,sub005,,sub005.pkl,2,train,True
sub005.pkl-9-0,sub005.pkl-9-0,sub005,,sub005.pkl,3,train,True
sub005.pkl-9-1,sub005.pkl-9-1,sub005,,sub005.pkl,3,train,True
sub005.pkl-9-2,sub005.pkl-9-2,sub005,,sub005.pkl,3,train,True
sub005.pkl-10-0,sub005.pkl-10-0,sub005,,sub005.pkl,3,train,True
sub005.pkl-10-1,sub005.pkl-10-1,sub005,,sub005.pkl,3,train,True
sub005.pkl-10-2,sub005.pkl-10-2,sub005,,sub005.pkl,3,train,True
sub005.pkl-11-0,sub005.pkl-11-0,sub005,,sub005.pkl,3,train,True
sub005.pkl-11-1,sub005.pkl-11-1,sub005,,sub005.pkl,3,train,True
sub005.pkl-11-2,sub005.pkl-11-2,sub005,,sub005.pkl,3,train,True
sub005.pkl-12-0,sub005.pkl-12-0,sub005,,sub005.pkl,4,train,True
sub005.pkl-12-1,sub005.pkl-12-1,sub005,,sub005.pkl,4,train,True
sub005.pkl-12-2,sub005.pkl-12-2,sub005,,sub005.pkl,4,train,True
sub005.pkl-13-0,sub005.pkl-13-0,sub005,,sub005.pkl,4,train,True
sub005.pkl-13-1,sub005.pkl-13-1,sub005,,sub005.pkl,4,train,True
sub005.pkl-13-2,sub005.pkl-13-2,sub005,,sub005.pkl,4,train,True
sub005.pkl-14-0,sub005.pkl-14-0,sub005,,sub005.pkl,4,train,True
sub005.pkl-14-1,sub005.pkl-14-1,sub005,,sub005.pkl,4,train,True
sub005.pkl-14-2,sub005.pkl-14-2,sub005,,sub005.pkl,4,train,True
sub005.pkl-15-0,sub005.pkl-15-0,sub005,,sub005.pkl,4,train,True
sub005.pkl-15-1,sub005.pkl-15-1,sub005,,sub005.pkl,4,train,True
sub005.pkl-15-2,sub005.pkl-15-2,sub005,,sub005.pkl,4,train,True
sub005.pkl-16-0,sub005.pkl-16-0,sub005,,sub005.pkl,5,train,True
sub005.pkl-16-1,sub005.pkl-16-1,sub005,,sub005.pkl,5,train,True
sub005.pkl-16-2,sub005.pkl-16-2,sub005,,sub005.pkl,5,train,True
sub005.pkl-17-0,sub005.pkl-17-0,sub005,,sub005.pkl,5,train,True
sub005.pkl-17-1,sub005.pkl-17-1,sub005,,sub005.pkl,5,train,True
sub005.pkl-17-2,sub005.pkl-17-2,sub005,,sub005.pkl,5,train,True
sub005.pkl-18-0,sub005.pkl-18-0,sub005,,sub005.pkl,5,train,True
sub005.pkl-18-1,sub005.pkl-18-1,sub005,,sub005.pkl,5,train,True
sub005.pkl-18-2,sub005.pkl-18-2,sub005,,sub005.pkl,5,train,True
sub005.pkl-19-0,sub005.pkl-19-0,sub005,,sub005.pkl,6,train,True
sub005.pkl-19-1,sub005.pkl-19-1,sub005,,sub005.pkl,6,train,True
sub005.pkl-19-2,sub005.pkl-19-2,sub005,,sub005.pkl,6,train,True
sub005.pkl-20-0,sub005.pkl-20-0,sub005,,sub005.pkl,6,train,True
sub005.pkl-20-1,sub005.pkl-20-1,sub005,,sub005.pkl,6,train,True
sub005.pkl-20-2,sub005.pkl-20-2,sub005,,sub005.pkl,6,train,True
sub005.pkl-21-0,sub005.pkl-21-0,sub005,,sub005.pkl,6,train,True
sub005.pkl-21-1,sub005.pkl-21-1,sub005,,sub005.pkl,6,train,True
sub005.pkl-21-2,sub005.pkl-21-2,sub005,,sub005.pkl,6,train,True
sub005.pkl-22-0,sub005.pkl-22-0,sub005,,sub005.pkl,7,train,True
sub005.pkl-22-1,sub005.pkl-22-1,sub005,,sub005.pkl,7,train,True
sub005.pkl-22-2,sub005.pkl-22-2,sub005,,sub005.pkl,7,train,True
sub005.pkl-23-0,sub005.pkl-23-0,sub005,,sub005.pkl,7,train,True
sub005.pkl-23-1,sub005.pkl-23-1,sub005,,sub005.pkl,7,train,True
sub005.pkl-23-2,sub005.pkl-23-2,sub005,,sub005.pkl,7,train,True
sub005.pkl-24-0,sub005.pkl-24-0,sub005,,sub005.pkl,7,train,True
sub005.pkl-24-1,sub005.pkl-24-1,sub005,,sub005.pkl,7,train,True
sub005.pkl-24-2,sub005.pkl-24-2,sub005,,sub005.pkl,7,train,True
sub005.pkl-25-0,sub005.pkl-25-0,sub005,,sub005.pkl,8,train,True
sub005.pkl-25-1,sub005.pkl-25-1,sub005,,sub005.pkl,8,train,True
sub005.pkl-25-2,sub005.pkl-25-2,sub005,,sub005.pkl,8,train,True
sub005.pkl-26-0,sub005.pkl-26-0,sub005,,sub005.pkl,8,train,True
sub005.pkl-26-1,sub005.pkl-26-1,sub005,,sub005.pkl,8,train,True
sub005.pkl-26-2,sub005.pkl-26-2,sub005,,sub005.pkl,8,train,True
sub005.pkl-27-0,sub005.pkl-27-0,sub005,,sub005.pkl,8,train,True
sub005.pkl-27-1,sub005.pkl-27-1,sub005,,sub005.pkl,8,train,True
sub005.pkl-27-2,sub005.pkl-27-2,sub005,,sub005.pkl,8,train,True
sub006.pkl-0-0,sub006.pkl-0-0,sub006,,sub006.pkl,0,train,True
sub006.pkl-0-1,sub006.pkl-0-1,sub006,,sub006.pkl,0,train,True
sub006.pkl-0-2,sub006.pkl-0-2,sub006,,sub006.pkl,0,train,True
sub006.pkl-1-0,sub006.pkl-1-0,sub006,,sub006.pkl,0,train,True
sub006.pkl-1-1,sub006.pkl-1-1,sub006,,sub006.pkl,0,train,True
sub006.pkl-1-2,sub006.pkl-1-2,sub006,,sub006.pkl,0,train,True
sub006.pkl-2-0,sub006.pkl-2-0,sub006,,sub006.pkl,0,train,True
sub006.pkl-2-1,sub006.pkl-2-1,sub006,,sub006.pkl,0,train,True
sub006.pkl-2-2,sub006.pkl-2-2,sub006,,sub006.pkl,0,train,True
sub006.pkl-3-0,sub006.pkl-3-0,sub006,,sub006.pkl,1,train,True
sub006.pkl-3-1,sub006.pkl-3-1,sub006,,sub006.pkl,1,train,True
sub006.pkl-3-2,sub006.pkl-3-2,sub006,,sub006.pkl,1,train,True
sub006.pkl-4-0,sub006.pkl-4-0,sub006,,sub006.pkl,1,train,True
sub006.pkl-4-1,sub006.pkl-4-1,sub006,,sub006.pkl,1,train,True
sub006.pkl-4-2,sub006.pkl-4-2,sub006,,sub006.pkl,1,train,True
sub006.pkl-5-0,sub006.pkl-5-0,sub006,,sub006.pkl,1,train,True
sub006.pkl-5-1,sub006.pkl-5-1,sub006,,sub006.pkl,1,train,True
sub006.pkl-5-2,sub006.pkl-5-2,sub006,,sub006.pkl,1,train,True
sub006.pkl-6-0,sub006.pkl-6-0,sub006,,sub006.pkl,2,train,True
sub006.pkl-6-1,sub006.pkl-6-1,sub006,,sub006.pkl,2,train,True
sub006.pkl-6-2,sub006.pkl-6-2,sub006,,sub006.pkl,2,train,True
sub006.pkl-7-0,sub006.pkl-7-0,sub006,,sub006.pkl,2,train,True
sub006.pkl-7-1,sub006.pkl-7-1,sub006,,sub006.pkl,2,train,True
sub006.pkl-7-2,sub006.pkl-7-2,sub006,,sub006.pkl,2,train,True
sub006.pkl-8-0,sub006.pkl-8-0,sub006,,sub006.pkl,2,train,True
sub006.pkl-8-1,sub006.pkl-8-1,sub006,,sub006.pkl,2,train,True
sub006.pkl-8-2,sub006.pkl-8-2,sub006,,sub006.pkl,2,train,True
sub006.pkl-9-0,sub006.pkl-9-0,sub006,,sub006.pkl,3,train,True
sub006.pkl-9-1,sub006.pkl-9-1,sub006,,sub006.pkl,3,train,True
sub006.pkl-9-2,sub006.pkl-9-2,sub006,,sub006.pkl,3,train,True
sub006.pkl-10-0,sub006.pkl-10-0,sub006,,sub006.pkl,3,train,True
sub006.pkl-10-1,sub006.pkl-10-1,sub006,,sub006.pkl,3,train,True
sub006.pkl-10-2,sub006.pkl-10-2,sub006,,sub006.pkl,3,train,True
sub006.pkl-11-0,sub006.pkl-11-0,sub006,,sub006.pkl,3,train,True
sub006.pkl-11-1,sub006.pkl-11-1,sub006,,sub006.pkl,3,train,True
sub006.pkl-11-2,sub006.pkl-11-2,sub006,,sub006.pkl,3,train,True
sub006.pkl-12-0,sub006.pkl-12-0,sub006,,sub006.pkl,4,train,True
sub006.pkl-12-1,sub006.pkl-12-1,sub006,,sub006.pkl,4,train,True
sub006.pkl-12-2,sub006.pkl-12-2,sub006,,sub006.pkl,4,train,True
sub006.pkl-13-0,sub006.pkl-13-0,sub006,,sub006.pkl,4,train,True
sub006.pkl-13-1,sub006.pkl-13-1,sub006,,sub006.pkl,4,train,True
sub006.pkl-13-2,sub006.pkl-13-2,sub006,,sub006.pkl,4,train,True
sub006.pkl-14-0,sub006.pkl-14-0,sub006,,sub006.pkl,4,train,True
sub006.pkl-14-1,sub006.pkl-14-1,sub006,,sub006.pkl,4,train,True
sub006.pkl-14-2,sub006.pkl-14-2,sub006,,sub006.pkl,4,train,True
sub006.pkl-15-0,sub006.pkl-15-0,sub006,,sub006.pkl,4,train,True
sub006.pkl-15-1,sub006.pkl-15-1,sub006,,sub006.pkl,4,train,True
sub006.pkl-15-2,sub006.pkl-15-2,sub006,,sub006.pkl,4,train,True
sub006.pkl-16-0,sub006.pkl-16-0,sub006,,sub006.pkl,5,train,True
sub006.pkl-16-1,sub006.pkl-16-1,sub006,,sub006.pkl,5,train,True
sub006.pkl-16-2,sub006.pkl-16-2,sub006,,sub006.pkl,5,train,True
sub006.pkl-17-0,sub006.pkl-17-0,sub006,,sub006.pkl,5,train,True
sub006.pkl-17-1,sub006.pkl-17-1,sub006,,sub006.pkl,5,train,True
sub006.pkl-17-2,sub006.pkl-17-2,sub006,,sub006.pkl,5,train,True
sub006.pkl-18-0,sub006.pkl-18-0,sub006,,sub006.pkl,5,train,True
sub006.pkl-18-1,sub006.pkl-18-1,sub006,,sub006.pkl,5,train,True
sub006.pkl-18-2,sub006.pkl-18-2,sub006,,sub006.pkl,5,train,True
sub006.pkl-19-0,sub006.pkl-19-0,sub006,,sub006.pkl,6,train,True
sub006.pkl-19-1,sub006.pkl-19-1,sub006,,sub006.pkl,6,train,True
sub006.pkl-19-2,sub006.pkl-19-2,sub006,,sub006.pkl,6,train,True
sub006.pkl-20-0,sub006.pkl-20-0,sub006,,sub006.pkl,6,train,True
sub006.pkl-20-1,sub006.pkl-20-1,sub006,,sub006.pkl,6,train,True
sub006.pkl-20-2,sub006.pkl-20-2,sub006,,sub006.pkl,6,train,True
sub006.pkl-21-0,sub006.pkl-21-0,sub006,,sub006.pkl,6,train,True
sub006.pkl-21-1,sub006.pkl-21-1,sub006,,sub006.pkl,6,train,True
sub006.pkl-21-2,sub006.pkl-21-2,sub006,,sub006.pkl,6,train,True
sub006.pkl-22-0,sub006.pkl-22-0,sub006,,sub006.pkl,7,train,True
sub006.pkl-22-1,sub006.pkl-22-1,sub006,,sub006.pkl,7,train,True
sub006.pkl-22-2,sub006.pkl-22-2,sub006,,sub006.pkl,7,train,True
sub006.pkl-23-0,sub006.pkl-23-0,sub006,,sub006.pkl,7,train,True
sub006.pkl-23-1,sub006.pkl-23-1,sub006,,sub006.pkl,7,train,True
sub006.pkl-23-2,sub006.pkl-23-2,sub006,,sub006.pkl,7,train,True
sub006.pkl-24-0,sub006.pkl-24-0,sub006,,sub006.pkl,7,train,True
sub006.pkl-24-1,sub006.pkl-24-1,sub006,,sub006.pkl,7,train,True
sub006.pkl-24-2,sub006.pkl-24-2,sub006,,sub006.pkl,7,train,True
sub006.pkl-25-0,sub006.pkl-25-0,sub006,,sub006.pkl,8,train,True
sub006.pkl-25-1,sub006.pkl-25-1,sub006,,sub006.pkl,8,train,True
sub006.pkl-25-2,sub006.pkl-25-2,sub006,,sub006.pkl,8,train,True
sub006.pkl-26-0,sub006.pkl-26-0,sub006,,sub006.pkl,8,train,True
sub006.pkl-26-1,sub006.pkl-26-1,sub006,,sub006.pkl,8,train,True
sub006.pkl-26-2,sub006.pkl-26-2,sub006,,sub006.pkl,8,train,True
sub006.pkl-27-0,sub006.pkl-27-0,sub006,,sub006.pkl,8,train,True
sub006.pkl-27-1,sub006.pkl-27-1,sub006,,sub006.pkl,8,train,True
sub006.pkl-27-2,sub006.pkl-27-2,sub006,,sub006.pkl,8,train,True
sub007.pkl-0-0,sub007.pkl-0-0,sub007,,sub007.pkl,0,train,True
sub007.pkl-0-1,sub007.pkl-0-1,sub007,,sub007.pkl,0,train,True
sub007.pkl-0-2,sub007.pkl-0-2,sub007,,sub007.pkl,0,train,True
sub007.pkl-1-0,sub007.pkl-1-0,sub007,,sub007.pkl,0,train,True
sub007.pkl-1-1,sub007.pkl-1-1,sub007,,sub007.pkl,0,train,True
sub007.pkl-1-2,sub007.pkl-1-2,sub007,,sub007.pkl,0,train,True
sub007.pkl-2-0,sub007.pkl-2-0,sub007,,sub007.pkl,0,train,True
sub007.pkl-2-1,sub007.pkl-2-1,sub007,,sub007.pkl,0,train,True
sub007.pkl-2-2,sub007.pkl-2-2,sub007,,sub007.pkl,0,train,True
sub007.pkl-3-0,sub007.pkl-3-0,sub007,,sub007.pkl,1,train,True
sub007.pkl-3-1,sub007.pkl-3-1,sub007,,sub007.pkl,1,train,True
sub007.pkl-3-2,sub007.pkl-3-2,sub007,,sub007.pkl,1,train,True
sub007.pkl-4-0,sub007.pkl-4-0,sub007,,sub007.pkl,1,train,True
sub007.pkl-4-1,sub007.pkl-4-1,sub007,,sub007.pkl,1,train,True
sub007.pkl-4-2,sub007.pkl-4-2,sub007,,sub007.pkl,1,train,True
sub007.pkl-5-0,sub007.pkl-5-0,sub007,,sub007.pkl,1,train,True
sub007.pkl-5-1,sub007.pkl-5-1,sub007,,sub007.pkl,1,train,True
sub007.pkl-5-2,sub007.pkl-5-2,sub007,,sub007.pkl,1,train,True
sub007.pkl-6-0,sub007.pkl-6-0,sub007,,sub007.pkl,2,train,True
sub007.pkl-6-1,sub007.pkl-6-1,sub007,,sub007.pkl,2,train,True
sub007.pkl-6-2,sub007.pkl-6-2,sub007,,sub007.pkl,2,train,True
sub007.pkl-7-0,sub007.pkl-7-0,sub007,,sub007.pkl,2,train,True
sub007.pkl-7-1,sub007.pkl-7-1,sub007,,sub007.pkl,2,train,True
sub007.pkl-7-2,sub007.pkl-7-2,sub007,,sub007.pkl,2,train,True
sub007.pkl-8-0,sub007.pkl-8-0,sub007,,sub007.pkl,2,train,True
sub007.pkl-8-1,sub007.pkl-8-1,sub007,,sub007.pkl,2,train,True
sub007.pkl-8-2,sub007.pkl-8-2,sub007,,sub007.pkl,2,train,True
sub007.pkl-9-0,sub007.pkl-9-0,sub007,,sub007.pkl,3,train,True
sub007.pkl-9-1,sub007.pkl-9-1,sub007,,sub007.pkl,3,train,True
sub007.pkl-9-2,sub007.pkl-9-2,sub007,,sub007.pkl,3,train,True
sub007.pkl-10-0,sub007.pkl-10-0,sub007,,sub007.pkl,3,train,True
sub007.pkl-10-1,sub007.pkl-10-1,sub007,,sub007.pkl,3,train,True
sub007.pkl-10-2,sub007.pkl-10-2,sub007,,sub007.pkl,3,train,True
sub007.pkl-11-0,sub007.pkl-11-0,sub007,,sub007.pkl,3,train,True
sub007.pkl-11-1,sub007.pkl-11-1,sub007,,sub007.pkl,3,train,True
sub007.pkl-11-2,sub007.pkl-11-2,sub007,,sub007.pkl,3,train,True
sub007.pkl-12-0,sub007.pkl-12-0,sub007,,sub007.pkl,4,train,True
sub007.pkl-12-1,sub007.pkl-12-1,sub007,,sub007.pkl,4,train,True
sub007.pkl-12-2,sub007.pkl-12-2,sub007,,sub007.pkl,4,train,True
sub007.pkl-13-0,sub007.pkl-13-0,sub007,,sub007.pkl,4,train,True
sub007.pkl-13-1,sub007.pkl-13-1,sub007,,sub007.pkl,4,train,True
sub007.pkl-13-2,sub007.pkl-13-2,sub007,,sub007.pkl,4,train,True
sub007.pkl-14-0,sub007.pkl-14-0,sub007,,sub007.pkl,4,train,True
sub007.pkl-14-1,sub007.pkl-14-1,sub007,,sub007.pkl,4,train,True
sub007.pkl-14-2,sub007.pkl-14-2,sub007,,sub007.pkl,4,train,True
sub007.pkl-15-0,sub007.pkl-15-0,sub007,,sub007.pkl,4,train,True
sub007.pkl-15-1,sub007.pkl-15-1,sub007,,sub007.pkl,4,train,True
sub007.pkl-15-2,sub007.pkl-15-2,sub007,,sub007.pkl,4,train,True
sub007.pkl-16-0,sub007.pkl-16-0,sub007,,sub007.pkl,5,train,True
sub007.pkl-16-1,sub007.pkl-16-1,sub007,,sub007.pkl,5,train,True
sub007.pkl-16-2,sub007.pkl-16-2,sub007,,sub007.pkl,5,train,True
sub007.pkl-17-0,sub007.pkl-17-0,sub007,,sub007.pkl,5,train,True
sub007.pkl-17-1,sub007.pkl-17-1,sub007,,sub007.pkl,5,train,True
sub007.pkl-17-2,sub007.pkl-17-2,sub007,,sub007.pkl,5,train,True
sub007.pkl-18-0,sub007.pkl-18-0,sub007,,sub007.pkl,5,train,True
sub007.pkl-18-1,sub007.pkl-18-1,sub007,,sub007.pkl,5,train,True
sub007.pkl-18-2,sub007.pkl-18-2,sub007,,sub007.pkl,5,train,True
sub007.pkl-19-0,sub007.pkl-19-0,sub007,,sub007.pkl,6,train,True
sub007.pkl-19-1,sub007.pkl-19-1,sub007,,sub007.pkl,6,train,True
sub007.pkl-19-2,sub007.pkl-19-2,sub007,,sub007.pkl,6,train,True
sub007.pkl-20-0,sub007.pkl-20-0,sub007,,sub007.pkl,6,train,True
sub007.pkl-20-1,sub007.pkl-20-1,sub007,,sub007.pkl,6,train,True
sub007.pkl-20-2,sub007.pkl-20-2,sub007,,sub007.pkl,6,train,True
sub007.pkl-21-0,sub007.pkl-21-0,sub007,,sub007.pkl,6,train,True
sub007.pkl-21-1,sub007.pkl-21-1,sub007,,sub007.pkl,6,train,True
sub007.pkl-21-2,sub007.pkl-21-2,sub007,,sub007.pkl,6,train,True
sub007.pkl-22-0,sub007.pkl-22-0,sub007,,sub007.pkl,7,train,True
sub007.pkl-22-1,sub007.pkl-22-1,sub007,,sub007.pkl,7,train,True
sub007.pkl-22-2,sub007.pkl-22-2,sub007,,sub007.pkl,7,train,True
sub007.pkl-23-0,sub007.pkl-23-0,sub007,,sub007.pkl,7,train,True
sub007.pkl-23-1,sub007.pkl-23-1,sub007,,sub007.pkl,7,train,True
sub007.pkl-23-2,sub007.pkl-23-2,sub007,,sub007.pkl,7,train,True
sub007.pkl-24-0,sub007.pkl-24-0,sub007,,sub007.pkl,7,train,True
sub007.pkl-24-1,sub007.pkl-24-1,sub007,,sub007.pkl,7,train,True
sub007.pkl-24-2,sub007.pkl-24-2,sub007,,sub007.pkl,7,train,True
sub007.pkl-25-0,sub007.pkl-25-0,sub007,,sub007.pkl,8,train,True
sub007.pkl-25-1,sub007.pkl-25-1,sub007,,sub007.pkl,8,train,True
sub007.pkl-25-2,sub007.pkl-25-2,sub007,,sub007.pkl,8,train,True
sub007.pkl-26-0,sub007.pkl-26-0,sub007,,sub007.pkl,8,train,True
sub007.pkl-26-1,sub007.pkl-26-1,sub007,,sub007.pkl,8,train,True
sub007.pkl-26-2,sub007.pkl-26-2,sub007,,sub007.pkl,8,train,True
sub007.pkl-27-0,sub007.pkl-27-0,sub007,,sub007.pkl,8,train,True
sub007.pkl-27-1,sub007.pkl-27-1,sub007,,sub007.pkl,8,train,True
sub007.pkl-27-2,sub007.pkl-27-2,sub007,,sub007.pkl,8,train,True
sub008.pkl-0-0,sub008.pkl-0-0,sub008,,sub008.pkl,0,train,True
sub008.pkl-0-1,sub008.pkl-0-1,sub008,,sub008.pkl,0,train,True
sub008.pkl-0-2,sub008.pkl-0-2,sub008,,sub008.pkl,0,train,True
sub008.pkl-1-0,sub008.pkl-1-0,sub008,,sub008.pkl,0,train,True
sub008.pkl-1-1,sub008.pkl-1-1,sub008,,sub008.pkl,0,train,True
sub008.pkl-1-2,sub008.pkl-1-2,sub008,,sub008.pkl,0,train,True
sub008.pkl-2-0,sub008.pkl-2-0,sub008,,sub008.pkl,0,train,True
sub008.pkl-2-1,sub008.pkl-2-1,sub008,,sub008.pkl,0,train,True
sub008.pkl-2-2,sub008.pkl-2-2,sub008,,sub008.pkl,0,train,True
sub008.pkl-3-0,sub008.pkl-3-0,sub008,,sub008.pkl,1,train,True
sub008.pkl-3-1,sub008.pkl-3-1,sub008,,sub008.pkl,1,train,True
sub008.pkl-3-2,sub008.pkl-3-2,sub008,,sub008.pkl,1,train,True
sub008.pkl-4-0,sub008.pkl-4-0,sub008,,sub008.pkl,1,train,True
sub008.pkl-4-1,sub008.pkl-4-1,sub008,,sub008.pkl,1,train,True
sub008.pkl-4-2,sub008.pkl-4-2,sub008,,sub008.pkl,1,train,True
sub008.pkl-5-0,sub008.pkl-5-0,sub008,,sub008.pkl,1,train,True
sub008.pkl-5-1,sub008.pkl-5-1,sub008,,sub008.pkl,1,train,True
sub008.pkl-5-2,sub008.pkl-5-2,sub008,,sub008.pkl,1,train,True
sub008.pkl-6-0,sub008.pkl-6-0,sub008,,sub008.pkl,2,train,True
sub008.pkl-6-1,sub008.pkl-6-1,sub008,,sub008.pkl,2,train,True
sub008.pkl-6-2,sub008.pkl-6-2,sub008,,sub008.pkl,2,train,True
sub008.pkl-7-0,sub008.pkl-7-0,sub008,,sub008.pkl,2,train,True
sub008.pkl-7-1,sub008.pkl-7-1,sub008,,sub008.pkl,2,train,True
sub008.pkl-7-2,sub008.pkl-7-2,sub008,,sub008.pkl,2,train,True
sub008.pkl-8-0,sub008.pkl-8-0,sub008,,sub008.pkl,2,train,True
sub008.pkl-8-1,sub008.pkl-8-1,sub008,,sub008.pkl,2,train,True
sub008.pkl-8-2,sub008.pkl-8-2,sub008,,sub008.pkl,2,train,True
sub008.pkl-9-0,sub008.pkl-9-0,sub008,,sub008.pkl,3,train,True
sub008.pkl-9-1,sub008.pkl-9-1,sub008,,sub008.pkl,3,train,True
sub008.pkl-9-2,sub008.pkl-9-2,sub008,,sub008.pkl,3,train,True
sub008.pkl-10-0,sub008.pkl-10-0,sub008,,sub008.pkl,3,train,True
sub008.pkl-10-1,sub008.pkl-10-1,sub008,,sub008.pkl,3,train,True
sub008.pkl-10-2,sub008.pkl-10-2,sub008,,sub008.pkl,3,train,True
sub008.pkl-11-0,sub008.pkl-11-0,sub008,,sub008.pkl,3,train,True
sub008.pkl-11-1,sub008.pkl-11-1,sub008,,sub008.pkl,3,train,True
sub008.pkl-11-2,sub008.pkl-11-2,sub008,,sub008.pkl,3,train,True
sub008.pkl-12-0,sub008.pkl-12-0,sub008,,sub008.pkl,4,train,True
sub008.pkl-12-1,sub008.pkl-12-1,sub008,,sub008.pkl,4,train,True
sub008.pkl-12-2,sub008.pkl-12-2,sub008,,sub008.pkl,4,train,True
sub008.pkl-13-0,sub008.pkl-13-0,sub008,,sub008.pkl,4,train,True
sub008.pkl-13-1,sub008.pkl-13-1,sub008,,sub008.pkl,4,train,True
sub008.pkl-13-2,sub008.pkl-13-2,sub008,,sub008.pkl,4,train,True
sub008.pkl-14-0,sub008.pkl-14-0,sub008,,sub008.pkl,4,train,True
sub008.pkl-14-1,sub008.pkl-14-1,sub008,,sub008.pkl,4,train,True
sub008.pkl-14-2,sub008.pkl-14-2,sub008,,sub008.pkl,4,train,True
sub008.pkl-15-0,sub008.pkl-15-0,sub008,,sub008.pkl,4,train,True
sub008.pkl-15-1,sub008.pkl-15-1,sub008,,sub008.pkl,4,train,True
sub008.pkl-15-2,sub008.pkl-15-2,sub008,,sub008.pkl,4,train,True
sub008.pkl-16-0,sub008.pkl-16-0,sub008,,sub008.pkl,5,train,True
sub008.pkl-16-1,sub008.pkl-16-1,sub008,,sub008.pkl,5,train,True
sub008.pkl-16-2,sub008.pkl-16-2,sub008,,sub008.pkl,5,train,True
sub008.pkl-17-0,sub008.pkl-17-0,sub008,,sub008.pkl,5,train,True
sub008.pkl-17-1,sub008.pkl-17-1,sub008,,sub008.pkl,5,train,True
sub008.pkl-17-2,sub008.pkl-17-2,sub008,,sub008.pkl,5,train,True
sub008.pkl-18-0,sub008.pkl-18-0,sub008,,sub008.pkl,5,train,True
sub008.pkl-18-1,sub008.pkl-18-1,sub008,,sub008.pkl,5,train,True
sub008.pkl-18-2,sub008.pkl-18-2,sub008,,sub008.pkl,5,train,True
sub008.pkl-19-0,sub008.pkl-19-0,sub008,,sub008.pkl,6,train,True
sub008.pkl-19-1,sub008.pkl-19-1,sub008,,sub008.pkl,6,train,True
sub008.pkl-19-2,sub008.pkl-19-2,sub008,,sub008.pkl,6,train,True
sub008.pkl-20-0,sub008.pkl-20-0,sub008,,sub008.pkl,6,train,True
sub008.pkl-20-1,sub008.pkl-20-1,sub008,,sub008.pkl,6,train,True
sub008.pkl-20-2,sub008.pkl-20-2,sub008,,sub008.pkl,6,train,True
sub008.pkl-21-0,sub008.pkl-21-0,sub008,,sub008.pkl,6,train,True
sub008.pkl-21-1,sub008.pkl-21-1,sub008,,sub008.pkl,6,train,True
sub008.pkl-21-2,sub008.pkl-21-2,sub008,,sub008.pkl,6,train,True
sub008.pkl-22-0,sub008.pkl-22-0,sub008,,sub008.pkl,7,train,True
sub008.pkl-22-1,sub008.pkl-22-1,sub008,,sub008.pkl,7,train,True
sub008.pkl-22-2,sub008.pkl-22-2,sub008,,sub008.pkl,7,train,True
sub008.pkl-23-0,sub008.pkl-23-0,sub008,,sub008.pkl,7,train,True
sub008.pkl-23-1,sub008.pkl-23-1,sub008,,sub008.pkl,7,train,True
sub008.pkl-23-2,sub008.pkl-23-2,sub008,,sub008.pkl,7,train,True
sub008.pkl-24-0,sub008.pkl-24-0,sub008,,sub008.pkl,7,train,True
sub008.pkl-24-1,sub008.pkl-24-1,sub008,,sub008.pkl,7,train,True
sub008.pkl-24-2,sub008.pkl-24-2,sub008,,sub008.pkl,7,train,True
sub008.pkl-25-0,sub008.pkl-25-0,sub008,,sub008.pkl,8,train,True
sub008.pkl-25-1,sub008.pkl-25-1,sub008,,sub008.pkl,8,train,True
sub008.pkl-25-2,sub008.pkl-25-2,sub008,,sub008.pkl,8,train,True
sub008.pkl-26-0,sub008.pkl-26-0,sub008,,sub008.pkl,8,train,True
sub008.pkl-26-1,sub008.pkl-26-1,sub008,,sub008.pkl,8,train,True
sub008.pkl-26-2,sub008.pkl-26-2,sub008,,sub008.pkl,8,train,True
sub008.pkl-27-0,sub008.pkl-27-0,sub008,,sub008.pkl,8,train,True
sub008.pkl-27-1,sub008.pkl-27-1,sub008,,sub008.pkl,8,train,True
sub008.pkl-27-2,sub008.pkl-27-2,sub008,,sub008.pkl,8,train,True
sub009.pkl-0-0,sub009.pkl-0-0,sub009,,sub009.pkl,0,train,True
sub009.pkl-0-1,sub009.pkl-0-1,sub009,,sub009.pkl,0,train,True
sub009.pkl-0-2,sub009.pkl-0-2,sub009,,sub009.pkl,0,train,True
sub009.pkl-1-0,sub009.pkl-1-0,sub009,,sub009.pkl,0,train,True
sub009.pkl-1-1,sub009.pkl-1-1,sub009,,sub009.pkl,0,train,True
sub009.pkl-1-2,sub009.pkl-1-2,sub009,,sub009.pkl,0,train,True
sub009.pkl-2-0,sub009.pkl-2-0,sub009,,sub009.pkl,0,train,True
sub009.pkl-2-1,sub009.pkl-2-1,sub009,,sub009.pkl,0,train,True
sub009.pkl-2-2,sub009.pkl-2-2,sub009,,sub009.pkl,0,train,True
sub009.pkl-3-0,sub009.pkl-3-0,sub009,,sub009.pkl,1,train,True
sub009.pkl-3-1,sub009.pkl-3-1,sub009,,sub009.pkl,1,train,True
sub009.pkl-3-2,sub009.pkl-3-2,sub009,,sub009.pkl,1,train,True
sub009.pkl-4-0,sub009.pkl-4-0,sub009,,sub009.pkl,1,train,True
sub009.pkl-4-1,sub009.pkl-4-1,sub009,,sub009.pkl,1,train,True
sub009.pkl-4-2,sub009.pkl-4-2,sub009,,sub009.pkl,1,train,True
sub009.pkl-5-0,sub009.pkl-5-0,sub009,,sub009.pkl,1,train,True
sub009.pkl-5-1,sub009.pkl-5-1,sub009,,sub009.pkl,1,train,True
sub009.pkl-5-2,sub009.pkl-5-2,sub009,,sub009.pkl,1,train,True
sub009.pkl-6-0,sub009.pkl-6-0,sub009,,sub009.pkl,2,train,True
sub009.pkl-6-1,sub009.pkl-6-1,sub009,,sub009.pkl,2,train,True
sub009.pkl-6-2,sub009.pkl-6-2,sub009,,sub009.pkl,2,train,True
sub009.pkl-7-0,sub009.pkl-7-0,sub009,,sub009.pkl,2,train,True
sub009.pkl-7-1,sub009.pkl-7-1,sub009,,sub009.pkl,2,train,True
sub009.pkl-7-2,sub009.pkl-7-2,sub009,,sub009.pkl,2,train,True
sub009.pkl-8-0,sub009.pkl-8-0,sub009,,sub009.pkl,2,train,True
sub009.pkl-8-1,sub009.pkl-8-1,sub009,,sub009.pkl,2,train,True
sub009.pkl-8-2,sub009.pkl-8-2,sub009,,sub009.pkl,2,train,True
sub009.pkl-9-0,sub009.pkl-9-0,sub009,,sub009.pkl,3,train,True
sub009.pkl-9-1,sub009.pkl-9-1,sub009,,sub009.pkl,3,train,True
sub009.pkl-9-2,sub009.pkl-9-2,sub009,,sub009.pkl,3,train,True
sub009.pkl-10-0,sub009.pkl-10-0,sub009,,sub009.pkl,3,train,True
sub009.pkl-10-1,sub009.pkl-10-1,sub009,,sub009.pkl,3,train,True
sub009.pkl-10-2,sub009.pkl-10-2,sub009,,sub009.pkl,3,train,True
sub009.pkl-11-0,sub009.pkl-11-0,sub009,,sub009.pkl,3,train,True
sub009.pkl-11-1,sub009.pkl-11-1,sub009,,sub009.pkl,3,train,True
sub009.pkl-11-2,sub009.pkl-11-2,sub009,,sub009.pkl,3,train,True
sub009.pkl-12-0,sub009.pkl-12-0,sub009,,sub009.pkl,4,train,True
sub009.pkl-12-1,sub009.pkl-12-1,sub009,,sub009.pkl,4,train,True
sub009.pkl-12-2,sub009.pkl-12-2,sub009,,sub009.pkl,4,train,True
sub009.pkl-13-0,sub009.pkl-13-0,sub009,,sub009.pkl,4,train,True
sub009.pkl-13-1,sub009.pkl-13-1,sub009,,sub009.pkl,4,train,True
sub009.pkl-13-2,sub009.pkl-13-2,sub009,,sub009.pkl,4,train,True
sub009.pkl-14-0,sub009.pkl-14-0,sub009,,sub009.pkl,4,train,True
sub009.pkl-14-1,sub009.pkl-14-1,sub009,,sub009.pkl,4,train,True
sub009.pkl-14-2,sub009.pkl-14-2,sub009,,sub009.pkl,4,train,True
sub009.pkl-15-0,sub009.pkl-15-0,sub009,,sub009.pkl,4,train,True
sub009.pkl-15-1,sub009.pkl-15-1,sub009,,sub009.pkl,4,train,True
sub009.pkl-15-2,sub009.pkl-15-2,sub009,,sub009.pkl,4,train,True
sub009.pkl-16-0,sub009.pkl-16-0,sub009,,sub009.pkl,5,train,True
sub009.pkl-16-1,sub009.pkl-16-1,sub009,,sub009.pkl,5,train,True
sub009.pkl-16-2,sub009.pkl-16-2,sub009,,sub009.pkl,5,train,True
sub009.pkl-17-0,sub009.pkl-17-0,sub009,,sub009.pkl,5,train,True
sub009.pkl-17-1,sub009.pkl-17-1,sub009,,sub009.pkl,5,train,True
sub009.pkl-17-2,sub009.pkl-17-2,sub009,,sub009.pkl,5,train,True
sub009.pkl-18-0,sub009.pkl-18-0,sub009,,sub009.pkl,5,train,True
sub009.pkl-18-1,sub009.pkl-18-1,sub009,,sub009.pkl,5,train,True
sub009.pkl-18-2,sub009.pkl-18-2,sub009,,sub009.pkl,5,train,True
sub009.pkl-19-0,sub009.pkl-19-0,sub009,,sub009.pkl,6,train,True
sub009.pkl-19-1,sub009.pkl-19-1,sub009,,sub009.pkl,6,train,True
sub009.pkl-19-2,sub009.pkl-19-2,sub009,,sub009.pkl,6,train,True
sub009.pkl-20-0,sub009.pkl-20-0,sub009,,sub009.pkl,6,train,True
sub009.pkl-20-1,sub009.pkl-20-1,sub009,,sub009.pkl,6,train,True
sub009.pkl-20-2,sub009.pkl-20-2,sub009,,sub009.pkl,6,train,True
sub009.pkl-21-0,sub009.pkl-21-0,sub009,,sub009.pkl,6,train,True
sub009.pkl-21-1,sub009.pkl-21-1,sub009,,sub009.pkl,6,train,True
sub009.pkl-21-2,sub009.pkl-21-2,sub009,,sub009.pkl,6,train,True
sub009.pkl-22-0,sub009.pkl-22-0,sub009,,sub009.pkl,7,train,True
sub009.pkl-22-1,sub009.pkl-22-1,sub009,,sub009.pkl,7,train,True
sub009.pkl-22-2,sub009.pkl-22-2,sub009,,sub009.pkl,7,train,True
sub009.pkl-23-0,sub009.pkl-23-0,sub009,,sub009.pkl,7,train,True
sub009.pkl-23-1,sub009.pkl-23-1,sub009,,sub009.pkl,7,train,True
sub009.pkl-23-2,sub009.pkl-23-2,sub009,,sub009.pkl,7,train,True
sub009.pkl-24-0,sub009.pkl-24-0,sub009,,sub009.pkl,7,train,True
sub009.pkl-24-1,sub009.pkl-24-1,sub009,,sub009.pkl,7,train,True
sub009.pkl-24-2,sub009.pkl-24-2,sub009,,sub009.pkl,7,train,True
sub009.pkl-25-0,sub009.pkl-25-0,sub009,,sub009.pkl,8,train,True
sub009.pkl-25-1,sub009.pkl-25-1,sub009,,sub009.pkl,8,train,True
sub009.pkl-25-2,sub009.pkl-25-2,sub009,,sub009.pkl,8,train,True
sub009.pkl-26-0,sub009.pkl-26-0,sub009,,sub009.pkl,8,train,True
sub009.pkl-26-1,sub009.pkl-26-1,sub009,,sub009.pkl,8,train,True
sub009.pkl-26-2,sub009.pkl-26-2,sub009,,sub009.pkl,8,train,True
sub009.pkl-27-0,sub009.pkl-27-0,sub009,,sub009.pkl,8,train,True
sub009.pkl-27-1,sub009.pkl-27-1,sub009,,sub009.pkl,8,train,True
sub009.pkl-27-2,sub009.pkl-27-2,sub009,,sub009.pkl,8,train,True
sub010.pkl-0-0,sub010.pkl-0-0,sub010,,sub010.pkl,0,train,True
sub010.pkl-0-1,sub010.pkl-0-1,sub010,,sub010.pkl,0,train,True
sub010.pkl-0-2,sub010.pkl-0-2,sub010,,sub010.pkl,0,train,True
sub010.pkl-1-0,sub010.pkl-1-0,sub010,,sub010.pkl,0,train,True
sub010.pkl-1-1,sub010.pkl-1-1,sub010,,sub010.pkl,0,train,True
sub010.pkl-1-2,sub010.pkl-1-2,sub010,,sub010.pkl,0,train,True
sub010.pkl-2-0,sub010.pkl-2-0,sub010,,sub010.pkl,0,train,True
sub010.pkl-2-1,sub010.pkl-2-1,sub010,,sub010.pkl,0,train,True
sub010.pkl-2-2,sub010.pkl-2-2,sub010,,sub010.pkl,0,train,True
sub010.pkl-3-0,sub010.pkl-3-0,sub010,,sub010.pkl,1,train,True
sub010.pkl-3-1,sub010.pkl-3-1,sub010,,sub010.pkl,1,train,True
sub010.pkl-3-2,sub010.pkl-3-2,sub010,,sub010.pkl,1,train,True
sub010.pkl-4-0,sub010.pkl-4-0,sub010,,sub010.pkl,1,train,True
sub010.pkl-4-1,sub010.pkl-4-1,sub010,,sub010.pkl,1,train,True
sub010.pkl-4-2,sub010.pkl-4-2,sub010,,sub010.pkl,1,train,True
sub010.pkl-5-0,sub010.pkl-5-0,sub010,,sub010.pkl,1,train,True
sub010.pkl-5-1,sub010.pkl-5-1,sub010,,sub010.pkl,1,train,True
sub010.pkl-5-2,sub010.pkl-5-2,sub010,,sub010.pkl,1,train,True
sub010.pkl-6-0,sub010.pkl-6-0,sub010,,sub010.pkl,2,train,True
sub010.pkl-6-1,sub010.pkl-6-1,sub010,,sub010.pkl,2,train,True
sub010.pkl-6-2,sub010.pkl-6-2,sub010,,sub010.pkl,2,train,True
sub010.pkl-7-0,sub010.pkl-7-0,sub010,,sub010.pkl,2,train,True
sub010.pkl-7-1,sub010.pkl-7-1,sub010,,sub010.pkl,2,train,True
sub010.pkl-7-2,sub010.pkl-7-2,sub010,,sub010.pkl,2,train,True
sub010.pkl-8-0,sub010.pkl-8-0,sub010,,sub010.pkl,2,train,True
sub010.pkl-8-1,sub010.pkl-8-1,sub010,,sub010.pkl,2,train,True
sub010.pkl-8-2,sub010.pkl-8-2,sub010,,sub010.pkl,2,train,True
sub010.pkl-9-0,sub010.pkl-9-0,sub010,,sub010.pkl,3,train,True
sub010.pkl-9-1,sub010.pkl-9-1,sub010,,sub010.pkl,3,train,True
sub010.pkl-9-2,sub010.pkl-9-2,sub010,,sub010.pkl,3,train,True
sub010.pkl-10-0,sub010.pkl-10-0,sub010,,sub010.pkl,3,train,True
sub010.pkl-10-1,sub010.pkl-10-1,sub010,,sub010.pkl,3,train,True
sub010.pkl-10-2,sub010.pkl-10-2,sub010,,sub010.pkl,3,train,True
sub010.pkl-11-0,sub010.pkl-11-0,sub010,,sub010.pkl,3,train,True
sub010.pkl-11-1,sub010.pkl-11-1,sub010,,sub010.pkl,3,train,True
sub010.pkl-11-2,sub010.pkl-11-2,sub010,,sub010.pkl,3,train,True
sub010.pkl-12-0,sub010.pkl-12-0,sub010,,sub010.pkl,4,train,True
sub010.pkl-12-1,sub010.pkl-12-1,sub010,,sub010.pkl,4,train,True
sub010.pkl-12-2,sub010.pkl-12-2,sub010,,sub010.pkl,4,train,True
sub010.pkl-13-0,sub010.pkl-13-0,sub010,,sub010.pkl,4,train,True
sub010.pkl-13-1,sub010.pkl-13-1,sub010,,sub010.pkl,4,train,True
sub010.pkl-13-2,sub010.pkl-13-2,sub010,,sub010.pkl,4,train,True
sub010.pkl-14-0,sub010.pkl-14-0,sub010,,sub010.pkl,4,train,True
sub010.pkl-14-1,sub010.pkl-14-1,sub010,,sub010.pkl,4,train,True
sub010.pkl-14-2,sub010.pkl-14-2,sub010,,sub010.pkl,4,train,True
sub010.pkl-15-0,sub010.pkl-15-0,sub010,,sub010.pkl,4,train,True
sub010.pkl-15-1,sub010.pkl-15-1,sub010,,sub010.pkl,4,train,True
sub010.pkl-15-2,sub010.pkl-15-2,sub010,,sub010.pkl,4,train,True
sub010.pkl-16-0,sub010.pkl-16-0,sub010,,sub010.pkl,5,train,True
sub010.pkl-16-1,sub010.pkl-16-1,sub010,,sub010.pkl,5,train,True
sub010.pkl-16-2,sub010.pkl-16-2,sub010,,sub010.pkl,5,train,True
sub010.pkl-17-0,sub010.pkl-17-0,sub010,,sub010.pkl,5,train,True
sub010.pkl-17-1,sub010.pkl-17-1,sub010,,sub010.pkl,5,train,True
sub010.pkl-17-2,sub010.pkl-17-2,sub010,,sub010.pkl,5,train,True
sub010.pkl-18-0,sub010.pkl-18-0,sub010,,sub010.pkl,5,train,True
sub010.pkl-18-1,sub010.pkl-18-1,sub010,,sub010.pkl,5,train,True
sub010.pkl-18-2,sub010.pkl-18-2,sub010,,sub010.pkl,5,train,True
sub010.pkl-19-0,sub010.pkl-19-0,sub010,,sub010.pkl,6,train,True
sub010.pkl-19-1,sub010.pkl-19-1,sub010,,sub010.pkl,6,train,True
sub010.pkl-19-2,sub010.pkl-19-2,sub010,,sub010.pkl,6,train,True
sub010.pkl-20-0,sub010.pkl-20-0,sub010,,sub010.pkl,6,train,True
sub010.pkl-20-1,sub010.pkl-20-1,sub010,,sub010.pkl,6,train,True
sub010.pkl-20-2,sub010.pkl-20-2,sub010,,sub010.pkl,6,train,True
sub010.pkl-21-0,sub010.pkl-21-0,sub010,,sub010.pkl,6,train,True
sub010.pkl-21-1,sub010.pkl-21-1,sub010,,sub010.pkl,6,train,True
sub010.pkl-21-2,sub010.pkl-21-2,sub010,,sub010.pkl,6,train,True
sub010.pkl-22-0,sub010.pkl-22-0,sub010,,sub010.pkl,7,train,True
sub010.pkl-22-1,sub010.pkl-22-1,sub010,,sub010.pkl,7,train,True
sub010.pkl-22-2,sub010.pkl-22-2,sub010,,sub010.pkl,7,train,True
sub010.pkl-23-0,sub010.pkl-23-0,sub010,,sub010.pkl,7,train,True
sub010.pkl-23-1,sub010.pkl-23-1,sub010,,sub010.pkl,7,train,True
sub010.pkl-23-2,sub010.pkl-23-2,sub010,,sub010.pkl,7,train,True
sub010.pkl-24-0,sub010.pkl-24-0,sub010,,sub010.pkl,7,train,True
sub010.pkl-24-1,sub010.pkl-24-1,sub010,,sub010.pkl,7,train,True
sub010.pkl-24-2,sub010.pkl-24-2,sub010,,sub010.pkl,7,train,True
sub010.pkl-25-0,sub010.pkl-25-0,sub010,,sub010.pkl,8,train,True
sub010.pkl-25-1,sub010.pkl-25-1,sub010,,sub010.pkl,8,train,True
sub010.pkl-25-2,sub010.pkl-25-2,sub010,,sub010.pkl,8,train,True
sub010.pkl-26-0,sub010.pkl-26-0,sub010,,sub010.pkl,8,train,True
sub010.pkl-26-1,sub010.pkl-26-1,sub010,,sub010.pkl,8,train,True
sub010.pkl-26-2,sub010.pkl-26-2,sub010,,sub010.pkl,8,train,True
sub010.pkl-27-0,sub010.pkl-27-0,sub010,,sub010.pkl,8,train,True
sub010.pkl-27-1,sub010.pkl-27-1,sub010,,sub010.pkl,8,train,True
sub010.pkl-27-2,sub010.pkl-27-2,sub010,,sub010.pkl,8,train,True
sub011.pkl-0-0,sub011.pkl-0-0,sub011,,sub011.pkl,0,train,True
sub011.pkl-0-1,sub011.pkl-0-1,sub011,,sub011.pkl,0,train,True
sub011.pkl-0-2,sub011.pkl-0-2,sub011,,sub011.pkl,0,train,True
sub011.pkl-1-0,sub011.pkl-1-0,sub011,,sub011.pkl,0,train,True
sub011.pkl-1-1,sub011.pkl-1-1,sub011,,sub011.pkl,0,train,True
sub011.pkl-1-2,sub011.pkl-1-2,sub011,,sub011.pkl,0,train,True
sub011.pkl-2-0,sub011.pkl-2-0,sub011,,sub011.pkl,0,train,True
sub011.pkl-2-1,sub011.pkl-2-1,sub011,,sub011.pkl,0,train,True
sub011.pkl-2-2,sub011.pkl-2-2,sub011,,sub011.pkl,0,train,True
sub011.pkl-3-0,sub011.pkl-3-0,sub011,,sub011.pkl,1,train,True
sub011.pkl-3-1,sub011.pkl-3-1,sub011,,sub011.pkl,1,train,True
sub011.pkl-3-2,sub011.pkl-3-2,sub011,,sub011.pkl,1,train,True
sub011.pkl-4-0,sub011.pkl-4-0,sub011,,sub011.pkl,1,train,True
sub011.pkl-4-1,sub011.pkl-4-1,sub011,,sub011.pkl,1,train,True
sub011.pkl-4-2,sub011.pkl-4-2,sub011,,sub011.pkl,1,train,True
sub011.pkl-5-0,sub011.pkl-5-0,sub011,,sub011.pkl,1,train,True
sub011.pkl-5-1,sub011.pkl-5-1,sub011,,sub011.pkl,1,train,True
sub011.pkl-5-2,sub011.pkl-5-2,sub011,,sub011.pkl,1,train,True
sub011.pkl-6-0,sub011.pkl-6-0,sub011,,sub011.pkl,2,train,True
sub011.pkl-6-1,sub011.pkl-6-1,sub011,,sub011.pkl,2,train,True
sub011.pkl-6-2,sub011.pkl-6-2,sub011,,sub011.pkl,2,train,True
sub011.pkl-7-0,sub011.pkl-7-0,sub011,,sub011.pkl,2,train,True
sub011.pkl-7-1,sub011.pkl-7-1,sub011,,sub011.pkl,2,train,True
sub011.pkl-7-2,sub011.pkl-7-2,sub011,,sub011.pkl,2,train,True
sub011.pkl-8-0,sub011.pkl-8-0,sub011,,sub011.pkl,2,train,True
sub011.pkl-8-1,sub011.pkl-8-1,sub011,,sub011.pkl,2,train,True
sub011.pkl-8-2,sub011.pkl-8-2,sub011,,sub011.pkl,2,train,True
sub011.pkl-9-0,sub011.pkl-9-0,sub011,,sub011.pkl,3,train,True
sub011.pkl-9-1,sub011.pkl-9-1,sub011,,sub011.pkl,3,train,True
sub011.pkl-9-2,sub011.pkl-9-2,sub011,,sub011.pkl,3,train,True
sub011.pkl-10-0,sub011.pkl-10-0,sub011,,sub011.pkl,3,train,True
sub011.pkl-10-1,sub011.pkl-10-1,sub011,,sub011.pkl,3,train,True
sub011.pkl-10-2,sub011.pkl-10-2,sub011,,sub011.pkl,3,train,True
sub011.pkl-11-0,sub011.pkl-11-0,sub011,,sub011.pkl,3,train,True
sub011.pkl-11-1,sub011.pkl-11-1,sub011,,sub011.pkl,3,train,True
sub011.pkl-11-2,sub011.pkl-11-2,sub011,,sub011.pkl,3,train,True
sub011.pkl-12-0,sub011.pkl-12-0,sub011,,sub011.pkl,4,train,True
sub011.pkl-12-1,sub011.pkl-12-1,sub011,,sub011.pkl,4,train,True
sub011.pkl-12-2,sub011.pkl-12-2,sub011,,sub011.pkl,4,train,True
sub011.pkl-13-0,sub011.pkl-13-0,sub011,,sub011.pkl,4,train,True
sub011.pkl-13-1,sub011.pkl-13-1,sub011,,sub011.pkl,4,train,True
sub011.pkl-13-2,sub011.pkl-13-2,sub011,,sub011.pkl,4,train,True
sub011.pkl-14-0,sub011.pkl-14-0,sub011,,sub011.pkl,4,train,True
sub011.pkl-14-1,sub011.pkl-14-1,sub011,,sub011.pkl,4,train,True
sub011.pkl-14-2,sub011.pkl-14-2,sub011,,sub011.pkl,4,train,True
sub011.pkl-15-0,sub011.pkl-15-0,sub011,,sub011.pkl,4,train,True
sub011.pkl-15-1,sub011.pkl-15-1,sub011,,sub011.pkl,4,train,True
sub011.pkl-15-2,sub011.pkl-15-2,sub011,,sub011.pkl,4,train,True
sub011.pkl-16-0,sub011.pkl-16-0,sub011,,sub011.pkl,5,train,True
sub011.pkl-16-1,sub011.pkl-16-1,sub011,,sub011.pkl,5,train,True
sub011.pkl-16-2,sub011.pkl-16-2,sub011,,sub011.pkl,5,train,True
sub011.pkl-17-0,sub011.pkl-17-0,sub011,,sub011.pkl,5,train,True
sub011.pkl-17-1,sub011.pkl-17-1,sub011,,sub011.pkl,5,train,True
sub011.pkl-17-2,sub011.pkl-17-2,sub011,,sub011.pkl,5,train,True
sub011.pkl-18-0,sub011.pkl-18-0,sub011,,sub011.pkl,5,train,True
sub011.pkl-18-1,sub011.pkl-18-1,sub011,,sub011.pkl,5,train,True
sub011.pkl-18-2,sub011.pkl-18-2,sub011,,sub011.pkl,5,train,True
sub011.pkl-19-0,sub011.pkl-19-0,sub011,,sub011.pkl,6,train,True
sub011.pkl-19-1,sub011.pkl-19-1,sub011,,sub011.pkl,6,train,True
sub011.pkl-19-2,sub011.pkl-19-2,sub011,,sub011.pkl,6,train,True
sub011.pkl-20-0,sub011.pkl-20-0,sub011,,sub011.pkl,6,train,True
sub011.pkl-20-1,sub011.pkl-20-1,sub011,,sub011.pkl,6,train,True
sub011.pkl-20-2,sub011.pkl-20-2,sub011,,sub011.pkl,6,train,True
sub011.pkl-21-0,sub011.pkl-21-0,sub011,,sub011.pkl,6,train,True
sub011.pkl-21-1,sub011.pkl-21-1,sub011,,sub011.pkl,6,train,True
sub011.pkl-21-2,sub011.pkl-21-2,sub011,,sub011.pkl,6,train,True
sub011.pkl-22-0,sub011.pkl-22-0,sub011,,sub011.pkl,7,train,True
sub011.pkl-22-1,sub011.pkl-22-1,sub011,,sub011.pkl,7,train,True
sub011.pkl-22-2,sub011.pkl-22-2,sub011,,sub011.pkl,7,train,True
sub011.pkl-23-0,sub011.pkl-23-0,sub011,,sub011.pkl,7,train,True
sub011.pkl-23-1,sub011.pkl-23-1,sub011,,sub011.pkl,7,train,True
sub011.pkl-23-2,sub011.pkl-23-2,sub011,,sub011.pkl,7,train,True
sub011.pkl-24-0,sub011.pkl-24-0,sub011,,sub011.pkl,7,train,True
sub011.pkl-24-1,sub011.pkl-24-1,sub011,,sub011.pkl,7,train,True
sub011.pkl-24-2,sub011.pkl-24-2,sub011,,sub011.pkl,7,train,True
sub011.pkl-25-0,sub011.pkl-25-0,sub011,,sub011.pkl,8,train,True
sub011.pkl-25-1,sub011.pkl-25-1,sub011,,sub011.pkl,8,train,True
sub011.pkl-25-2,sub011.pkl-25-2,sub011,,sub011.pkl,8,train,True
sub011.pkl-26-0,sub011.pkl-26-0,sub011,,sub011.pkl,8,train,True
sub011.pkl-26-1,sub011.pkl-26-1,sub011,,sub011.pkl,8,train,True
sub011.pkl-26-2,sub011.pkl-26-2,sub011,,sub011.pkl,8,train,True
sub011.pkl-27-0,sub011.pkl-27-0,sub011,,sub011.pkl,8,train,True
sub011.pkl-27-1,sub011.pkl-27-1,sub011,,sub011.pkl,8,train,True
sub011.pkl-27-2,sub011.pkl-27-2,sub011,,sub011.pkl,8,train,True
sub012.pkl-0-0,sub012.pkl-0-0,sub012,,sub012.pkl,0,train,True
sub012.pkl-0-1,sub012.pkl-0-1,sub012,,sub012.pkl,0,train,True
sub012.pkl-0-2,sub012.pkl-0-2,sub012,,sub012.pkl,0,train,True
sub012.pkl-1-0,sub012.pkl-1-0,sub012,,sub012.pkl,0,train,True
sub012.pkl-1-1,sub012.pkl-1-1,sub012,,sub012.pkl,0,train,True
sub012.pkl-1-2,sub012.pkl-1-2,sub012,,sub012.pkl,0,train,True
sub012.pkl-2-0,sub012.pkl-2-0,sub012,,sub012.pkl,0,train,True
sub012.pkl-2-1,sub012.pkl-2-1,sub012,,sub012.pkl,0,train,True
sub012.pkl-2-2,sub012.pkl-2-2,sub012,,sub012.pkl,0,train,True
sub012.pkl-3-0,sub012.pkl-3-0,sub012,,sub012.pkl,1,train,True
sub012.pkl-3-1,sub012.pkl-3-1,sub012,,sub012.pkl,1,train,True
sub012.pkl-3-2,sub012.pkl-3-2,sub012,,sub012.pkl,1,train,True
sub012.pkl-4-0,sub012.pkl-4-0,sub012,,sub012.pkl,1,train,True
sub012.pkl-4-1,sub012.pkl-4-1,sub012,,sub012.pkl,1,train,True
sub012.pkl-4-2,sub012.pkl-4-2,sub012,,sub012.pkl,1,train,True
sub012.pkl-5-0,sub012.pkl-5-0,sub012,,sub012.pkl,1,train,True
sub012.pkl-5-1,sub012.pkl-5-1,sub012,,sub012.pkl,1,train,True
sub012.pkl-5-2,sub012.pkl-5-2,sub012,,sub012.pkl,1,train,True
sub012.pkl-6-0,sub012.pkl-6-0,sub012,,sub012.pkl,2,train,True
sub012.pkl-6-1,sub012.pkl-6-1,sub012,,sub012.pkl,2,train,True
sub012.pkl-6-2,sub012.pkl-6-2,sub012,,sub012.pkl,2,train,True
sub012.pkl-7-0,sub012.pkl-7-0,sub012,,sub012.pkl,2,train,True
sub012.pkl-7-1,sub012.pkl-7-1,sub012,,sub012.pkl,2,train,True
sub012.pkl-7-2,sub012.pkl-7-2,sub012,,sub012.pkl,2,train,True
sub012.pkl-8-0,sub012.pkl-8-0,sub012,,sub012.pkl,2,train,True
sub012.pkl-8-1,sub012.pkl-8-1,sub012,,sub012.pkl,2,train,True
sub012.pkl-8-2,sub012.pkl-8-2,sub012,,sub012.pkl,2,train,True
sub012.pkl-9-0,sub012.pkl-9-0,sub012,,sub012.pkl,3,train,True
sub012.pkl-9-1,sub012.pkl-9-1,sub012,,sub012.pkl,3,train,True
sub012.pkl-9-2,sub012.pkl-9-2,sub012,,sub012.pkl,3,train,True
sub012.pkl-10-0,sub012.pkl-10-0,sub012,,sub012.pkl,3,train,True
sub012.pkl-10-1,sub012.pkl-10-1,sub012,,sub012.pkl,3,train,True
sub012.pkl-10-2,sub012.pkl-10-2,sub012,,sub012.pkl,3,train,True
sub012.pkl-11-0,sub012.pkl-11-0,sub012,,sub012.pkl,3,train,True
sub012.pkl-11-1,sub012.pkl-11-1,sub012,,sub012.pkl,3,train,True
sub012.pkl-11-2,sub012.pkl-11-2,sub012,,sub012.pkl,3,train,True
sub012.pkl-12-0,sub012.pkl-12-0,sub012,,sub012.pkl,4,train,True
sub012.pkl-12-1,sub012.pkl-12-1,sub012,,sub012.pkl,4,train,True
sub012.pkl-12-2,sub012.pkl-12-2,sub012,,sub012.pkl,4,train,True
sub012.pkl-13-0,sub012.pkl-13-0,sub012,,sub012.pkl,4,train,True
sub012.pkl-13-1,sub012.pkl-13-1,sub012,,sub012.pkl,4,train,True
sub012.pkl-13-2,sub012.pkl-13-2,sub012,,sub012.pkl,4,train,True
sub012.pkl-14-0,sub012.pkl-14-0,sub012,,sub012.pkl,4,train,True
sub012.pkl-14-1,sub012.pkl-14-1,sub012,,sub012.pkl,4,train,True
sub012.pkl-14-2,sub012.pkl-14-2,sub012,,sub012.pkl,4,train,True
sub012.pkl-15-0,sub012.pkl-15-0,sub012,,sub012.pkl,4,train,True
sub012.pkl-15-1,sub012.pkl-15-1,sub012,,sub012.pkl,4,train,True
sub012.pkl-15-2,sub012.pkl-15-2,sub012,,sub012.pkl,4,train,True
sub012.pkl-16-0,sub012.pkl-16-0,sub012,,sub012.pkl,5,train,True
sub012.pkl-16-1,sub012.pkl-16-1,sub012,,sub012.pkl,5,train,True
sub012.pkl-16-2,sub012.pkl-16-2,sub012,,sub012.pkl,5,train,True
sub012.pkl-17-0,sub012.pkl-17-0,sub012,,sub012.pkl,5,train,True
sub012.pkl-17-1,sub012.pkl-17-1,sub012,,sub012.pkl,5,train,True
sub012.pkl-17-2,sub012.pkl-17-2,sub012,,sub012.pkl,5,train,True
sub012.pkl-18-0,sub012.pkl-18-0,sub012,,sub012.pkl,5,train,True
sub012.pkl-18-1,sub012.pkl-18-1,sub012,,sub012.pkl,5,train,True
sub012.pkl-18-2,sub012.pkl-18-2,sub012,,sub012.pkl,5,train,True
sub012.pkl-19-0,sub012.pkl-19-0,sub012,,sub012.pkl,6,train,True
sub012.pkl-19-1,sub012.pkl-19-1,sub012,,sub012.pkl,6,train,True
sub012.pkl-19-2,sub012.pkl-19-2,sub012,,sub012.pkl,6,train,True
sub012.pkl-20-0,sub012.pkl-20-0,sub012,,sub012.pkl,6,train,True
sub012.pkl-20-1,sub012.pkl-20-1,sub012,,sub012.pkl,6,train,True
sub012.pkl-20-2,sub012.pkl-20-2,sub012,,sub012.pkl,6,train,True
sub012.pkl-21-0,sub012.pkl-21-0,sub012,,sub012.pkl,6,train,True
sub012.pkl-21-1,sub012.pkl-21-1,sub012,,sub012.pkl,6,train,True
sub012.pkl-21-2,sub012.pkl-21-2,sub012,,sub012.pkl,6,train,True
sub012.pkl-22-0,sub012.pkl-22-0,sub012,,sub012.pkl,7,train,True
sub012.pkl-22-1,sub012.pkl-22-1,sub012,,sub012.pkl,7,train,True
sub012.pkl-22-2,sub012.pkl-22-2,sub012,,sub012.pkl,7,train,True
sub012.pkl-23-0,sub012.pkl-23-0,sub012,,sub012.pkl,7,train,True
sub012.pkl-23-1,sub012.pkl-23-1,sub012,,sub012.pkl,7,train,True
sub012.pkl-23-2,sub012.pkl-23-2,sub012,,sub012.pkl,7,train,True
sub012.pkl-24-0,sub012.pkl-24-0,sub012,,sub012.pkl,7,train,True
sub012.pkl-24-1,sub012.pkl-24-1,sub012,,sub012.pkl,7,train,True
sub012.pkl-24-2,sub012.pkl-24-2,sub012,,sub012.pkl,7,train,True
sub012.pkl-25-0,sub012.pkl-25-0,sub012,,sub012.pkl,8,train,True
sub012.pkl-25-1,sub012.pkl-25-1,sub012,,sub012.pkl,8,train,True
sub012.pkl-25-2,sub012.pkl-25-2,sub012,,sub012.pkl,8,train,True
sub012.pkl-26-0,sub012.pkl-26-0,sub012,,sub012.pkl,8,train,True
sub012.pkl-26-1,sub012.pkl-26-1,sub012,,sub012.pkl,8,train,True
sub012.pkl-26-2,sub012.pkl-26-2,sub012,,sub012.pkl,8,train,True
sub012.pkl-27-0,sub012.pkl-27-0,sub012,,sub012.pkl,8,train,True
sub012.pkl-27-1,sub012.pkl-27-1,sub012,,sub012.pkl,8,train,True
sub012.pkl-27-2,sub012.pkl-27-2,sub012,,sub012.pkl,8,train,True
sub013.pkl-0-0,sub013.pkl-0-0,sub013,,sub013.pkl,0,train,True
sub013.pkl-0-1,sub013.pkl-0-1,sub013,,sub013.pkl,0,train,True
sub013.pkl-0-2,sub013.pkl-0-2,sub013,,sub013.pkl,0,train,True
sub013.pkl-1-0,sub013.pkl-1-0,sub013,,sub013.pkl,0,train,True
sub013.pkl-1-1,sub013.pkl-1-1,sub013,,sub013.pkl,0,train,True
sub013.pkl-1-2,sub013.pkl-1-2,sub013,,sub013.pkl,0,train,True
sub013.pkl-2-0,sub013.pkl-2-0,sub013,,sub013.pkl,0,train,True
sub013.pkl-2-1,sub013.pkl-2-1,sub013,,sub013.pkl,0,train,True
sub013.pkl-2-2,sub013.pkl-2-2,sub013,,sub013.pkl,0,train,True
sub013.pkl-3-0,sub013.pkl-3-0,sub013,,sub013.pkl,1,train,True
sub013.pkl-3-1,sub013.pkl-3-1,sub013,,sub013.pkl,1,train,True
sub013.pkl-3-2,sub013.pkl-3-2,sub013,,sub013.pkl,1,train,True
sub013.pkl-4-0,sub013.pkl-4-0,sub013,,sub013.pkl,1,train,True
sub013.pkl-4-1,sub013.pkl-4-1,sub013,,sub013.pkl,1,train,True
sub013.pkl-4-2,sub013.pkl-4-2,sub013,,sub013.pkl,1,train,True
sub013.pkl-5-0,sub013.pkl-5-0,sub013,,sub013.pkl,1,train,True
sub013.pkl-5-1,sub013.pkl-5-1,sub013,,sub013.pkl,1,train,True
sub013.pkl-5-2,sub013.pkl-5-2,sub013,,sub013.pkl,1,train,True
sub013.pkl-6-0,sub013.pkl-6-0,sub013,,sub013.pkl,2,train,True
sub013.pkl-6-1,sub013.pkl-6-1,sub013,,sub013.pkl,2,train,True
sub013.pkl-6-2,sub013.pkl-6-2,sub013,,sub013.pkl,2,train,True
sub013.pkl-7-0,sub013.pkl-7-0,sub013,,sub013.pkl,2,train,True
sub013.pkl-7-1,sub013.pkl-7-1,sub013,,sub013.pkl,2,train,True
sub013.pkl-7-2,sub013.pkl-7-2,sub013,,sub013.pkl,2,train,True
sub013.pkl-8-0,sub013.pkl-8-0,sub013,,sub013.pkl,2,train,True
sub013.pkl-8-1,sub013.pkl-8-1,sub013,,sub013.pkl,2,train,True
sub013.pkl-8-2,sub013.pkl-8-2,sub013,,sub013.pkl,2,train,True
sub013.pkl-9-0,sub013.pkl-9-0,sub013,,sub013.pkl,3,train,True
sub013.pkl-9-1,sub013.pkl-9-1,sub013,,sub013.pkl,3,train,True
sub013.pkl-9-2,sub013.pkl-9-2,sub013,,sub013.pkl,3,train,True
sub013.pkl-10-0,sub013.pkl-10-0,sub013,,sub013.pkl,3,train,True
sub013.pkl-10-1,sub013.pkl-10-1,sub013,,sub013.pkl,3,train,True
sub013.pkl-10-2,sub013.pkl-10-2,sub013,,sub013.pkl,3,train,True
sub013.pkl-11-0,sub013.pkl-11-0,sub013,,sub013.pkl,3,train,True
sub013.pkl-11-1,sub013.pkl-11-1,sub013,,sub013.pkl,3,train,True
sub013.pkl-11-2,sub013.pkl-11-2,sub013,,sub013.pkl,3,train,True
sub013.pkl-12-0,sub013.pkl-12-0,sub013,,sub013.pkl,4,train,True
sub013.pkl-12-1,sub013.pkl-12-1,sub013,,sub013.pkl,4,train,True
sub013.pkl-12-2,sub013.pkl-12-2,sub013,,sub013.pkl,4,train,True
sub013.pkl-13-0,sub013.pkl-13-0,sub013,,sub013.pkl,4,train,True
sub013.pkl-13-1,sub013.pkl-13-1,sub013,,sub013.pkl,4,train,True
sub013.pkl-13-2,sub013.pkl-13-2,sub013,,sub013.pkl,4,train,True
sub013.pkl-14-0,sub013.pkl-14-0,sub013,,sub013.pkl,4,train,True
sub013.pkl-14-1,sub013.pkl-14-1,sub013,,sub013.pkl,4,train,True
sub013.pkl-14-2,sub013.pkl-14-2,sub013,,sub013.pkl,4,train,True
sub013.pkl-15-0,sub013.pkl-15-0,sub013,,sub013.pkl,4,train,True
sub013.pkl-15-1,sub013.pkl-15-1,sub013,,sub013.pkl,4,train,True
sub013.pkl-15-2,sub013.pkl-15-2,sub013,,sub013.pkl,4,train,True
sub013.pkl-16-0,sub013.pkl-16-0,sub013,,sub013.pkl,5,train,True
sub013.pkl-16-1,sub013.pkl-16-1,sub013,,sub013.pkl,5,train,True
sub013.pkl-16-2,sub013.pkl-16-2,sub013,,sub013.pkl,5,train,True
sub013.pkl-17-0,sub013.pkl-17-0,sub013,,sub013.pkl,5,train,True
sub013.pkl-17-1,sub013.pkl-17-1,sub013,,sub013.pkl,5,train,True
sub013.pkl-17-2,sub013.pkl-17-2,sub013,,sub013.pkl,5,train,True
sub013.pkl-18-0,sub013.pkl-18-0,sub013,,sub013.pkl,5,train,True
sub013.pkl-18-1,sub013.pkl-18-1,sub013,,sub013.pkl,5,train,True
sub013.pkl-18-2,sub013.pkl-18-2,sub013,,sub013.pkl,5,train,True
sub013.pkl-19-0,sub013.pkl-19-0,sub013,,sub013.pkl,6,train,True
sub013.pkl-19-1,sub013.pkl-19-1,sub013,,sub013.pkl,6,train,True
sub013.pkl-19-2,sub013.pkl-19-2,sub013,,sub013.pkl,6,train,True
sub013.pkl-20-0,sub013.pkl-20-0,sub013,,sub013.pkl,6,train,True
sub013.pkl-20-1,sub013.pkl-20-1,sub013,,sub013.pkl,6,train,True
sub013.pkl-20-2,sub013.pkl-20-2,sub013,,sub013.pkl,6,train,True
sub013.pkl-21-0,sub013.pkl-21-0,sub013,,sub013.pkl,6,train,True
sub013.pkl-21-1,sub013.pkl-21-1,sub013,,sub013.pkl,6,train,True
sub013.pkl-21-2,sub013.pkl-21-2,sub013,,sub013.pkl,6,train,True
sub013.pkl-22-0,sub013.pkl-22-0,sub013,,sub013.pkl,7,train,True
sub013.pkl-22-1,sub013.pkl-22-1,sub013,,sub013.pkl,7,train,True
sub013.pkl-22-2,sub013.pkl-22-2,sub013,,sub013.pkl,7,train,True
sub013.pkl-23-0,sub013.pkl-23-0,sub013,,sub013.pkl,7,train,True
sub013.pkl-23-1,sub013.pkl-23-1,sub013,,sub013.pkl,7,train,True
sub013.pkl-23-2,sub013.pkl-23-2,sub013,,sub013.pkl,7,train,True
sub013.pkl-24-0,sub013.pkl-24-0,sub013,,sub013.pkl,7,train,True
sub013.pkl-24-1,sub013.pkl-24-1,sub013,,sub013.pkl,7,train,True
sub013.pkl-24-2,sub013.pkl-24-2,sub013,,sub013.pkl,7,train,True
sub013.pkl-25-0,sub013.pkl-25-0,sub013,,sub013.pkl,8,train,True
sub013.pkl-25-1,sub013.pkl-25-1,sub013,,sub013.pkl,8,train,True
sub013.pkl-25-2,sub013.pkl-25-2,sub013,,sub013.pkl,8,train,True
sub013.pkl-26-0,sub013.pkl-26-0,sub013,,sub013.pkl,8,train,True
sub013.pkl-26-1,sub013.pkl-26-1,sub013,,sub013.pkl,8,train,True
sub013.pkl-26-2,sub013.pkl-26-2,sub013,,sub013.pkl,8,train,True
sub013.pkl-27-0,sub013.pkl-27-0,sub013,,sub013.pkl,8,train,True
sub013.pkl-27-1,sub013.pkl-27-1,sub013,,sub013.pkl,8,train,True
sub013.pkl-27-2,sub013.pkl-27-2,sub013,,sub013.pkl,8,train,True
sub014.pkl-0-0,sub014.pkl-0-0,sub014,,sub014.pkl,0,train,True
sub014.pkl-0-1,sub014.pkl-0-1,sub014,,sub014.pkl,0,train,True
sub014.pkl-0-2,sub014.pkl-0-2,sub014,,sub014.pkl,0,train,True
sub014.pkl-1-0,sub014.pkl-1-0,sub014,,sub014.pkl,0,train,True
sub014.pkl-1-1,sub014.pkl-1-1,sub014,,sub014.pkl,0,train,True
sub014.pkl-1-2,sub014.pkl-1-2,sub014,,sub014.pkl,0,train,True
sub014.pkl-2-0,sub014.pkl-2-0,sub014,,sub014.pkl,0,train,True
sub014.pkl-2-1,sub014.pkl-2-1,sub014,,sub014.pkl,0,train,True
sub014.pkl-2-2,sub014.pkl-2-2,sub014,,sub014.pkl,0,train,True
sub014.pkl-3-0,sub014.pkl-3-0,sub014,,sub014.pkl,1,train,True
sub014.pkl-3-1,sub014.pkl-3-1,sub014,,sub014.pkl,1,train,True
sub014.pkl-3-2,sub014.pkl-3-2,sub014,,sub014.pkl,1,train,True
sub014.pkl-4-0,sub014.pkl-4-0,sub014,,sub014.pkl,1,train,True
sub014.pkl-4-1,sub014.pkl-4-1,sub014,,sub014.pkl,1,train,True
sub014.pkl-4-2,sub014.pkl-4-2,sub014,,sub014.pkl,1,train,True
sub014.pkl-5-0,sub014.pkl-5-0,sub014,,sub014.pkl,1,train,True
sub014.pkl-5-1,sub014.pkl-5-1,sub014,,sub014.pkl,1,train,True
sub014.pkl-5-2,sub014.pkl-5-2,sub014,,sub014.pkl,1,train,True
sub014.pkl-6-0,sub014.pkl-6-0,sub014,,sub014.pkl,2,train,True
sub014.pkl-6-1,sub014.pkl-6-1,sub014,,sub014.pkl,2,train,True
sub014.pkl-6-2,sub014.pkl-6-2,sub014,,sub014.pkl,2,train,True
sub014.pkl-7-0,sub014.pkl-7-0,sub014,,sub014.pkl,2,train,True
sub014.pkl-7-1,sub014.pkl-7-1,sub014,,sub014.pkl,2,train,True
sub014.pkl-7-2,sub014.pkl-7-2,sub014,,sub014.pkl,2,train,True
sub014.pkl-8-0,sub014.pkl-8-0,sub014,,sub014.pkl,2,train,True
sub014.pkl-8-1,sub014.pkl-8-1,sub014,,sub014.pkl,2,train,True
sub014.pkl-8-2,sub014.pkl-8-2,sub014,,sub014.pkl,2,train,True
sub014.pkl-9-0,sub014.pkl-9-0,sub014,,sub014.pkl,3,train,True
sub014.pkl-9-1,sub014.pkl-9-1,sub014,,sub014.pkl,3,train,True
sub014.pkl-9-2,sub014.pkl-9-2,sub014,,sub014.pkl,3,train,True
sub014.pkl-10-0,sub014.pkl-10-0,sub014,,sub014.pkl,3,train,True
sub014.pkl-10-1,sub014.pkl-10-1,sub014,,sub014.pkl,3,train,True
sub014.pkl-10-2,sub014.pkl-10-2,sub014,,sub014.pkl,3,train,True
sub014.pkl-11-0,sub014.pkl-11-0,sub014,,sub014.pkl,3,train,True
sub014.pkl-11-1,sub014.pkl-11-1,sub014,,sub014.pkl,3,train,True
sub014.pkl-11-2,sub014.pkl-11-2,sub014,,sub014.pkl,3,train,True
sub014.pkl-12-0,sub014.pkl-12-0,sub014,,sub014.pkl,4,train,True
sub014.pkl-12-1,sub014.pkl-12-1,sub014,,sub014.pkl,4,train,True
sub014.pkl-12-2,sub014.pkl-12-2,sub014,,sub014.pkl,4,train,True
sub014.pkl-13-0,sub014.pkl-13-0,sub014,,sub014.pkl,4,train,True
sub014.pkl-13-1,sub014.pkl-13-1,sub014,,sub014.pkl,4,train,True
sub014.pkl-13-2,sub014.pkl-13-2,sub014,,sub014.pkl,4,train,True
sub014.pkl-14-0,sub014.pkl-14-0,sub014,,sub014.pkl,4,train,True
sub014.pkl-14-1,sub014.pkl-14-1,sub014,,sub014.pkl,4,train,True
sub014.pkl-14-2,sub014.pkl-14-2,sub014,,sub014.pkl,4,train,True
sub014.pkl-15-0,sub014.pkl-15-0,sub014,,sub014.pkl,4,train,True
sub014.pkl-15-1,sub014.pkl-15-1,sub014,,sub014.pkl,4,train,True
sub014.pkl-15-2,sub014.pkl-15-2,sub014,,sub014.pkl,4,train,True
sub014.pkl-16-0,sub014.pkl-16-0,sub014,,sub014.pkl,5,train,True
sub014.pkl-16-1,sub014.pkl-16-1,sub014,,sub014.pkl,5,train,True
sub014.pkl-16-2,sub014.pkl-16-2,sub014,,sub014.pkl,5,train,True
sub014.pkl-17-0,sub014.pkl-17-0,sub014,,sub014.pkl,5,train,True
sub014.pkl-17-1,sub014.pkl-17-1,sub014,,sub014.pkl,5,train,True
sub014.pkl-17-2,sub014.pkl-17-2,sub014,,sub014.pkl,5,train,True
sub014.pkl-18-0,sub014.pkl-18-0,sub014,,sub014.pkl,5,train,True
sub014.pkl-18-1,sub014.pkl-18-1,sub014,,sub014.pkl,5,train,True
sub014.pkl-18-2,sub014.pkl-18-2,sub014,,sub014.pkl,5,train,True
sub014.pkl-19-0,sub014.pkl-19-0,sub014,,sub014.pkl,6,train,True
sub014.pkl-19-1,sub014.pkl-19-1,sub014,,sub014.pkl,6,train,True
sub014.pkl-19-2,sub014.pkl-19-2,sub014,,sub014.pkl,6,train,True
sub014.pkl-20-0,sub014.pkl-20-0,sub014,,sub014.pkl,6,train,True
sub014.pkl-20-1,sub014.pkl-20-1,sub014,,sub014.pkl,6,train,True
sub014.pkl-20-2,sub014.pkl-20-2,sub014,,sub014.pkl,6,train,True
sub014.pkl-21-0,sub014.pkl-21-0,sub014,,sub014.pkl,6,train,True
sub014.pkl-21-1,sub014.pkl-21-1,sub014,,sub014.pkl,6,train,True
sub014.pkl-21-2,sub014.pkl-21-2,sub014,,sub014.pkl,6,train,True
sub014.pkl-22-0,sub014.pkl-22-0,sub014,,sub014.pkl,7,train,True
sub014.pkl-22-1,sub014.pkl-22-1,sub014,,sub014.pkl,7,train,True
sub014.pkl-22-2,sub014.pkl-22-2,sub014,,sub014.pkl,7,train,True
sub014.pkl-23-0,sub014.pkl-23-0,sub014,,sub014.pkl,7,train,True
sub014.pkl-23-1,sub014.pkl-23-1,sub014,,sub014.pkl,7,train,True
sub014.pkl-23-2,sub014.pkl-23-2,sub014,,sub014.pkl,7,train,True
sub014.pkl-24-0,sub014.pkl-24-0,sub014,,sub014.pkl,7,train,True
sub014.pkl-24-1,sub014.pkl-24-1,sub014,,sub014.pkl,7,train,True
sub014.pkl-24-2,sub014.pkl-24-2,sub014,,sub014.pkl,7,train,True
sub014.pkl-25-0,sub014.pkl-25-0,sub014,,sub014.pkl,8,train,True
sub014.pkl-25-1,sub014.pkl-25-1,sub014,,sub014.pkl,8,train,True
sub014.pkl-25-2,sub014.pkl-25-2,sub014,,sub014.pkl,8,train,True
sub014.pkl-26-0,sub014.pkl-26-0,sub014,,sub014.pkl,8,train,True
sub014.pkl-26-1,sub014.pkl-26-1,sub014,,sub014.pkl,8,train,True
sub014.pkl-26-2,sub014.pkl-26-2,sub014,,sub014.pkl,8,train,True
sub014.pkl-27-0,sub014.pkl-27-0,sub014,,sub014.pkl,8,train,True
sub014.pkl-27-1,sub014.pkl-27-1,sub014,,sub014.pkl,8,train,True
sub014.pkl-27-2,sub014.pkl-27-2,sub014,,sub014.pkl,8,train,True
sub015.pkl-0-0,sub015.pkl-0-0,sub015,,sub015.pkl,0,train,True
sub015.pkl-0-1,sub015.pkl-0-1,sub015,,sub015.pkl,0,train,True
sub015.pkl-0-2,sub015.pkl-0-2,sub015,,sub015.pkl,0,train,True
sub015.pkl-1-0,sub015.pkl-1-0,sub015,,sub015.pkl,0,train,True
sub015.pkl-1-1,sub015.pkl-1-1,sub015,,sub015.pkl,0,train,True
sub015.pkl-1-2,sub015.pkl-1-2,sub015,,sub015.pkl,0,train,True
sub015.pkl-2-0,sub015.pkl-2-0,sub015,,sub015.pkl,0,train,True
sub015.pkl-2-1,sub015.pkl-2-1,sub015,,sub015.pkl,0,train,True
sub015.pkl-2-2,sub015.pkl-2-2,sub015,,sub015.pkl,0,train,True
sub015.pkl-3-0,sub015.pkl-3-0,sub015,,sub015.pkl,1,train,True
sub015.pkl-3-1,sub015.pkl-3-1,sub015,,sub015.pkl,1,train,True
sub015.pkl-3-2,sub015.pkl-3-2,sub015,,sub015.pkl,1,train,True
sub015.pkl-4-0,sub015.pkl-4-0,sub015,,sub015.pkl,1,train,True
sub015.pkl-4-1,sub015.pkl-4-1,sub015,,sub015.pkl,1,train,True
sub015.pkl-4-2,sub015.pkl-4-2,sub015,,sub015.pkl,1,train,True
sub015.pkl-5-0,sub015.pkl-5-0,sub015,,sub015.pkl,1,train,True
sub015.pkl-5-1,sub015.pkl-5-1,sub015,,sub015.pkl,1,train,True
sub015.pkl-5-2,sub015.pkl-5-2,sub015,,sub015.pkl,1,train,True
sub015.pkl-6-0,sub015.pkl-6-0,sub015,,sub015.pkl,2,train,True
sub015.pkl-6-1,sub015.pkl-6-1,sub015,,sub015.pkl,2,train,True
sub015.pkl-6-2,sub015.pkl-6-2,sub015,,sub015.pkl,2,train,True
sub015.pkl-7-0,sub015.pkl-7-0,sub015,,sub015.pkl,2,train,True
sub015.pkl-7-1,sub015.pkl-7-1,sub015,,sub015.pkl,2,train,True
sub015.pkl-7-2,sub015.pkl-7-2,sub015,,sub015.pkl,2,train,True
sub015.pkl-8-0,sub015.pkl-8-0,sub015,,sub015.pkl,2,train,True
sub015.pkl-8-1,sub015.pkl-8-1,sub015,,sub015.pkl,2,train,True
sub015.pkl-8-2,sub015.pkl-8-2,sub015,,sub015.pkl,2,train,True
sub015.pkl-9-0,sub015.pkl-9-0,sub015,,sub015.pkl,3,train,True
sub015.pkl-9-1,sub015.pkl-9-1,sub015,,sub015.pkl,3,train,True
sub015.pkl-9-2,sub015.pkl-9-2,sub015,,sub015.pkl,3,train,True
sub015.pkl-10-0,sub015.pkl-10-0,sub015,,sub015.pkl,3,train,True
sub015.pkl-10-1,sub015.pkl-10-1,sub015,,sub015.pkl,3,train,True
sub015.pkl-10-2,sub015.pkl-10-2,sub015,,sub015.pkl,3,train,True
sub015.pkl-11-0,sub015.pkl-11-0,sub015,,sub015.pkl,3,train,True
sub015.pkl-11-1,sub015.pkl-11-1,sub015,,sub015.pkl,3,train,True
sub015.pkl-11-2,sub015.pkl-11-2,sub015,,sub015.pkl,3,train,True
sub015.pkl-12-0,sub015.pkl-12-0,sub015,,sub015.pkl,4,train,True
sub015.pkl-12-1,sub015.pkl-12-1,sub015,,sub015.pkl,4,train,True
sub015.pkl-12-2,sub015.pkl-12-2,sub015,,sub015.pkl,4,train,True
sub015.pkl-13-0,sub015.pkl-13-0,sub015,,sub015.pkl,4,train,True
sub015.pkl-13-1,sub015.pkl-13-1,sub015,,sub015.pkl,4,train,True
sub015.pkl-13-2,sub015.pkl-13-2,sub015,,sub015.pkl,4,train,True
sub015.pkl-14-0,sub015.pkl-14-0,sub015,,sub015.pkl,4,train,True
sub015.pkl-14-1,sub015.pkl-14-1,sub015,,sub015.pkl,4,train,True
sub015.pkl-14-2,sub015.pkl-14-2,sub015,,sub015.pkl,4,train,True
sub015.pkl-15-0,sub015.pkl-15-0,sub015,,sub015.pkl,4,train,True
sub015.pkl-15-1,sub015.pkl-15-1,sub015,,sub015.pkl,4,train,True
sub015.pkl-15-2,sub015.pkl-15-2,sub015,,sub015.pkl,4,train,True
sub015.pkl-16-0,sub015.pkl-16-0,sub015,,sub015.pkl,5,train,True
sub015.pkl-16-1,sub015.pkl-16-1,sub015,,sub015.pkl,5,train,True
sub015.pkl-16-2,sub015.pkl-16-2,sub015,,sub015.pkl,5,train,True
sub015.pkl-17-0,sub015.pkl-17-0,sub015,,sub015.pkl,5,train,True
sub015.pkl-17-1,sub015.pkl-17-1,sub015,,sub015.pkl,5,train,True
sub015.pkl-17-2,sub015.pkl-17-2,sub015,,sub015.pkl,5,train,True
sub015.pkl-18-0,sub015.pkl-18-0,sub015,,sub015.pkl,5,train,True
sub015.pkl-18-1,sub015.pkl-18-1,sub015,,sub015.pkl,5,train,True
sub015.pkl-18-2,sub015.pkl-18-2,sub015,,sub015.pkl,5,train,True
sub015.pkl-19-0,sub015.pkl-19-0,sub015,,sub015.pkl,6,train,True
sub015.pkl-19-1,sub015.pkl-19-1,sub015,,sub015.pkl,6,train,True
sub015.pkl-19-2,sub015.pkl-19-2,sub015,,sub015.pkl,6,train,True
sub015.pkl-20-0,sub015.pkl-20-0,sub015,,sub015.pkl,6,train,True
sub015.pkl-20-1,sub015.pkl-20-1,sub015,,sub015.pkl,6,train,True
sub015.pkl-20-2,sub015.pkl-20-2,sub015,,sub015.pkl,6,train,True
sub015.pkl-21-0,sub015.pkl-21-0,sub015,,sub015.pkl,6,train,True
sub015.pkl-21-1,sub015.pkl-21-1,sub015,,sub015.pkl,6,train,True
sub015.pkl-21-2,sub015.pkl-21-2,sub015,,sub015.pkl,6,train,True
sub015.pkl-22-0,sub015.pkl-22-0,sub015,,sub015.pkl,7,train,True
sub015.pkl-22-1,sub015.pkl-22-1,sub015,,sub015.pkl,7,train,True
sub015.pkl-22-2,sub015.pkl-22-2,sub015,,sub015.pkl,7,train,True
sub015.pkl-23-0,sub015.pkl-23-0,sub015,,sub015.pkl,7,train,True
sub015.pkl-23-1,sub015.pkl-23-1,sub015,,sub015.pkl,7,train,True
sub015.pkl-23-2,sub015.pkl-23-2,sub015,,sub015.pkl,7,train,True
sub015.pkl-24-0,sub015.pkl-24-0,sub015,,sub015.pkl,7,train,True
sub015.pkl-24-1,sub015.pkl-24-1,sub015,,sub015.pkl,7,train,True
sub015.pkl-24-2,sub015.pkl-24-2,sub015,,sub015.pkl,7,train,True
sub015.pkl-25-0,sub015.pkl-25-0,sub015,,sub015.pkl,8,train,True
sub015.pkl-25-1,sub015.pkl-25-1,sub015,,sub015.pkl,8,train,True
sub015.pkl-25-2,sub015.pkl-25-2,sub015,,sub015.pkl,8,train,True
sub015.pkl-26-0,sub015.pkl-26-0,sub015,,sub015.pkl,8,train,True
sub015.pkl-26-1,sub015.pkl-26-1,sub015,,sub015.pkl,8,train,True
sub015.pkl-26-2,sub015.pkl-26-2,sub015,,sub015.pkl,8,train,True
sub015.pkl-27-0,sub015.pkl-27-0,sub015,,sub015.pkl,8,train,True
sub015.pkl-27-1,sub015.pkl-27-1,sub015,,sub015.pkl,8,train,True
sub015.pkl-27-2,sub015.pkl-27-2,sub015,,sub015.pkl,8,train,True
sub016.pkl-0-0,sub016.pkl-0-0,sub016,,sub016.pkl,0,train,True
sub016.pkl-0-1,sub016.pkl-0-1,sub016,,sub016.pkl,0,train,True
sub016.pkl-0-2,sub016.pkl-0-2,sub016,,sub016.pkl,0,train,True
sub016.pkl-1-0,sub016.pkl-1-0,sub016,,sub016.pkl,0,train,True
sub016.pkl-1-1,sub016.pkl-1-1,sub016,,sub016.pkl,0,train,True
sub016.pkl-1-2,sub016.pkl-1-2,sub016,,sub016.pkl,0,train,True
sub016.pkl-2-0,sub016.pkl-2-0,sub016,,sub016.pkl,0,train,True
sub016.pkl-2-1,sub016.pkl-2-1,sub016,,sub016.pkl,0,train,True
sub016.pkl-2-2,sub016.pkl-2-2,sub016,,sub016.pkl,0,train,True
sub016.pkl-3-0,sub016.pkl-3-0,sub016,,sub016.pkl,1,train,True
sub016.pkl-3-1,sub016.pkl-3-1,sub016,,sub016.pkl,1,train,True
sub016.pkl-3-2,sub016.pkl-3-2,sub016,,sub016.pkl,1,train,True
sub016.pkl-4-0,sub016.pkl-4-0,sub016,,sub016.pkl,1,train,True
sub016.pkl-4-1,sub016.pkl-4-1,sub016,,sub016.pkl,1,train,True
sub016.pkl-4-2,sub016.pkl-4-2,sub016,,sub016.pkl,1,train,True
sub016.pkl-5-0,sub016.pkl-5-0,sub016,,sub016.pkl,1,train,True
sub016.pkl-5-1,sub016.pkl-5-1,sub016,,sub016.pkl,1,train,True
sub016.pkl-5-2,sub016.pkl-5-2,sub016,,sub016.pkl,1,train,True
sub016.pkl-6-0,sub016.pkl-6-0,sub016,,sub016.pkl,2,train,True
sub016.pkl-6-1,sub016.pkl-6-1,sub016,,sub016.pkl,2,train,True
sub016.pkl-6-2,sub016.pkl-6-2,sub016,,sub016.pkl,2,train,True
sub016.pkl-7-0,sub016.pkl-7-0,sub016,,sub016.pkl,2,train,True
sub016.pkl-7-1,sub016.pkl-7-1,sub016,,sub016.pkl,2,train,True
sub016.pkl-7-2,sub016.pkl-7-2,sub016,,sub016.pkl,2,train,True
sub016.pkl-8-0,sub016.pkl-8-0,sub016,,sub016.pkl,2,train,True
sub016.pkl-8-1,sub016.pkl-8-1,sub016,,sub016.pkl,2,train,True
sub016.pkl-8-2,sub016.pkl-8-2,sub016,,sub016.pkl,2,train,True
sub016.pkl-9-0,sub016.pkl-9-0,sub016,,sub016.pkl,3,train,True
sub016.pkl-9-1,sub016.pkl-9-1,sub016,,sub016.pkl,3,train,True
sub016.pkl-9-2,sub016.pkl-9-2,sub016,,sub016.pkl,3,train,True
sub016.pkl-10-0,sub016.pkl-10-0,sub016,,sub016.pkl,3,train,True
sub016.pkl-10-1,sub016.pkl-10-1,sub016,,sub016.pkl,3,train,True
sub016.pkl-10-2,sub016.pkl-10-2,sub016,,sub016.pkl,3,train,True
sub016.pkl-11-0,sub016.pkl-11-0,sub016,,sub016.pkl,3,train,True
sub016.pkl-11-1,sub016.pkl-11-1,sub016,,sub016.pkl,3,train,True
sub016.pkl-11-2,sub016.pkl-11-2,sub016,,sub016.pkl,3,train,True
sub016.pkl-12-0,sub016.pkl-12-0,sub016,,sub016.pkl,4,train,True
sub016.pkl-12-1,sub016.pkl-12-1,sub016,,sub016.pkl,4,train,True
sub016.pkl-12-2,sub016.pkl-12-2,sub016,,sub016.pkl,4,train,True
sub016.pkl-13-0,sub016.pkl-13-0,sub016,,sub016.pkl,4,train,True
sub016.pkl-13-1,sub016.pkl-13-1,sub016,,sub016.pkl,4,train,True
sub016.pkl-13-2,sub016.pkl-13-2,sub016,,sub016.pkl,4,train,True
sub016.pkl-14-0,sub016.pkl-14-0,sub016,,sub016.pkl,4,train,True
sub016.pkl-14-1,sub016.pkl-14-1,sub016,,sub016.pkl,4,train,True
sub016.pkl-14-2,sub016.pkl-14-2,sub016,,sub016.pkl,4,train,True
sub016.pkl-15-0,sub016.pkl-15-0,sub016,,sub016.pkl,4,train,True
sub016.pkl-15-1,sub016.pkl-15-1,sub016,,sub016.pkl,4,train,True
sub016.pkl-15-2,sub016.pkl-15-2,sub016,,sub016.pkl,4,train,True
sub016.pkl-16-0,sub016.pkl-16-0,sub016,,sub016.pkl,5,train,True
sub016.pkl-16-1,sub016.pkl-16-1,sub016,,sub016.pkl,5,train,True
sub016.pkl-16-2,sub016.pkl-16-2,sub016,,sub016.pkl,5,train,True
sub016.pkl-17-0,sub016.pkl-17-0,sub016,,sub016.pkl,5,train,True
sub016.pkl-17-1,sub016.pkl-17-1,sub016,,sub016.pkl,5,train,True
sub016.pkl-17-2,sub016.pkl-17-2,sub016,,sub016.pkl,5,train,True
sub016.pkl-18-0,sub016.pkl-18-0,sub016,,sub016.pkl,5,train,True
sub016.pkl-18-1,sub016.pkl-18-1,sub016,,sub016.pkl,5,train,True
sub016.pkl-18-2,sub016.pkl-18-2,sub016,,sub016.pkl,5,train,True
sub016.pkl-19-0,sub016.pkl-19-0,sub016,,sub016.pkl,6,train,True
sub016.pkl-19-1,sub016.pkl-19-1,sub016,,sub016.pkl,6,train,True
sub016.pkl-19-2,sub016.pkl-19-2,sub016,,sub016.pkl,6,train,True
sub016.pkl-20-0,sub016.pkl-20-0,sub016,,sub016.pkl,6,train,True
sub016.pkl-20-1,sub016.pkl-20-1,sub016,,sub016.pkl,6,train,True
sub016.pkl-20-2,sub016.pkl-20-2,sub016,,sub016.pkl,6,train,True
sub016.pkl-21-0,sub016.pkl-21-0,sub016,,sub016.pkl,6,train,True
sub016.pkl-21-1,sub016.pkl-21-1,sub016,,sub016.pkl,6,train,True
sub016.pkl-21-2,sub016.pkl-21-2,sub016,,sub016.pkl,6,train,True
sub016.pkl-22-0,sub016.pkl-22-0,sub016,,sub016.pkl,7,train,True
sub016.pkl-22-1,sub016.pkl-22-1,sub016,,sub016.pkl,7,train,True
sub016.pkl-22-2,sub016.pkl-22-2,sub016,,sub016.pkl,7,train,True
sub016.pkl-23-0,sub016.pkl-23-0,sub016,,sub016.pkl,7,train,True
sub016.pkl-23-1,sub016.pkl-23-1,sub016,,sub016.pkl,7,train,True
sub016.pkl-23-2,sub016.pkl-23-2,sub016,,sub016.pkl,7,train,True
sub016.pkl-24-0,sub016.pkl-24-0,sub016,,sub016.pkl,7,train,True
sub016.pkl-24-1,sub016.pkl-24-1,sub016,,sub016.pkl,7,train,True
sub016.pkl-24-2,sub016.pkl-24-2,sub016,,sub016.pkl,7,train,True
sub016.pkl-25-0,sub016.pkl-25-0,sub016,,sub016.pkl,8,train,True
sub016.pkl-25-1,sub016.pkl-25-1,sub016,,sub016.pkl,8,train,True
sub016.pkl-25-2,sub016.pkl-25-2,sub016,,sub016.pkl,8,train,True
sub016.pkl-26-0,sub016.pkl-26-0,sub016,,sub016.pkl,8,train,True
sub016.pkl-26-1,sub016.pkl-26-1,sub016,,sub016.pkl,8,train,True
sub016.pkl-26-2,sub016.pkl-26-2,sub016,,sub016.pkl,8,train,True
sub016.pkl-27-0,sub016.pkl-27-0,sub016,,sub016.pkl,8,train,True
sub016.pkl-27-1,sub016.pkl-27-1,sub016,,sub016.pkl,8,train,True
sub016.pkl-27-2,sub016.pkl-27-2,sub016,,sub016.pkl,8,train,True
sub017.pkl-0-0,sub017.pkl-0-0,sub017,,sub017.pkl,0,train,True
sub017.pkl-0-1,sub017.pkl-0-1,sub017,,sub017.pkl,0,train,True
sub017.pkl-0-2,sub017.pkl-0-2,sub017,,sub017.pkl,0,train,True
sub017.pkl-1-0,sub017.pkl-1-0,sub017,,sub017.pkl,0,train,True
sub017.pkl-1-1,sub017.pkl-1-1,sub017,,sub017.pkl,0,train,True
sub017.pkl-1-2,sub017.pkl-1-2,sub017,,sub017.pkl,0,train,True
sub017.pkl-2-0,sub017.pkl-2-0,sub017,,sub017.pkl,0,train,True
sub017.pkl-2-1,sub017.pkl-2-1,sub017,,sub017.pkl,0,train,True
sub017.pkl-2-2,sub017.pkl-2-2,sub017,,sub017.pkl,0,train,True
sub017.pkl-3-0,sub017.pkl-3-0,sub017,,sub017.pkl,1,train,True
sub017.pkl-3-1,sub017.pkl-3-1,sub017,,sub017.pkl,1,train,True
sub017.pkl-3-2,sub017.pkl-3-2,sub017,,sub017.pkl,1,train,True
sub017.pkl-4-0,sub017.pkl-4-0,sub017,,sub017.pkl,1,train,True
sub017.pkl-4-1,sub017.pkl-4-1,sub017,,sub017.pkl,1,train,True
sub017.pkl-4-2,sub017.pkl-4-2,sub017,,sub017.pkl,1,train,True
sub017.pkl-5-0,sub017.pkl-5-0,sub017,,sub017.pkl,1,train,True
sub017.pkl-5-1,sub017.pkl-5-1,sub017,,sub017.pkl,1,train,True
sub017.pkl-5-2,sub017.pkl-5-2,sub017,,sub017.pkl,1,train,True
sub017.pkl-6-0,sub017.pkl-6-0,sub017,,sub017.pkl,2,train,True
sub017.pkl-6-1,sub017.pkl-6-1,sub017,,sub017.pkl,2,train,True
sub017.pkl-6-2,sub017.pkl-6-2,sub017,,sub017.pkl,2,train,True
sub017.pkl-7-0,sub017.pkl-7-0,sub017,,sub017.pkl,2,train,True
sub017.pkl-7-1,sub017.pkl-7-1,sub017,,sub017.pkl,2,train,True
sub017.pkl-7-2,sub017.pkl-7-2,sub017,,sub017.pkl,2,train,True
sub017.pkl-8-0,sub017.pkl-8-0,sub017,,sub017.pkl,2,train,True
sub017.pkl-8-1,sub017.pkl-8-1,sub017,,sub017.pkl,2,train,True
sub017.pkl-8-2,sub017.pkl-8-2,sub017,,sub017.pkl,2,train,True
sub017.pkl-9-0,sub017.pkl-9-0,sub017,,sub017.pkl,3,train,True
sub017.pkl-9-1,sub017.pkl-9-1,sub017,,sub017.pkl,3,train,True
sub017.pkl-9-2,sub017.pkl-9-2,sub017,,sub017.pkl,3,train,True
sub017.pkl-10-0,sub017.pkl-10-0,sub017,,sub017.pkl,3,train,True
sub017.pkl-10-1,sub017.pkl-10-1,sub017,,sub017.pkl,3,train,True
sub017.pkl-10-2,sub017.pkl-10-2,sub017,,sub017.pkl,3,train,True
sub017.pkl-11-0,sub017.pkl-11-0,sub017,,sub017.pkl,3,train,True
sub017.pkl-11-1,sub017.pkl-11-1,sub017,,sub017.pkl,3,train,True
sub017.pkl-11-2,sub017.pkl-11-2,sub017,,sub017.pkl,3,train,True
sub017.pkl-12-0,sub017.pkl-12-0,sub017,,sub017.pkl,4,train,True
sub017.pkl-12-1,sub017.pkl-12-1,sub017,,sub017.pkl,4,train,True
sub017.pkl-12-2,sub017.pkl-12-2,sub017,,sub017.pkl,4,train,True
sub017.pkl-13-0,sub017.pkl-13-0,sub017,,sub017.pkl,4,train,True
sub017.pkl-13-1,sub017.pkl-13-1,sub017,,sub017.pkl,4,train,True
sub017.pkl-13-2,sub017.pkl-13-2,sub017,,sub017.pkl,4,train,True
sub017.pkl-14-0,sub017.pkl-14-0,sub017,,sub017.pkl,4,train,True
sub017.pkl-14-1,sub017.pkl-14-1,sub017,,sub017.pkl,4,train,True
sub017.pkl-14-2,sub017.pkl-14-2,sub017,,sub017.pkl,4,train,True
sub017.pkl-15-0,sub017.pkl-15-0,sub017,,sub017.pkl,4,train,True
sub017.pkl-15-1,sub017.pkl-15-1,sub017,,sub017.pkl,4,train,True
sub017.pkl-15-2,sub017.pkl-15-2,sub017,,sub017.pkl,4,train,True
sub017.pkl-16-0,sub017.pkl-16-0,sub017,,sub017.pkl,5,train,True
sub017.pkl-16-1,sub017.pkl-16-1,sub017,,sub017.pkl,5,train,True
sub017.pkl-16-2,sub017.pkl-16-2,sub017,,sub017.pkl,5,train,True
sub017.pkl-17-0,sub017.pkl-17-0,sub017,,sub017.pkl,5,train,True
sub017.pkl-17-1,sub017.pkl-17-1,sub017,,sub017.pkl,5,train,True
sub017.pkl-17-2,sub017.pkl-17-2,sub017,,sub017.pkl,5,train,True
sub017.pkl-18-0,sub017.pkl-18-0,sub017,,sub017.pkl,5,train,True
sub017.pkl-18-1,sub017.pkl-18-1,sub017,,sub017.pkl,5,train,True
sub017.pkl-18-2,sub017.pkl-18-2,sub017,,sub017.pkl,5,train,True
sub017.pkl-19-0,sub017.pkl-19-0,sub017,,sub017.pkl,6,train,True
sub017.pkl-19-1,sub017.pkl-19-1,sub017,,sub017.pkl,6,train,True
sub017.pkl-19-2,sub017.pkl-19-2,sub017,,sub017.pkl,6,train,True
sub017.pkl-20-0,sub017.pkl-20-0,sub017,,sub017.pkl,6,train,True
sub017.pkl-20-1,sub017.pkl-20-1,sub017,,sub017.pkl,6,train,True
sub017.pkl-20-2,sub017.pkl-20-2,sub017,,sub017.pkl,6,train,True
sub017.pkl-21-0,sub017.pkl-21-0,sub017,,sub017.pkl,6,train,True
sub017.pkl-21-1,sub017.pkl-21-1,sub017,,sub017.pkl,6,train,True
sub017.pkl-21-2,sub017.pkl-21-2,sub017,,sub017.pkl,6,train,True
sub017.pkl-22-0,sub017.pkl-22-0,sub017,,sub017.pkl,7,train,True
sub017.pkl-22-1,sub017.pkl-22-1,sub017,,sub017.pkl,7,train,True
sub017.pkl-22-2,sub017.pkl-22-2,sub017,,sub017.pkl,7,train,True
sub017.pkl-23-0,sub017.pkl-23-0,sub017,,sub017.pkl,7,train,True
sub017.pkl-23-1,sub017.pkl-23-1,sub017,,sub017.pkl,7,train,True
sub017.pkl-23-2,sub017.pkl-23-2,sub017,,sub017.pkl,7,train,True
sub017.pkl-24-0,sub017.pkl-24-0,sub017,,sub017.pkl,7,train,True
sub017.pkl-24-1,sub017.pkl-24-1,sub017,,sub017.pkl,7,train,True
sub017.pkl-24-2,sub017.pkl-24-2,sub017,,sub017.pkl,7,train,True
sub017.pkl-25-0,sub017.pkl-25-0,sub017,,sub017.pkl,8,train,True
sub017.pkl-25-1,sub017.pkl-25-1,sub017,,sub017.pkl,8,train,True
sub017.pkl-25-2,sub017.pkl-25-2,sub017,,sub017.pkl,8,train,True
sub017.pkl-26-0,sub017.pkl-26-0,sub017,,sub017.pkl,8,train,True
sub017.pkl-26-1,sub017.pkl-26-1,sub017,,sub017.pkl,8,train,True
sub017.pkl-26-2,sub017.pkl-26-2,sub017,,sub017.pkl,8,train,True
sub017.pkl-27-0,sub017.pkl-27-0,sub017,,sub017.pkl,8,train,True
sub017.pkl-27-1,sub017.pkl-27-1,sub017,,sub017.pkl,8,train,True
sub017.pkl-27-2,sub017.pkl-27-2,sub017,,sub017.pkl,8,train,True
sub018.pkl-0-0,sub018.pkl-0-0,sub018,,sub018.pkl,0,train,True
sub018.pkl-0-1,sub018.pkl-0-1,sub018,,sub018.pkl,0,train,True
sub018.pkl-0-2,sub018.pkl-0-2,sub018,,sub018.pkl,0,train,True
sub018.pkl-1-0,sub018.pkl-1-0,sub018,,sub018.pkl,0,train,True
sub018.pkl-1-1,sub018.pkl-1-1,sub018,,sub018.pkl,0,train,True
sub018.pkl-1-2,sub018.pkl-1-2,sub018,,sub018.pkl,0,train,True
sub018.pkl-2-0,sub018.pkl-2-0,sub018,,sub018.pkl,0,train,True
sub018.pkl-2-1,sub018.pkl-2-1,sub018,,sub018.pkl,0,train,True
sub018.pkl-2-2,sub018.pkl-2-2,sub018,,sub018.pkl,0,train,True
sub018.pkl-3-0,sub018.pkl-3-0,sub018,,sub018.pkl,1,train,True
sub018.pkl-3-1,sub018.pkl-3-1,sub018,,sub018.pkl,1,train,True
sub018.pkl-3-2,sub018.pkl-3-2,sub018,,sub018.pkl,1,train,True
sub018.pkl-4-0,sub018.pkl-4-0,sub018,,sub018.pkl,1,train,True
sub018.pkl-4-1,sub018.pkl-4-1,sub018,,sub018.pkl,1,train,True
sub018.pkl-4-2,sub018.pkl-4-2,sub018,,sub018.pkl,1,train,True
sub018.pkl-5-0,sub018.pkl-5-0,sub018,,sub018.pkl,1,train,True
sub018.pkl-5-1,sub018.pkl-5-1,sub018,,sub018.pkl,1,train,True
sub018.pkl-5-2,sub018.pkl-5-2,sub018,,sub018.pkl,1,train,True
sub018.pkl-6-0,sub018.pkl-6-0,sub018,,sub018.pkl,2,train,True
sub018.pkl-6-1,sub018.pkl-6-1,sub018,,sub018.pkl,2,train,True
sub018.pkl-6-2,sub018.pkl-6-2,sub018,,sub018.pkl,2,train,True
sub018.pkl-7-0,sub018.pkl-7-0,sub018,,sub018.pkl,2,train,True
sub018.pkl-7-1,sub018.pkl-7-1,sub018,,sub018.pkl,2,train,True
sub018.pkl-7-2,sub018.pkl-7-2,sub018,,sub018.pkl,2,train,True
sub018.pkl-8-0,sub018.pkl-8-0,sub018,,sub018.pkl,2,train,True
sub018.pkl-8-1,sub018.pkl-8-1,sub018,,sub018.pkl,2,train,True
sub018.pkl-8-2,sub018.pkl-8-2,sub018,,sub018.pkl,2,train,True
sub018.pkl-9-0,sub018.pkl-9-0,sub018,,sub018.pkl,3,train,True
sub018.pkl-9-1,sub018.pkl-9-1,sub018,,sub018.pkl,3,train,True
sub018.pkl-9-2,sub018.pkl-9-2,sub018,,sub018.pkl,3,train,True
sub018.pkl-10-0,sub018.pkl-10-0,sub018,,sub018.pkl,3,train,True
sub018.pkl-10-1,sub018.pkl-10-1,sub018,,sub018.pkl,3,train,True
sub018.pkl-10-2,sub018.pkl-10-2,sub018,,sub018.pkl,3,train,True
sub018.pkl-11-0,sub018.pkl-11-0,sub018,,sub018.pkl,3,train,True
sub018.pkl-11-1,sub018.pkl-11-1,sub018,,sub018.pkl,3,train,True
sub018.pkl-11-2,sub018.pkl-11-2,sub018,,sub018.pkl,3,train,True
sub018.pkl-12-0,sub018.pkl-12-0,sub018,,sub018.pkl,4,train,True
sub018.pkl-12-1,sub018.pkl-12-1,sub018,,sub018.pkl,4,train,True
sub018.pkl-12-2,sub018.pkl-12-2,sub018,,sub018.pkl,4,train,True
sub018.pkl-13-0,sub018.pkl-13-0,sub018,,sub018.pkl,4,train,True
sub018.pkl-13-1,sub018.pkl-13-1,sub018,,sub018.pkl,4,train,True
sub018.pkl-13-2,sub018.pkl-13-2,sub018,,sub018.pkl,4,train,True
sub018.pkl-14-0,sub018.pkl-14-0,sub018,,sub018.pkl,4,train,True
sub018.pkl-14-1,sub018.pkl-14-1,sub018,,sub018.pkl,4,train,True
sub018.pkl-14-2,sub018.pkl-14-2,sub018,,sub018.pkl,4,train,True
sub018.pkl-15-0,sub018.pkl-15-0,sub018,,sub018.pkl,4,train,True
sub018.pkl-15-1,sub018.pkl-15-1,sub018,,sub018.pkl,4,train,True
sub018.pkl-15-2,sub018.pkl-15-2,sub018,,sub018.pkl,4,train,True
sub018.pkl-16-0,sub018.pkl-16-0,sub018,,sub018.pkl,5,train,True
sub018.pkl-16-1,sub018.pkl-16-1,sub018,,sub018.pkl,5,train,True
sub018.pkl-16-2,sub018.pkl-16-2,sub018,,sub018.pkl,5,train,True
sub018.pkl-17-0,sub018.pkl-17-0,sub018,,sub018.pkl,5,train,True
sub018.pkl-17-1,sub018.pkl-17-1,sub018,,sub018.pkl,5,train,True
sub018.pkl-17-2,sub018.pkl-17-2,sub018,,sub018.pkl,5,train,True
sub018.pkl-18-0,sub018.pkl-18-0,sub018,,sub018.pkl,5,train,True
sub018.pkl-18-1,sub018.pkl-18-1,sub018,,sub018.pkl,5,train,True
sub018.pkl-18-2,sub018.pkl-18-2,sub018,,sub018.pkl,5,train,True
sub018.pkl-19-0,sub018.pkl-19-0,sub018,,sub018.pkl,6,train,True
sub018.pkl-19-1,sub018.pkl-19-1,sub018,,sub018.pkl,6,train,True
sub018.pkl-19-2,sub018.pkl-19-2,sub018,,sub018.pkl,6,train,True
sub018.pkl-20-0,sub018.pkl-20-0,sub018,,sub018.pkl,6,train,True
sub018.pkl-20-1,sub018.pkl-20-1,sub018,,sub018.pkl,6,train,True
sub018.pkl-20-2,sub018.pkl-20-2,sub018,,sub018.pkl,6,train,True
sub018.pkl-21-0,sub018.pkl-21-0,sub018,,sub018.pkl,6,train,True
sub018.pkl-21-1,sub018.pkl-21-1,sub018,,sub018.pkl,6,train,True
sub018.pkl-21-2,sub018.pkl-21-2,sub018,,sub018.pkl,6,train,True
sub018.pkl-22-0,sub018.pkl-22-0,sub018,,sub018.pkl,7,train,True
sub018.pkl-22-1,sub018.pkl-22-1,sub018,,sub018.pkl,7,train,True
sub018.pkl-22-2,sub018.pkl-22-2,sub018,,sub018.pkl,7,train,True
sub018.pkl-23-0,sub018.pkl-23-0,sub018,,sub018.pkl,7,train,True
sub018.pkl-23-1,sub018.pkl-23-1,sub018,,sub018.pkl,7,train,True
sub018.pkl-23-2,sub018.pkl-23-2,sub018,,sub018.pkl,7,train,True
sub018.pkl-24-0,sub018.pkl-24-0,sub018,,sub018.pkl,7,train,True
sub018.pkl-24-1,sub018.pkl-24-1,sub018,,sub018.pkl,7,train,True
sub018.pkl-24-2,sub018.pkl-24-2,sub018,,sub018.pkl,7,train,True
sub018.pkl-25-0,sub018.pkl-25-0,sub018,,sub018.pkl,8,train,True
sub018.pkl-25-1,sub018.pkl-25-1,sub018,,sub018.pkl,8,train,True
sub018.pkl-25-2,sub018.pkl-25-2,sub018,,sub018.pkl,8,train,True
sub018.pkl-26-0,sub018.pkl-26-0,sub018,,sub018.pkl,8,train,True
sub018.pkl-26-1,sub018.pkl-26-1,sub018,,sub018.pkl,8,train,True
sub018.pkl-26-2,sub018.pkl-26-2,sub018,,sub018.pkl,8,train,True
sub018.pkl-27-0,sub018.pkl-27-0,sub018,,sub018.pkl,8,train,True
sub018.pkl-27-1,sub018.pkl-27-1,sub018,,sub018.pkl,8,train,True
sub018.pkl-27-2,sub018.pkl-27-2,sub018,,sub018.pkl,8,train,True
sub019.pkl-0-0,sub019.pkl-0-0,sub019,,sub019.pkl,0,train,True
sub019.pkl-0-1,sub019.pkl-0-1,sub019,,sub019.pkl,0,train,True
sub019.pkl-0-2,sub019.pkl-0-2,sub019,,sub019.pkl,0,train,True
sub019.pkl-1-0,sub019.pkl-1-0,sub019,,sub019.pkl,0,train,True
sub019.pkl-1-1,sub019.pkl-1-1,sub019,,sub019.pkl,0,train,True
sub019.pkl-1-2,sub019.pkl-1-2,sub019,,sub019.pkl,0,train,True
sub019.pkl-2-0,sub019.pkl-2-0,sub019,,sub019.pkl,0,train,True
sub019.pkl-2-1,sub019.pkl-2-1,sub019,,sub019.pkl,0,train,True
sub019.pkl-2-2,sub019.pkl-2-2,sub019,,sub019.pkl,0,train,True
sub019.pkl-3-0,sub019.pkl-3-0,sub019,,sub019.pkl,1,train,True
sub019.pkl-3-1,sub019.pkl-3-1,sub019,,sub019.pkl,1,train,True
sub019.pkl-3-2,sub019.pkl-3-2,sub019,,sub019.pkl,1,train,True
sub019.pkl-4-0,sub019.pkl-4-0,sub019,,sub019.pkl,1,train,True
sub019.pkl-4-1,sub019.pkl-4-1,sub019,,sub019.pkl,1,train,True
sub019.pkl-4-2,sub019.pkl-4-2,sub019,,sub019.pkl,1,train,True
sub019.pkl-5-0,sub019.pkl-5-0,sub019,,sub019.pkl,1,train,True
sub019.pkl-5-1,sub019.pkl-5-1,sub019,,sub019.pkl,1,train,True
sub019.pkl-5-2,sub019.pkl-5-2,sub019,,sub019.pkl,1,train,True
sub019.pkl-6-0,sub019.pkl-6-0,sub019,,sub019.pkl,2,train,True
sub019.pkl-6-1,sub019.pkl-6-1,sub019,,sub019.pkl,2,train,True
sub019.pkl-6-2,sub019.pkl-6-2,sub019,,sub019.pkl,2,train,True
sub019.pkl-7-0,sub019.pkl-7-0,sub019,,sub019.pkl,2,train,True
sub019.pkl-7-1,sub019.pkl-7-1,sub019,,sub019.pkl,2,train,True
sub019.pkl-7-2,sub019.pkl-7-2,sub019,,sub019.pkl,2,train,True
sub019.pkl-8-0,sub019.pkl-8-0,sub019,,sub019.pkl,2,train,True
sub019.pkl-8-1,sub019.pkl-8-1,sub019,,sub019.pkl,2,train,True
sub019.pkl-8-2,sub019.pkl-8-2,sub019,,sub019.pkl,2,train,True
sub019.pkl-9-0,sub019.pkl-9-0,sub019,,sub019.pkl,3,train,True
sub019.pkl-9-1,sub019.pkl-9-1,sub019,,sub019.pkl,3,train,True
sub019.pkl-9-2,sub019.pkl-9-2,sub019,,sub019.pkl,3,train,True
sub019.pkl-10-0,sub019.pkl-10-0,sub019,,sub019.pkl,3,train,True
sub019.pkl-10-1,sub019.pkl-10-1,sub019,,sub019.pkl,3,train,True
sub019.pkl-10-2,sub019.pkl-10-2,sub019,,sub019.pkl,3,train,True
sub019.pkl-11-0,sub019.pkl-11-0,sub019,,sub019.pkl,3,train,True
sub019.pkl-11-1,sub019.pkl-11-1,sub019,,sub019.pkl,3,train,True
sub019.pkl-11-2,sub019.pkl-11-2,sub019,,sub019.pkl,3,train,True
sub019.pkl-12-0,sub019.pkl-12-0,sub019,,sub019.pkl,4,train,True
sub019.pkl-12-1,sub019.pkl-12-1,sub019,,sub019.pkl,4,train,True
sub019.pkl-12-2,sub019.pkl-12-2,sub019,,sub019.pkl,4,train,True
sub019.pkl-13-0,sub019.pkl-13-0,sub019,,sub019.pkl,4,train,True
sub019.pkl-13-1,sub019.pkl-13-1,sub019,,sub019.pkl,4,train,True
sub019.pkl-13-2,sub019.pkl-13-2,sub019,,sub019.pkl,4,train,True
sub019.pkl-14-0,sub019.pkl-14-0,sub019,,sub019.pkl,4,train,True
sub019.pkl-14-1,sub019.pkl-14-1,sub019,,sub019.pkl,4,train,True
sub019.pkl-14-2,sub019.pkl-14-2,sub019,,sub019.pkl,4,train,True
sub019.pkl-15-0,sub019.pkl-15-0,sub019,,sub019.pkl,4,train,True
sub019.pkl-15-1,sub019.pkl-15-1,sub019,,sub019.pkl,4,train,True
sub019.pkl-15-2,sub019.pkl-15-2,sub019,,sub019.pkl,4,train,True
sub019.pkl-16-0,sub019.pkl-16-0,sub019,,sub019.pkl,5,train,True
sub019.pkl-16-1,sub019.pkl-16-1,sub019,,sub019.pkl,5,train,True
sub019.pkl-16-2,sub019.pkl-16-2,sub019,,sub019.pkl,5,train,True
sub019.pkl-17-0,sub019.pkl-17-0,sub019,,sub019.pkl,5,train,True
sub019.pkl-17-1,sub019.pkl-17-1,sub019,,sub019.pkl,5,train,True
sub019.pkl-17-2,sub019.pkl-17-2,sub019,,sub019.pkl,5,train,True
sub019.pkl-18-0,sub019.pkl-18-0,sub019,,sub019.pkl,5,train,True
sub019.pkl-18-1,sub019.pkl-18-1,sub019,,sub019.pkl,5,train,True
sub019.pkl-18-2,sub019.pkl-18-2,sub019,,sub019.pkl,5,train,True
sub019.pkl-19-0,sub019.pkl-19-0,sub019,,sub019.pkl,6,train,True
sub019.pkl-19-1,sub019.pkl-19-1,sub019,,sub019.pkl,6,train,True
sub019.pkl-19-2,sub019.pkl-19-2,sub019,,sub019.pkl,6,train,True
sub019.pkl-20-0,sub019.pkl-20-0,sub019,,sub019.pkl,6,train,True
sub019.pkl-20-1,sub019.pkl-20-1,sub019,,sub019.pkl,6,train,True
sub019.pkl-20-2,sub019.pkl-20-2,sub019,,sub019.pkl,6,train,True
sub019.pkl-21-0,sub019.pkl-21-0,sub019,,sub019.pkl,6,train,True
sub019.pkl-21-1,sub019.pkl-21-1,sub019,,sub019.pkl,6,train,True
sub019.pkl-21-2,sub019.pkl-21-2,sub019,,sub019.pkl,6,train,True
sub019.pkl-22-0,sub019.pkl-22-0,sub019,,sub019.pkl,7,train,True
sub019.pkl-22-1,sub019.pkl-22-1,sub019,,sub019.pkl,7,train,True
sub019.pkl-22-2,sub019.pkl-22-2,sub019,,sub019.pkl,7,train,True
sub019.pkl-23-0,sub019.pkl-23-0,sub019,,sub019.pkl,7,train,True
sub019.pkl-23-1,sub019.pkl-23-1,sub019,,sub019.pkl,7,train,True
sub019.pkl-23-2,sub019.pkl-23-2,sub019,,sub019.pkl,7,train,True
sub019.pkl-24-0,sub019.pkl-24-0,sub019,,sub019.pkl,7,train,True
sub019.pkl-24-1,sub019.pkl-24-1,sub019,,sub019.pkl,7,train,True
sub019.pkl-24-2,sub019.pkl-24-2,sub019,,sub019.pkl,7,train,True
sub019.pkl-25-0,sub019.pkl-25-0,sub019,,sub019.pkl,8,train,True
sub019.pkl-25-1,sub019.pkl-25-1,sub019,,sub019.pkl,8,train,True
sub019.pkl-25-2,sub019.pkl-25-2,sub019,,sub019.pkl,8,train,True
sub019.pkl-26-0,sub019.pkl-26-0,sub019,,sub019.pkl,8,train,True
sub019.pkl-26-1,sub019.pkl-26-1,sub019,,sub019.pkl,8,train,True
sub019.pkl-26-2,sub019.pkl-26-2,sub019,,sub019.pkl,8,train,True
sub019.pkl-27-0,sub019.pkl-27-0,sub019,,sub019.pkl,8,train,True
sub019.pkl-27-1,sub019.pkl-27-1,sub019,,sub019.pkl,8,train,True
sub019.pkl-27-2,sub019.pkl-27-2,sub019,,sub019.pkl,8,train,True
sub020.pkl-0-0,sub020.pkl-0-0,sub020,,sub020.pkl,0,train,True
sub020.pkl-0-1,sub020.pkl-0-1,sub020,,sub020.pkl,0,train,True
sub020.pkl-0-2,sub020.pkl-0-2,sub020,,sub020.pkl,0,train,True
sub020.pkl-1-0,sub020.pkl-1-0,sub020,,sub020.pkl,0,train,True
sub020.pkl-1-1,sub020.pkl-1-1,sub020,,sub020.pkl,0,train,True
sub020.pkl-1-2,sub020.pkl-1-2,sub020,,sub020.pkl,0,train,True
sub020.pkl-2-0,sub020.pkl-2-0,sub020,,sub020.pkl,0,train,True
sub020.pkl-2-1,sub020.pkl-2-1,sub020,,sub020.pkl,0,train,True
sub020.pkl-2-2,sub020.pkl-2-2,sub020,,sub020.pkl,0,train,True
sub020.pkl-3-0,sub020.pkl-3-0,sub020,,sub020.pkl,1,train,True
sub020.pkl-3-1,sub020.pkl-3-1,sub020,,sub020.pkl,1,train,True
sub020.pkl-3-2,sub020.pkl-3-2,sub020,,sub020.pkl,1,train,True
sub020.pkl-4-0,sub020.pkl-4-0,sub020,,sub020.pkl,1,train,True
sub020.pkl-4-1,sub020.pkl-4-1,sub020,,sub020.pkl,1,train,True
sub020.pkl-4-2,sub020.pkl-4-2,sub020,,sub020.pkl,1,train,True
sub020.pkl-5-0,sub020.pkl-5-0,sub020,,sub020.pkl,1,train,True
sub020.pkl-5-1,sub020.pkl-5-1,sub020,,sub020.pkl,1,train,True
sub020.pkl-5-2,sub020.pkl-5-2,sub020,,sub020.pkl,1,train,True
sub020.pkl-6-0,sub020.pkl-6-0,sub020,,sub020.pkl,2,train,True
sub020.pkl-6-1,sub020.pkl-6-1,sub020,,sub020.pkl,2,train,True
sub020.pkl-6-2,sub020.pkl-6-2,sub020,,sub020.pkl,2,train,True
sub020.pkl-7-0,sub020.pkl-7-0,sub020,,sub020.pkl,2,train,True
sub020.pkl-7-1,sub020.pkl-7-1,sub020,,sub020.pkl,2,train,True
sub020.pkl-7-2,sub020.pkl-7-2,sub020,,sub020.pkl,2,train,True
sub020.pkl-8-0,sub020.pkl-8-0,sub020,,sub020.pkl,2,train,True
sub020.pkl-8-1,sub020.pkl-8-1,sub020,,sub020.pkl,2,train,True
sub020.pkl-8-2,sub020.pkl-8-2,sub020,,sub020.pkl,2,train,True
sub020.pkl-9-0,sub020.pkl-9-0,sub020,,sub020.pkl,3,train,True
sub020.pkl-9-1,sub020.pkl-9-1,sub020,,sub020.pkl,3,train,True
sub020.pkl-9-2,sub020.pkl-9-2,sub020,,sub020.pkl,3,train,True
sub020.pkl-10-0,sub020.pkl-10-0,sub020,,sub020.pkl,3,train,True
sub020.pkl-10-1,sub020.pkl-10-1,sub020,,sub020.pkl,3,train,True
sub020.pkl-10-2,sub020.pkl-10-2,sub020,,sub020.pkl,3,train,True
sub020.pkl-11-0,sub020.pkl-11-0,sub020,,sub020.pkl,3,train,True
sub020.pkl-11-1,sub020.pkl-11-1,sub020,,sub020.pkl,3,train,True
sub020.pkl-11-2,sub020.pkl-11-2,sub020,,sub020.pkl,3,train,True
sub020.pkl-12-0,sub020.pkl-12-0,sub020,,sub020.pkl,4,train,True
sub020.pkl-12-1,sub020.pkl-12-1,sub020,,sub020.pkl,4,train,True
sub020.pkl-12-2,sub020.pkl-12-2,sub020,,sub020.pkl,4,train,True
sub020.pkl-13-0,sub020.pkl-13-0,sub020,,sub020.pkl,4,train,True
sub020.pkl-13-1,sub020.pkl-13-1,sub020,,sub020.pkl,4,train,True
sub020.pkl-13-2,sub020.pkl-13-2,sub020,,sub020.pkl,4,train,True
sub020.pkl-14-0,sub020.pkl-14-0,sub020,,sub020.pkl,4,train,True
sub020.pkl-14-1,sub020.pkl-14-1,sub020,,sub020.pkl,4,train,True
sub020.pkl-14-2,sub020.pkl-14-2,sub020,,sub020.pkl,4,train,True
sub020.pkl-15-0,sub020.pkl-15-0,sub020,,sub020.pkl,4,train,True
sub020.pkl-15-1,sub020.pkl-15-1,sub020,,sub020.pkl,4,train,True
sub020.pkl-15-2,sub020.pkl-15-2,sub020,,sub020.pkl,4,train,True
sub020.pkl-16-0,sub020.pkl-16-0,sub020,,sub020.pkl,5,train,True
sub020.pkl-16-1,sub020.pkl-16-1,sub020,,sub020.pkl,5,train,True
sub020.pkl-16-2,sub020.pkl-16-2,sub020,,sub020.pkl,5,train,True
sub020.pkl-17-0,sub020.pkl-17-0,sub020,,sub020.pkl,5,train,True
sub020.pkl-17-1,sub020.pkl-17-1,sub020,,sub020.pkl,5,train,True
sub020.pkl-17-2,sub020.pkl-17-2,sub020,,sub020.pkl,5,train,True
sub020.pkl-18-0,sub020.pkl-18-0,sub020,,sub020.pkl,5,train,True
sub020.pkl-18-1,sub020.pkl-18-1,sub020,,sub020.pkl,5,train,True
sub020.pkl-18-2,sub020.pkl-18-2,sub020,,sub020.pkl,5,train,True
sub020.pkl-19-0,sub020.pkl-19-0,sub020,,sub020.pkl,6,train,True
sub020.pkl-19-1,sub020.pkl-19-1,sub020,,sub020.pkl,6,train,True
sub020.pkl-19-2,sub020.pkl-19-2,sub020,,sub020.pkl,6,train,True
sub020.pkl-20-0,sub020.pkl-20-0,sub020,,sub020.pkl,6,train,True
sub020.pkl-20-1,sub020.pkl-20-1,sub020,,sub020.pkl,6,train,True
sub020.pkl-20-2,sub020.pkl-20-2,sub020,,sub020.pkl,6,train,True
sub020.pkl-21-0,sub020.pkl-21-0,sub020,,sub020.pkl,6,train,True
sub020.pkl-21-1,sub020.pkl-21-1,sub020,,sub020.pkl,6,train,True
sub020.pkl-21-2,sub020.pkl-21-2,sub020,,sub020.pkl,6,train,True
sub020.pkl-22-0,sub020.pkl-22-0,sub020,,sub020.pkl,7,train,True
sub020.pkl-22-1,sub020.pkl-22-1,sub020,,sub020.pkl,7,train,True
sub020.pkl-22-2,sub020.pkl-22-2,sub020,,sub020.pkl,7,train,True
sub020.pkl-23-0,sub020.pkl-23-0,sub020,,sub020.pkl,7,train,True
sub020.pkl-23-1,sub020.pkl-23-1,sub020,,sub020.pkl,7,train,True
sub020.pkl-23-2,sub020.pkl-23-2,sub020,,sub020.pkl,7,train,True
sub020.pkl-24-0,sub020.pkl-24-0,sub020,,sub020.pkl,7,train,True
sub020.pkl-24-1,sub020.pkl-24-1,sub020,,sub020.pkl,7,train,True
sub020.pkl-24-2,sub020.pkl-24-2,sub020,,sub020.pkl,7,train,True
sub020.pkl-25-0,sub020.pkl-25-0,sub020,,sub020.pkl,8,train,True
sub020.pkl-25-1,sub020.pkl-25-1,sub020,,sub020.pkl,8,train,True
sub020.pkl-25-2,sub020.pkl-25-2,sub020,,sub020.pkl,8,train,True
sub020.pkl-26-0,sub020.pkl-26-0,sub020,,sub020.pkl,8,train,True
sub020.pkl-26-1,sub020.pkl-26-1,sub020,,sub020.pkl,8,train,True
sub020.pkl-26-2,sub020.pkl-26-2,sub020,,sub020.pkl,8,train,True
sub020.pkl-27-0,sub020.pkl-27-0,sub020,,sub020.pkl,8,train,True
sub020.pkl-27-1,sub020.pkl-27-1,sub020,,sub020.pkl,8,train,True
sub020.pkl-27-2,sub020.pkl-27-2,sub020,,sub020.pkl,8,train,True
sub021.pkl-0-0,sub021.pkl-0-0,sub021,,sub021.pkl,0,train,True
sub021.pkl-0-1,sub021.pkl-0-1,sub021,,sub021.pkl,0,train,True
sub021.pkl-0-2,sub021.pkl-0-2,sub021,,sub021.pkl,0,train,True
sub021.pkl-1-0,sub021.pkl-1-0,sub021,,sub021.pkl,0,train,True
sub021.pkl-1-1,sub021.pkl-1-1,sub021,,sub021.pkl,0,train,True
sub021.pkl-1-2,sub021.pkl-1-2,sub021,,sub021.pkl,0,train,True
sub021.pkl-2-0,sub021.pkl-2-0,sub021,,sub021.pkl,0,train,True
sub021.pkl-2-1,sub021.pkl-2-1,sub021,,sub021.pkl,0,train,True
sub021.pkl-2-2,sub021.pkl-2-2,sub021,,sub021.pkl,0,train,True
sub021.pkl-3-0,sub021.pkl-3-0,sub021,,sub021.pkl,1,train,True
sub021.pkl-3-1,sub021.pkl-3-1,sub021,,sub021.pkl,1,train,True
sub021.pkl-3-2,sub021.pkl-3-2,sub021,,sub021.pkl,1,train,True
sub021.pkl-4-0,sub021.pkl-4-0,sub021,,sub021.pkl,1,train,True
sub021.pkl-4-1,sub021.pkl-4-1,sub021,,sub021.pkl,1,train,True
sub021.pkl-4-2,sub021.pkl-4-2,sub021,,sub021.pkl,1,train,True
sub021.pkl-5-0,sub021.pkl-5-0,sub021,,sub021.pkl,1,train,True
sub021.pkl-5-1,sub021.pkl-5-1,sub021,,sub021.pkl,1,train,True
sub021.pkl-5-2,sub021.pkl-5-2,sub021,,sub021.pkl,1,train,True
sub021.pkl-6-0,sub021.pkl-6-0,sub021,,sub021.pkl,2,train,True
sub021.pkl-6-1,sub021.pkl-6-1,sub021,,sub021.pkl,2,train,True
sub021.pkl-6-2,sub021.pkl-6-2,sub021,,sub021.pkl,2,train,True
sub021.pkl-7-0,sub021.pkl-7-0,sub021,,sub021.pkl,2,train,True
sub021.pkl-7-1,sub021.pkl-7-1,sub021,,sub021.pkl,2,train,True
sub021.pkl-7-2,sub021.pkl-7-2,sub021,,sub021.pkl,2,train,True
sub021.pkl-8-0,sub021.pkl-8-0,sub021,,sub021.pkl,2,train,True
sub021.pkl-8-1,sub021.pkl-8-1,sub021,,sub021.pkl,2,train,True
sub021.pkl-8-2,sub021.pkl-8-2,sub021,,sub021.pkl,2,train,True
sub021.pkl-9-0,sub021.pkl-9-0,sub021,,sub021.pkl,3,train,True
sub021.pkl-9-1,sub021.pkl-9-1,sub021,,sub021.pkl,3,train,True
sub021.pkl-9-2,sub021.pkl-9-2,sub021,,sub021.pkl,3,train,True
sub021.pkl-10-0,sub021.pkl-10-0,sub021,,sub021.pkl,3,train,True
sub021.pkl-10-1,sub021.pkl-10-1,sub021,,sub021.pkl,3,train,True
sub021.pkl-10-2,sub021.pkl-10-2,sub021,,sub021.pkl,3,train,True
sub021.pkl-11-0,sub021.pkl-11-0,sub021,,sub021.pkl,3,train,True
sub021.pkl-11-1,sub021.pkl-11-1,sub021,,sub021.pkl,3,train,True
sub021.pkl-11-2,sub021.pkl-11-2,sub021,,sub021.pkl,3,train,True
sub021.pkl-12-0,sub021.pkl-12-0,sub021,,sub021.pkl,4,train,True
sub021.pkl-12-1,sub021.pkl-12-1,sub021,,sub021.pkl,4,train,True
sub021.pkl-12-2,sub021.pkl-12-2,sub021,,sub021.pkl,4,train,True
sub021.pkl-13-0,sub021.pkl-13-0,sub021,,sub021.pkl,4,train,True
sub021.pkl-13-1,sub021.pkl-13-1,sub021,,sub021.pkl,4,train,True
sub021.pkl-13-2,sub021.pkl-13-2,sub021,,sub021.pkl,4,train,True
sub021.pkl-14-0,sub021.pkl-14-0,sub021,,sub021.pkl,4,train,True
sub021.pkl-14-1,sub021.pkl-14-1,sub021,,sub021.pkl,4,train,True
sub021.pkl-14-2,sub021.pkl-14-2,sub021,,sub021.pkl,4,train,True
sub021.pkl-15-0,sub021.pkl-15-0,sub021,,sub021.pkl,4,train,True
sub021.pkl-15-1,sub021.pkl-15-1,sub021,,sub021.pkl,4,train,True
sub021.pkl-15-2,sub021.pkl-15-2,sub021,,sub021.pkl,4,train,True
sub021.pkl-16-0,sub021.pkl-16-0,sub021,,sub021.pkl,5,train,True
sub021.pkl-16-1,sub021.pkl-16-1,sub021,,sub021.pkl,5,train,True
sub021.pkl-16-2,sub021.pkl-16-2,sub021,,sub021.pkl,5,train,True
sub021.pkl-17-0,sub021.pkl-17-0,sub021,,sub021.pkl,5,train,True
sub021.pkl-17-1,sub021.pkl-17-1,sub021,,sub021.pkl,5,train,True
sub021.pkl-17-2,sub021.pkl-17-2,sub021,,sub021.pkl,5,train,True
sub021.pkl-18-0,sub021.pkl-18-0,sub021,,sub021.pkl,5,train,True
sub021.pkl-18-1,sub021.pkl-18-1,sub021,,sub021.pkl,5,train,True
sub021.pkl-18-2,sub021.pkl-18-2,sub021,,sub021.pkl,5,train,True
sub021.pkl-19-0,sub021.pkl-19-0,sub021,,sub021.pkl,6,train,True
sub021.pkl-19-1,sub021.pkl-19-1,sub021,,sub021.pkl,6,train,True
sub021.pkl-19-2,sub021.pkl-19-2,sub021,,sub021.pkl,6,train,True
sub021.pkl-20-0,sub021.pkl-20-0,sub021,,sub021.pkl,6,train,True
sub021.pkl-20-1,sub021.pkl-20-1,sub021,,sub021.pkl,6,train,True
sub021.pkl-20-2,sub021.pkl-20-2,sub021,,sub021.pkl,6,train,True
sub021.pkl-21-0,sub021.pkl-21-0,sub021,,sub021.pkl,6,train,True
sub021.pkl-21-1,sub021.pkl-21-1,sub021,,sub021.pkl,6,train,True
sub021.pkl-21-2,sub021.pkl-21-2,sub021,,sub021.pkl,6,train,True
sub021.pkl-22-0,sub021.pkl-22-0,sub021,,sub021.pkl,7,train,True
sub021.pkl-22-1,sub021.pkl-22-1,sub021,,sub021.pkl,7,train,True
sub021.pkl-22-2,sub021.pkl-22-2,sub021,,sub021.pkl,7,train,True
sub021.pkl-23-0,sub021.pkl-23-0,sub021,,sub021.pkl,7,train,True
sub021.pkl-23-1,sub021.pkl-23-1,sub021,,sub021.pkl,7,train,True
sub021.pkl-23-2,sub021.pkl-23-2,sub021,,sub021.pkl,7,train,True
sub021.pkl-24-0,sub021.pkl-24-0,sub021,,sub021.pkl,7,train,True
sub021.pkl-24-1,sub021.pkl-24-1,sub021,,sub021.pkl,7,train,True
sub021.pkl-24-2,sub021.pkl-24-2,sub021,,sub021.pkl,7,train,True
sub021.pkl-25-0,sub021.pkl-25-0,sub021,,sub021.pkl,8,train,True
sub021.pkl-25-1,sub021.pkl-25-1,sub021,,sub021.pkl,8,train,True
sub021.pkl-25-2,sub021.pkl-25-2,sub021,,sub021.pkl,8,train,True
sub021.pkl-26-0,sub021.pkl-26-0,sub021,,sub021.pkl,8,train,True
sub021.pkl-26-1,sub021.pkl-26-1,sub021,,sub021.pkl,8,train,True
sub021.pkl-26-2,sub021.pkl-26-2,sub021,,sub021.pkl,8,train,True
sub021.pkl-27-0,sub021.pkl-27-0,sub021,,sub021.pkl,8,train,True
sub021.pkl-27-1,sub021.pkl-27-1,sub021,,sub021.pkl,8,train,True
sub021.pkl-27-2,sub021.pkl-27-2,sub021,,sub021.pkl,8,train,True
sub022.pkl-0-0,sub022.pkl-0-0,sub022,,sub022.pkl,0,train,True
sub022.pkl-0-1,sub022.pkl-0-1,sub022,,sub022.pkl,0,train,True
sub022.pkl-0-2,sub022.pkl-0-2,sub022,,sub022.pkl,0,train,True
sub022.pkl-1-0,sub022.pkl-1-0,sub022,,sub022.pkl,0,train,True
sub022.pkl-1-1,sub022.pkl-1-1,sub022,,sub022.pkl,0,train,True
sub022.pkl-1-2,sub022.pkl-1-2,sub022,,sub022.pkl,0,train,True
sub022.pkl-2-0,sub022.pkl-2-0,sub022,,sub022.pkl,0,train,True
sub022.pkl-2-1,sub022.pkl-2-1,sub022,,sub022.pkl,0,train,True
sub022.pkl-2-2,sub022.pkl-2-2,sub022,,sub022.pkl,0,train,True
sub022.pkl-3-0,sub022.pkl-3-0,sub022,,sub022.pkl,1,train,True
sub022.pkl-3-1,sub022.pkl-3-1,sub022,,sub022.pkl,1,train,True
sub022.pkl-3-2,sub022.pkl-3-2,sub022,,sub022.pkl,1,train,True
sub022.pkl-4-0,sub022.pkl-4-0,sub022,,sub022.pkl,1,train,True
sub022.pkl-4-1,sub022.pkl-4-1,sub022,,sub022.pkl,1,train,True
sub022.pkl-4-2,sub022.pkl-4-2,sub022,,sub022.pkl,1,train,True
sub022.pkl-5-0,sub022.pkl-5-0,sub022,,sub022.pkl,1,train,True
sub022.pkl-5-1,sub022.pkl-5-1,sub022,,sub022.pkl,1,train,True
sub022.pkl-5-2,sub022.pkl-5-2,sub022,,sub022.pkl,1,train,True
sub022.pkl-6-0,sub022.pkl-6-0,sub022,,sub022.pkl,2,train,True
sub022.pkl-6-1,sub022.pkl-6-1,sub022,,sub022.pkl,2,train,True
sub022.pkl-6-2,sub022.pkl-6-2,sub022,,sub022.pkl,2,train,True
sub022.pkl-7-0,sub022.pkl-7-0,sub022,,sub022.pkl,2,train,True
sub022.pkl-7-1,sub022.pkl-7-1,sub022,,sub022.pkl,2,train,True
sub022.pkl-7-2,sub022.pkl-7-2,sub022,,sub022.pkl,2,train,True
sub022.pkl-8-0,sub022.pkl-8-0,sub022,,sub022.pkl,2,train,True
sub022.pkl-8-1,sub022.pkl-8-1,sub022,,sub022.pkl,2,train,True
sub022.pkl-8-2,sub022.pkl-8-2,sub022,,sub022.pkl,2,train,True
sub022.pkl-9-0,sub022.pkl-9-0,sub022,,sub022.pkl,3,train,True
sub022.pkl-9-1,sub022.pkl-9-1,sub022,,sub022.pkl,3,train,True
sub022.pkl-9-2,sub022.pkl-9-2,sub022,,sub022.pkl,3,train,True
sub022.pkl-10-0,sub022.pkl-10-0,sub022,,sub022.pkl,3,train,True
sub022.pkl-10-1,sub022.pkl-10-1,sub022,,sub022.pkl,3,train,True
sub022.pkl-10-2,sub022.pkl-10-2,sub022,,sub022.pkl,3,train,True
sub022.pkl-11-0,sub022.pkl-11-0,sub022,,sub022.pkl,3,train,True
sub022.pkl-11-1,sub022.pkl-11-1,sub022,,sub022.pkl,3,train,True
sub022.pkl-11-2,sub022.pkl-11-2,sub022,,sub022.pkl,3,train,True
sub022.pkl-12-0,sub022.pkl-12-0,sub022,,sub022.pkl,4,train,True
sub022.pkl-12-1,sub022.pkl-12-1,sub022,,sub022.pkl,4,train,True
sub022.pkl-12-2,sub022.pkl-12-2,sub022,,sub022.pkl,4,train,True
sub022.pkl-13-0,sub022.pkl-13-0,sub022,,sub022.pkl,4,train,True
sub022.pkl-13-1,sub022.pkl-13-1,sub022,,sub022.pkl,4,train,True
sub022.pkl-13-2,sub022.pkl-13-2,sub022,,sub022.pkl,4,train,True
sub022.pkl-14-0,sub022.pkl-14-0,sub022,,sub022.pkl,4,train,True
sub022.pkl-14-1,sub022.pkl-14-1,sub022,,sub022.pkl,4,train,True
sub022.pkl-14-2,sub022.pkl-14-2,sub022,,sub022.pkl,4,train,True
sub022.pkl-15-0,sub022.pkl-15-0,sub022,,sub022.pkl,4,train,True
sub022.pkl-15-1,sub022.pkl-15-1,sub022,,sub022.pkl,4,train,True
sub022.pkl-15-2,sub022.pkl-15-2,sub022,,sub022.pkl,4,train,True
sub022.pkl-16-0,sub022.pkl-16-0,sub022,,sub022.pkl,5,train,True
sub022.pkl-16-1,sub022.pkl-16-1,sub022,,sub022.pkl,5,train,True
sub022.pkl-16-2,sub022.pkl-16-2,sub022,,sub022.pkl,5,train,True
sub022.pkl-17-0,sub022.pkl-17-0,sub022,,sub022.pkl,5,train,True
sub022.pkl-17-1,sub022.pkl-17-1,sub022,,sub022.pkl,5,train,True
sub022.pkl-17-2,sub022.pkl-17-2,sub022,,sub022.pkl,5,train,True
sub022.pkl-18-0,sub022.pkl-18-0,sub022,,sub022.pkl,5,train,True
sub022.pkl-18-1,sub022.pkl-18-1,sub022,,sub022.pkl,5,train,True
sub022.pkl-18-2,sub022.pkl-18-2,sub022,,sub022.pkl,5,train,True
sub022.pkl-19-0,sub022.pkl-19-0,sub022,,sub022.pkl,6,train,True
sub022.pkl-19-1,sub022.pkl-19-1,sub022,,sub022.pkl,6,train,True
sub022.pkl-19-2,sub022.pkl-19-2,sub022,,sub022.pkl,6,train,True
sub022.pkl-20-0,sub022.pkl-20-0,sub022,,sub022.pkl,6,train,True
sub022.pkl-20-1,sub022.pkl-20-1,sub022,,sub022.pkl,6,train,True
sub022.pkl-20-2,sub022.pkl-20-2,sub022,,sub022.pkl,6,train,True
sub022.pkl-21-0,sub022.pkl-21-0,sub022,,sub022.pkl,6,train,True
sub022.pkl-21-1,sub022.pkl-21-1,sub022,,sub022.pkl,6,train,True
sub022.pkl-21-2,sub022.pkl-21-2,sub022,,sub022.pkl,6,train,True
sub022.pkl-22-0,sub022.pkl-22-0,sub022,,sub022.pkl,7,train,True
sub022.pkl-22-1,sub022.pkl-22-1,sub022,,sub022.pkl,7,train,True
sub022.pkl-22-2,sub022.pkl-22-2,sub022,,sub022.pkl,7,train,True
sub022.pkl-23-0,sub022.pkl-23-0,sub022,,sub022.pkl,7,train,True
sub022.pkl-23-1,sub022.pkl-23-1,sub022,,sub022.pkl,7,train,True
sub022.pkl-23-2,sub022.pkl-23-2,sub022,,sub022.pkl,7,train,True
sub022.pkl-24-0,sub022.pkl-24-0,sub022,,sub022.pkl,7,train,True
sub022.pkl-24-1,sub022.pkl-24-1,sub022,,sub022.pkl,7,train,True
sub022.pkl-24-2,sub022.pkl-24-2,sub022,,sub022.pkl,7,train,True
sub022.pkl-25-0,sub022.pkl-25-0,sub022,,sub022.pkl,8,train,True
sub022.pkl-25-1,sub022.pkl-25-1,sub022,,sub022.pkl,8,train,True
sub022.pkl-25-2,sub022.pkl-25-2,sub022,,sub022.pkl,8,train,True
sub022.pkl-26-0,sub022.pkl-26-0,sub022,,sub022.pkl,8,train,True
sub022.pkl-26-1,sub022.pkl-26-1,sub022,,sub022.pkl,8,train,True
sub022.pkl-26-2,sub022.pkl-26-2,sub022,,sub022.pkl,8,train,True
sub022.pkl-27-0,sub022.pkl-27-0,sub022,,sub022.pkl,8,train,True
sub022.pkl-27-1,sub022.pkl-27-1,sub022,,sub022.pkl,8,train,True
sub022.pkl-27-2,sub022.pkl-27-2,sub022,,sub022.pkl,8,train,True
sub023.pkl-0-0,sub023.pkl-0-0,sub023,,sub023.pkl,0,train,True
sub023.pkl-0-1,sub023.pkl-0-1,sub023,,sub023.pkl,0,train,True
sub023.pkl-0-2,sub023.pkl-0-2,sub023,,sub023.pkl,0,train,True
sub023.pkl-1-0,sub023.pkl-1-0,sub023,,sub023.pkl,0,train,True
sub023.pkl-1-1,sub023.pkl-1-1,sub023,,sub023.pkl,0,train,True
sub023.pkl-1-2,sub023.pkl-1-2,sub023,,sub023.pkl,0,train,True
sub023.pkl-2-0,sub023.pkl-2-0,sub023,,sub023.pkl,0,train,True
sub023.pkl-2-1,sub023.pkl-2-1,sub023,,sub023.pkl,0,train,True
sub023.pkl-2-2,sub023.pkl-2-2,sub023,,sub023.pkl,0,train,True
sub023.pkl-3-0,sub023.pkl-3-0,sub023,,sub023.pkl,1,train,True
sub023.pkl-3-1,sub023.pkl-3-1,sub023,,sub023.pkl,1,train,True
sub023.pkl-3-2,sub023.pkl-3-2,sub023,,sub023.pkl,1,train,True
sub023.pkl-4-0,sub023.pkl-4-0,sub023,,sub023.pkl,1,train,True
sub023.pkl-4-1,sub023.pkl-4-1,sub023,,sub023.pkl,1,train,True
sub023.pkl-4-2,sub023.pkl-4-2,sub023,,sub023.pkl,1,train,True
sub023.pkl-5-0,sub023.pkl-5-0,sub023,,sub023.pkl,1,train,True
sub023.pkl-5-1,sub023.pkl-5-1,sub023,,sub023.pkl,1,train,True
sub023.pkl-5-2,sub023.pkl-5-2,sub023,,sub023.pkl,1,train,True
sub023.pkl-6-0,sub023.pkl-6-0,sub023,,sub023.pkl,2,train,True
sub023.pkl-6-1,sub023.pkl-6-1,sub023,,sub023.pkl,2,train,True
sub023.pkl-6-2,sub023.pkl-6-2,sub023,,sub023.pkl,2,train,True
sub023.pkl-7-0,sub023.pkl-7-0,sub023,,sub023.pkl,2,train,True
sub023.pkl-7-1,sub023.pkl-7-1,sub023,,sub023.pkl,2,train,True
sub023.pkl-7-2,sub023.pkl-7-2,sub023,,sub023.pkl,2,train,True
sub023.pkl-8-0,sub023.pkl-8-0,sub023,,sub023.pkl,2,train,True
sub023.pkl-8-1,sub023.pkl-8-1,sub023,,sub023.pkl,2,train,True
sub023.pkl-8-2,sub023.pkl-8-2,sub023,,sub023.pkl,2,train,True
sub023.pkl-9-0,sub023.pkl-9-0,sub023,,sub023.pkl,3,train,True
sub023.pkl-9-1,sub023.pkl-9-1,sub023,,sub023.pkl,3,train,True
sub023.pkl-9-2,sub023.pkl-9-2,sub023,,sub023.pkl,3,train,True
sub023.pkl-10-0,sub023.pkl-10-0,sub023,,sub023.pkl,3,train,True
sub023.pkl-10-1,sub023.pkl-10-1,sub023,,sub023.pkl,3,train,True
sub023.pkl-10-2,sub023.pkl-10-2,sub023,,sub023.pkl,3,train,True
sub023.pkl-11-0,sub023.pkl-11-0,sub023,,sub023.pkl,3,train,True
sub023.pkl-11-1,sub023.pkl-11-1,sub023,,sub023.pkl,3,train,True
sub023.pkl-11-2,sub023.pkl-11-2,sub023,,sub023.pkl,3,train,True
sub023.pkl-12-0,sub023.pkl-12-0,sub023,,sub023.pkl,4,train,True
sub023.pkl-12-1,sub023.pkl-12-1,sub023,,sub023.pkl,4,train,True
sub023.pkl-12-2,sub023.pkl-12-2,sub023,,sub023.pkl,4,train,True
sub023.pkl-13-0,sub023.pkl-13-0,sub023,,sub023.pkl,4,train,True
sub023.pkl-13-1,sub023.pkl-13-1,sub023,,sub023.pkl,4,train,True
sub023.pkl-13-2,sub023.pkl-13-2,sub023,,sub023.pkl,4,train,True
sub023.pkl-14-0,sub023.pkl-14-0,sub023,,sub023.pkl,4,train,True
sub023.pkl-14-1,sub023.pkl-14-1,sub023,,sub023.pkl,4,train,True
sub023.pkl-14-2,sub023.pkl-14-2,sub023,,sub023.pkl,4,train,True
sub023.pkl-15-0,sub023.pkl-15-0,sub023,,sub023.pkl,4,train,True
sub023.pkl-15-1,sub023.pkl-15-1,sub023,,sub023.pkl,4,train,True
sub023.pkl-15-2,sub023.pkl-15-2,sub023,,sub023.pkl,4,train,True
sub023.pkl-16-0,sub023.pkl-16-0,sub023,,sub023.pkl,5,train,True
sub023.pkl-16-1,sub023.pkl-16-1,sub023,,sub023.pkl,5,train,True
sub023.pkl-16-2,sub023.pkl-16-2,sub023,,sub023.pkl,5,train,True
sub023.pkl-17-0,sub023.pkl-17-0,sub023,,sub023.pkl,5,train,True
sub023.pkl-17-1,sub023.pkl-17-1,sub023,,sub023.pkl,5,train,True
sub023.pkl-17-2,sub023.pkl-17-2,sub023,,sub023.pkl,5,train,True
sub023.pkl-18-0,sub023.pkl-18-0,sub023,,sub023.pkl,5,train,True
sub023.pkl-18-1,sub023.pkl-18-1,sub023,,sub023.pkl,5,train,True
sub023.pkl-18-2,sub023.pkl-18-2,sub023,,sub023.pkl,5,train,True
sub023.pkl-19-0,sub023.pkl-19-0,sub023,,sub023.pkl,6,train,True
sub023.pkl-19-1,sub023.pkl-19-1,sub023,,sub023.pkl,6,train,True
sub023.pkl-19-2,sub023.pkl-19-2,sub023,,sub023.pkl,6,train,True
sub023.pkl-20-0,sub023.pkl-20-0,sub023,,sub023.pkl,6,train,True
sub023.pkl-20-1,sub023.pkl-20-1,sub023,,sub023.pkl,6,train,True
sub023.pkl-20-2,sub023.pkl-20-2,sub023,,sub023.pkl,6,train,True
sub023.pkl-21-0,sub023.pkl-21-0,sub023,,sub023.pkl,6,train,True
sub023.pkl-21-1,sub023.pkl-21-1,sub023,,sub023.pkl,6,train,True
sub023.pkl-21-2,sub023.pkl-21-2,sub023,,sub023.pkl,6,train,True
sub023.pkl-22-0,sub023.pkl-22-0,sub023,,sub023.pkl,7,train,True
sub023.pkl-22-1,sub023.pkl-22-1,sub023,,sub023.pkl,7,train,True
sub023.pkl-22-2,sub023.pkl-22-2,sub023,,sub023.pkl,7,train,True
sub023.pkl-23-0,sub023.pkl-23-0,sub023,,sub023.pkl,7,train,True
sub023.pkl-23-1,sub023.pkl-23-1,sub023,,sub023.pkl,7,train,True
sub023.pkl-23-2,sub023.pkl-23-2,sub023,,sub023.pkl,7,train,True
sub023.pkl-24-0,sub023.pkl-24-0,sub023,,sub023.pkl,7,train,True
sub023.pkl-24-1,sub023.pkl-24-1,sub023,,sub023.pkl,7,train,True
sub023.pkl-24-2,sub023.pkl-24-2,sub023,,sub023.pkl,7,train,True
sub023.pkl-25-0,sub023.pkl-25-0,sub023,,sub023.pkl,8,train,True
sub023.pkl-25-1,sub023.pkl-25-1,sub023,,sub023.pkl,8,train,True
sub023.pkl-25-2,sub023.pkl-25-2,sub023,,sub023.pkl,8,train,True
sub023.pkl-26-0,sub023.pkl-26-0,sub023,,sub023.pkl,8,train,True
sub023.pkl-26-1,sub023.pkl-26-1,sub023,,sub023.pkl,8,train,True
sub023.pkl-26-2,sub023.pkl-26-2,sub023,,sub023.pkl,8,train,True
sub023.pkl-27-0,sub023.pkl-27-0,sub023,,sub023.pkl,8,train,True
sub023.pkl-27-1,sub023.pkl-27-1,sub023,,sub023.pkl,8,train,True
sub023.pkl-27-2,sub023.pkl-27-2,sub023,,sub023.pkl,8,train,True
sub024.pkl-0-0,sub024.pkl-0-0,sub024,,sub024.pkl,0,train,True
sub024.pkl-0-1,sub024.pkl-0-1,sub024,,sub024.pkl,0,train,True
sub024.pkl-0-2,sub024.pkl-0-2,sub024,,sub024.pkl,0,train,True
sub024.pkl-1-0,sub024.pkl-1-0,sub024,,sub024.pkl,0,train,True
sub024.pkl-1-1,sub024.pkl-1-1,sub024,,sub024.pkl,0,train,True
sub024.pkl-1-2,sub024.pkl-1-2,sub024,,sub024.pkl,0,train,True
sub024.pkl-2-0,sub024.pkl-2-0,sub024,,sub024.pkl,0,train,True
sub024.pkl-2-1,sub024.pkl-2-1,sub024,,sub024.pkl,0,train,True
sub024.pkl-2-2,sub024.pkl-2-2,sub024,,sub024.pkl,0,train,True
sub024.pkl-3-0,sub024.pkl-3-0,sub024,,sub024.pkl,1,train,True
sub024.pkl-3-1,sub024.pkl-3-1,sub024,,sub024.pkl,1,train,True
sub024.pkl-3-2,sub024.pkl-3-2,sub024,,sub024.pkl,1,train,True
sub024.pkl-4-0,sub024.pkl-4-0,sub024,,sub024.pkl,1,train,True
sub024.pkl-4-1,sub024.pkl-4-1,sub024,,sub024.pkl,1,train,True
sub024.pkl-4-2,sub024.pkl-4-2,sub024,,sub024.pkl,1,train,True
sub024.pkl-5-0,sub024.pkl-5-0,sub024,,sub024.pkl,1,train,True
sub024.pkl-5-1,sub024.pkl-5-1,sub024,,sub024.pkl,1,train,True
sub024.pkl-5-2,sub024.pkl-5-2,sub024,,sub024.pkl,1,train,True
sub024.pkl-6-0,sub024.pkl-6-0,sub024,,sub024.pkl,2,train,True
sub024.pkl-6-1,sub024.pkl-6-1,sub024,,sub024.pkl,2,train,True
sub024.pkl-6-2,sub024.pkl-6-2,sub024,,sub024.pkl,2,train,True
sub024.pkl-7-0,sub024.pkl-7-0,sub024,,sub024.pkl,2,train,True
sub024.pkl-7-1,sub024.pkl-7-1,sub024,,sub024.pkl,2,train,True
sub024.pkl-7-2,sub024.pkl-7-2,sub024,,sub024.pkl,2,train,True
sub024.pkl-8-0,sub024.pkl-8-0,sub024,,sub024.pkl,2,train,True
sub024.pkl-8-1,sub024.pkl-8-1,sub024,,sub024.pkl,2,train,True
sub024.pkl-8-2,sub024.pkl-8-2,sub024,,sub024.pkl,2,train,True
sub024.pkl-9-0,sub024.pkl-9-0,sub024,,sub024.pkl,3,train,True
sub024.pkl-9-1,sub024.pkl-9-1,sub024,,sub024.pkl,3,train,True
sub024.pkl-9-2,sub024.pkl-9-2,sub024,,sub024.pkl,3,train,True
sub024.pkl-10-0,sub024.pkl-10-0,sub024,,sub024.pkl,3,train,True
sub024.pkl-10-1,sub024.pkl-10-1,sub024,,sub024.pkl,3,train,True
sub024.pkl-10-2,sub024.pkl-10-2,sub024,,sub024.pkl,3,train,True
sub024.pkl-11-0,sub024.pkl-11-0,sub024,,sub024.pkl,3,train,True
sub024.pkl-11-1,sub024.pkl-11-1,sub024,,sub024.pkl,3,train,True
sub024.pkl-11-2,sub024.pkl-11-2,sub024,,sub024.pkl,3,train,True
sub024.pkl-12-0,sub024.pkl-12-0,sub024,,sub024.pkl,4,train,True
sub024.pkl-12-1,sub024.pkl-12-1,sub024,,sub024.pkl,4,train,True
sub024.pkl-12-2,sub024.pkl-12-2,sub024,,sub024.pkl,4,train,True
sub024.pkl-13-0,sub024.pkl-13-0,sub024,,sub024.pkl,4,train,True
sub024.pkl-13-1,sub024.pkl-13-1,sub024,,sub024.pkl,4,train,True
sub024.pkl-13-2,sub024.pkl-13-2,sub024,,sub024.pkl,4,train,True
sub024.pkl-14-0,sub024.pkl-14-0,sub024,,sub024.pkl,4,train,True
sub024.pkl-14-1,sub024.pkl-14-1,sub024,,sub024.pkl,4,train,True
sub024.pkl-14-2,sub024.pkl-14-2,sub024,,sub024.pkl,4,train,True
sub024.pkl-15-0,sub024.pkl-15-0,sub024,,sub024.pkl,4,train,True
sub024.pkl-15-1,sub024.pkl-15-1,sub024,,sub024.pkl,4,train,True
sub024.pkl-15-2,sub024.pkl-15-2,sub024,,sub024.pkl,4,train,True
sub024.pkl-16-0,sub024.pkl-16-0,sub024,,sub024.pkl,5,train,True
sub024.pkl-16-1,sub024.pkl-16-1,sub024,,sub024.pkl,5,train,True
sub024.pkl-16-2,sub024.pkl-16-2,sub024,,sub024.pkl,5,train,True
sub024.pkl-17-0,sub024.pkl-17-0,sub024,,sub024.pkl,5,train,True
sub024.pkl-17-1,sub024.pkl-17-1,sub024,,sub024.pkl,5,train,True
sub024.pkl-17-2,sub024.pkl-17-2,sub024,,sub024.pkl,5,train,True
sub024.pkl-18-0,sub024.pkl-18-0,sub024,,sub024.pkl,5,train,True
sub024.pkl-18-1,sub024.pkl-18-1,sub024,,sub024.pkl,5,train,True
sub024.pkl-18-2,sub024.pkl-18-2,sub024,,sub024.pkl,5,train,True
sub024.pkl-19-0,sub024.pkl-19-0,sub024,,sub024.pkl,6,train,True
sub024.pkl-19-1,sub024.pkl-19-1,sub024,,sub024.pkl,6,train,True
sub024.pkl-19-2,sub024.pkl-19-2,sub024,,sub024.pkl,6,train,True
sub024.pkl-20-0,sub024.pkl-20-0,sub024,,sub024.pkl,6,train,True
sub024.pkl-20-1,sub024.pkl-20-1,sub024,,sub024.pkl,6,train,True
sub024.pkl-20-2,sub024.pkl-20-2,sub024,,sub024.pkl,6,train,True
sub024.pkl-21-0,sub024.pkl-21-0,sub024,,sub024.pkl,6,train,True
sub024.pkl-21-1,sub024.pkl-21-1,sub024,,sub024.pkl,6,train,True
sub024.pkl-21-2,sub024.pkl-21-2,sub024,,sub024.pkl,6,train,True
sub024.pkl-22-0,sub024.pkl-22-0,sub024,,sub024.pkl,7,train,True
sub024.pkl-22-1,sub024.pkl-22-1,sub024,,sub024.pkl,7,train,True
sub024.pkl-22-2,sub024.pkl-22-2,sub024,,sub024.pkl,7,train,True
sub024.pkl-23-0,sub024.pkl-23-0,sub024,,sub024.pkl,7,train,True
sub024.pkl-23-1,sub024.pkl-23-1,sub024,,sub024.pkl,7,train,True
sub024.pkl-23-2,sub024.pkl-23-2,sub024,,sub024.pkl,7,train,True
sub024.pkl-24-0,sub024.pkl-24-0,sub024,,sub024.pkl,7,train,True
sub024.pkl-24-1,sub024.pkl-24-1,sub024,,sub024.pkl,7,train,True
sub024.pkl-24-2,sub024.pkl-24-2,sub024,,sub024.pkl,7,train,True
sub024.pkl-25-0,sub024.pkl-25-0,sub024,,sub024.pkl,8,train,True
sub024.pkl-25-1,sub024.pkl-25-1,sub024,,sub024.pkl,8,train,True
sub024.pkl-25-2,sub024.pkl-25-2,sub024,,sub024.pkl,8,train,True
sub024.pkl-26-0,sub024.pkl-26-0,sub024,,sub024.pkl,8,train,True
sub024.pkl-26-1,sub024.pkl-26-1,sub024,,sub024.pkl,8,train,True
sub024.pkl-26-2,sub024.pkl-26-2,sub024,,sub024.pkl,8,train,True
sub024.pkl-27-0,sub024.pkl-27-0,sub024,,sub024.pkl,8,train,True
sub024.pkl-27-1,sub024.pkl-27-1,sub024,,sub024.pkl,8,train,True
sub024.pkl-27-2,sub024.pkl-27-2,sub024,,sub024.pkl,8,train,True
sub025.pkl-0-0,sub025.pkl-0-0,sub025,,sub025.pkl,0,train,True
sub025.pkl-0-1,sub025.pkl-0-1,sub025,,sub025.pkl,0,train,True
sub025.pkl-0-2,sub025.pkl-0-2,sub025,,sub025.pkl,0,train,True
sub025.pkl-1-0,sub025.pkl-1-0,sub025,,sub025.pkl,0,train,True
sub025.pkl-1-1,sub025.pkl-1-1,sub025,,sub025.pkl,0,train,True
sub025.pkl-1-2,sub025.pkl-1-2,sub025,,sub025.pkl,0,train,True
sub025.pkl-2-0,sub025.pkl-2-0,sub025,,sub025.pkl,0,train,True
sub025.pkl-2-1,sub025.pkl-2-1,sub025,,sub025.pkl,0,train,True
sub025.pkl-2-2,sub025.pkl-2-2,sub025,,sub025.pkl,0,train,True
sub025.pkl-3-0,sub025.pkl-3-0,sub025,,sub025.pkl,1,train,True
sub025.pkl-3-1,sub025.pkl-3-1,sub025,,sub025.pkl,1,train,True
sub025.pkl-3-2,sub025.pkl-3-2,sub025,,sub025.pkl,1,train,True
sub025.pkl-4-0,sub025.pkl-4-0,sub025,,sub025.pkl,1,train,True
sub025.pkl-4-1,sub025.pkl-4-1,sub025,,sub025.pkl,1,train,True
sub025.pkl-4-2,sub025.pkl-4-2,sub025,,sub025.pkl,1,train,True
sub025.pkl-5-0,sub025.pkl-5-0,sub025,,sub025.pkl,1,train,True
sub025.pkl-5-1,sub025.pkl-5-1,sub025,,sub025.pkl,1,train,True
sub025.pkl-5-2,sub025.pkl-5-2,sub025,,sub025.pkl,1,train,True
sub025.pkl-6-0,sub025.pkl-6-0,sub025,,sub025.pkl,2,train,True
sub025.pkl-6-1,sub025.pkl-6-1,sub025,,sub025.pkl,2,train,True
sub025.pkl-6-2,sub025.pkl-6-2,sub025,,sub025.pkl,2,train,True
sub025.pkl-7-0,sub025.pkl-7-0,sub025,,sub025.pkl,2,train,True
sub025.pkl-7-1,sub025.pkl-7-1,sub025,,sub025.pkl,2,train,True
sub025.pkl-7-2,sub025.pkl-7-2,sub025,,sub025.pkl,2,train,True
sub025.pkl-8-0,sub025.pkl-8-0,sub025,,sub025.pkl,2,train,True
sub025.pkl-8-1,sub025.pkl-8-1,sub025,,sub025.pkl,2,train,True
sub025.pkl-8-2,sub025.pkl-8-2,sub025,,sub025.pkl,2,train,True
sub025.pkl-9-0,sub025.pkl-9-0,sub025,,sub025.pkl,3,train,True
sub025.pkl-9-1,sub025.pkl-9-1,sub025,,sub025.pkl,3,train,True
sub025.pkl-9-2,sub025.pkl-9-2,sub025,,sub025.pkl,3,train,True
sub025.pkl-10-0,sub025.pkl-10-0,sub025,,sub025.pkl,3,train,True
sub025.pkl-10-1,sub025.pkl-10-1,sub025,,sub025.pkl,3,train,True
sub025.pkl-10-2,sub025.pkl-10-2,sub025,,sub025.pkl,3,train,True
sub025.pkl-11-0,sub025.pkl-11-0,sub025,,sub025.pkl,3,train,True
sub025.pkl-11-1,sub025.pkl-11-1,sub025,,sub025.pkl,3,train,True
sub025.pkl-11-2,sub025.pkl-11-2,sub025,,sub025.pkl,3,train,True
sub025.pkl-12-0,sub025.pkl-12-0,sub025,,sub025.pkl,4,train,True
sub025.pkl-12-1,sub025.pkl-12-1,sub025,,sub025.pkl,4,train,True
sub025.pkl-12-2,sub025.pkl-12-2,sub025,,sub025.pkl,4,train,True
sub025.pkl-13-0,sub025.pkl-13-0,sub025,,sub025.pkl,4,train,True
sub025.pkl-13-1,sub025.pkl-13-1,sub025,,sub025.pkl,4,train,True
sub025.pkl-13-2,sub025.pkl-13-2,sub025,,sub025.pkl,4,train,True
sub025.pkl-14-0,sub025.pkl-14-0,sub025,,sub025.pkl,4,train,True
sub025.pkl-14-1,sub025.pkl-14-1,sub025,,sub025.pkl,4,train,True
sub025.pkl-14-2,sub025.pkl-14-2,sub025,,sub025.pkl,4,train,True
sub025.pkl-15-0,sub025.pkl-15-0,sub025,,sub025.pkl,4,train,True
sub025.pkl-15-1,sub025.pkl-15-1,sub025,,sub025.pkl,4,train,True
sub025.pkl-15-2,sub025.pkl-15-2,sub025,,sub025.pkl,4,train,True
sub025.pkl-16-0,sub025.pkl-16-0,sub025,,sub025.pkl,5,train,True
sub025.pkl-16-1,sub025.pkl-16-1,sub025,,sub025.pkl,5,train,True
sub025.pkl-16-2,sub025.pkl-16-2,sub025,,sub025.pkl,5,train,True
sub025.pkl-17-0,sub025.pkl-17-0,sub025,,sub025.pkl,5,train,True
sub025.pkl-17-1,sub025.pkl-17-1,sub025,,sub025.pkl,5,train,True
sub025.pkl-17-2,sub025.pkl-17-2,sub025,,sub025.pkl,5,train,True
sub025.pkl-18-0,sub025.pkl-18-0,sub025,,sub025.pkl,5,train,True
sub025.pkl-18-1,sub025.pkl-18-1,sub025,,sub025.pkl,5,train,True
sub025.pkl-18-2,sub025.pkl-18-2,sub025,,sub025.pkl,5,train,True
sub025.pkl-19-0,sub025.pkl-19-0,sub025,,sub025.pkl,6,train,True
sub025.pkl-19-1,sub025.pkl-19-1,sub025,,sub025.pkl,6,train,True
sub025.pkl-19-2,sub025.pkl-19-2,sub025,,sub025.pkl,6,train,True
sub025.pkl-20-0,sub025.pkl-20-0,sub025,,sub025.pkl,6,train,True
sub025.pkl-20-1,sub025.pkl-20-1,sub025,,sub025.pkl,6,train,True
sub025.pkl-20-2,sub025.pkl-20-2,sub025,,sub025.pkl,6,train,True
sub025.pkl-21-0,sub025.pkl-21-0,sub025,,sub025.pkl,6,train,True
sub025.pkl-21-1,sub025.pkl-21-1,sub025,,sub025.pkl,6,train,True
sub025.pkl-21-2,sub025.pkl-21-2,sub025,,sub025.pkl,6,train,True
sub025.pkl-22-0,sub025.pkl-22-0,sub025,,sub025.pkl,7,train,True
sub025.pkl-22-1,sub025.pkl-22-1,sub025,,sub025.pkl,7,train,True
sub025.pkl-22-2,sub025.pkl-22-2,sub025,,sub025.pkl,7,train,True
sub025.pkl-23-0,sub025.pkl-23-0,sub025,,sub025.pkl,7,train,True
sub025.pkl-23-1,sub025.pkl-23-1,sub025,,sub025.pkl,7,train,True
sub025.pkl-23-2,sub025.pkl-23-2,sub025,,sub025.pkl,7,train,True
sub025.pkl-24-0,sub025.pkl-24-0,sub025,,sub025.pkl,7,train,True
sub025.pkl-24-1,sub025.pkl-24-1,sub025,,sub025.pkl,7,train,True
sub025.pkl-24-2,sub025.pkl-24-2,sub025,,sub025.pkl,7,train,True
sub025.pkl-25-0,sub025.pkl-25-0,sub025,,sub025.pkl,8,train,True
sub025.pkl-25-1,sub025.pkl-25-1,sub025,,sub025.pkl,8,train,True
sub025.pkl-25-2,sub025.pkl-25-2,sub025,,sub025.pkl,8,train,True
sub025.pkl-26-0,sub025.pkl-26-0,sub025,,sub025.pkl,8,train,True
sub025.pkl-26-1,sub025.pkl-26-1,sub025,,sub025.pkl,8,train,True
sub025.pkl-26-2,sub025.pkl-26-2,sub025,,sub025.pkl,8,train,True
sub025.pkl-27-0,sub025.pkl-27-0,sub025,,sub025.pkl,8,train,True
sub025.pkl-27-1,sub025.pkl-27-1,sub025,,sub025.pkl,8,train,True
sub025.pkl-27-2,sub025.pkl-27-2,sub025,,sub025.pkl,8,train,True
sub026.pkl-0-0,sub026.pkl-0-0,sub026,,sub026.pkl,0,train,True
sub026.pkl-0-1,sub026.pkl-0-1,sub026,,sub026.pkl,0,train,True
sub026.pkl-0-2,sub026.pkl-0-2,sub026,,sub026.pkl,0,train,True
sub026.pkl-1-0,sub026.pkl-1-0,sub026,,sub026.pkl,0,train,True
sub026.pkl-1-1,sub026.pkl-1-1,sub026,,sub026.pkl,0,train,True
sub026.pkl-1-2,sub026.pkl-1-2,sub026,,sub026.pkl,0,train,True
sub026.pkl-2-0,sub026.pkl-2-0,sub026,,sub026.pkl,0,train,True
sub026.pkl-2-1,sub026.pkl-2-1,sub026,,sub026.pkl,0,train,True
sub026.pkl-2-2,sub026.pkl-2-2,sub026,,sub026.pkl,0,train,True
sub026.pkl-3-0,sub026.pkl-3-0,sub026,,sub026.pkl,1,train,True
sub026.pkl-3-1,sub026.pkl-3-1,sub026,,sub026.pkl,1,train,True
sub026.pkl-3-2,sub026.pkl-3-2,sub026,,sub026.pkl,1,train,True
sub026.pkl-4-0,sub026.pkl-4-0,sub026,,sub026.pkl,1,train,True
sub026.pkl-4-1,sub026.pkl-4-1,sub026,,sub026.pkl,1,train,True
sub026.pkl-4-2,sub026.pkl-4-2,sub026,,sub026.pkl,1,train,True
sub026.pkl-5-0,sub026.pkl-5-0,sub026,,sub026.pkl,1,train,True
sub026.pkl-5-1,sub026.pkl-5-1,sub026,,sub026.pkl,1,train,True
sub026.pkl-5-2,sub026.pkl-5-2,sub026,,sub026.pkl,1,train,True
sub026.pkl-6-0,sub026.pkl-6-0,sub026,,sub026.pkl,2,train,True
sub026.pkl-6-1,sub026.pkl-6-1,sub026,,sub026.pkl,2,train,True
sub026.pkl-6-2,sub026.pkl-6-2,sub026,,sub026.pkl,2,train,True
sub026.pkl-7-0,sub026.pkl-7-0,sub026,,sub026.pkl,2,train,True
sub026.pkl-7-1,sub026.pkl-7-1,sub026,,sub026.pkl,2,train,True
sub026.pkl-7-2,sub026.pkl-7-2,sub026,,sub026.pkl,2,train,True
sub026.pkl-8-0,sub026.pkl-8-0,sub026,,sub026.pkl,2,train,True
sub026.pkl-8-1,sub026.pkl-8-1,sub026,,sub026.pkl,2,train,True
sub026.pkl-8-2,sub026.pkl-8-2,sub026,,sub026.pkl,2,train,True
sub026.pkl-9-0,sub026.pkl-9-0,sub026,,sub026.pkl,3,train,True
sub026.pkl-9-1,sub026.pkl-9-1,sub026,,sub026.pkl,3,train,True
sub026.pkl-9-2,sub026.pkl-9-2,sub026,,sub026.pkl,3,train,True
sub026.pkl-10-0,sub026.pkl-10-0,sub026,,sub026.pkl,3,train,True
sub026.pkl-10-1,sub026.pkl-10-1,sub026,,sub026.pkl,3,train,True
sub026.pkl-10-2,sub026.pkl-10-2,sub026,,sub026.pkl,3,train,True
sub026.pkl-11-0,sub026.pkl-11-0,sub026,,sub026.pkl,3,train,True
sub026.pkl-11-1,sub026.pkl-11-1,sub026,,sub026.pkl,3,train,True
sub026.pkl-11-2,sub026.pkl-11-2,sub026,,sub026.pkl,3,train,True
sub026.pkl-12-0,sub026.pkl-12-0,sub026,,sub026.pkl,4,train,True
sub026.pkl-12-1,sub026.pkl-12-1,sub026,,sub026.pkl,4,train,True
sub026.pkl-12-2,sub026.pkl-12-2,sub026,,sub026.pkl,4,train,True
sub026.pkl-13-0,sub026.pkl-13-0,sub026,,sub026.pkl,4,train,True
sub026.pkl-13-1,sub026.pkl-13-1,sub026,,sub026.pkl,4,train,True
sub026.pkl-13-2,sub026.pkl-13-2,sub026,,sub026.pkl,4,train,True
sub026.pkl-14-0,sub026.pkl-14-0,sub026,,sub026.pkl,4,train,True
sub026.pkl-14-1,sub026.pkl-14-1,sub026,,sub026.pkl,4,train,True
sub026.pkl-14-2,sub026.pkl-14-2,sub026,,sub026.pkl,4,train,True
sub026.pkl-15-0,sub026.pkl-15-0,sub026,,sub026.pkl,4,train,True
sub026.pkl-15-1,sub026.pkl-15-1,sub026,,sub026.pkl,4,train,True
sub026.pkl-15-2,sub026.pkl-15-2,sub026,,sub026.pkl,4,train,True
sub026.pkl-16-0,sub026.pkl-16-0,sub026,,sub026.pkl,5,train,True
sub026.pkl-16-1,sub026.pkl-16-1,sub026,,sub026.pkl,5,train,True
sub026.pkl-16-2,sub026.pkl-16-2,sub026,,sub026.pkl,5,train,True
sub026.pkl-17-0,sub026.pkl-17-0,sub026,,sub026.pkl,5,train,True
sub026.pkl-17-1,sub026.pkl-17-1,sub026,,sub026.pkl,5,train,True
sub026.pkl-17-2,sub026.pkl-17-2,sub026,,sub026.pkl,5,train,True
sub026.pkl-18-0,sub026.pkl-18-0,sub026,,sub026.pkl,5,train,True
sub026.pkl-18-1,sub026.pkl-18-1,sub026,,sub026.pkl,5,train,True
sub026.pkl-18-2,sub026.pkl-18-2,sub026,,sub026.pkl,5,train,True
sub026.pkl-19-0,sub026.pkl-19-0,sub026,,sub026.pkl,6,train,True
sub026.pkl-19-1,sub026.pkl-19-1,sub026,,sub026.pkl,6,train,True
sub026.pkl-19-2,sub026.pkl-19-2,sub026,,sub026.pkl,6,train,True
sub026.pkl-20-0,sub026.pkl-20-0,sub026,,sub026.pkl,6,train,True
sub026.pkl-20-1,sub026.pkl-20-1,sub026,,sub026.pkl,6,train,True
sub026.pkl-20-2,sub026.pkl-20-2,sub026,,sub026.pkl,6,train,True
sub026.pkl-21-0,sub026.pkl-21-0,sub026,,sub026.pkl,6,train,True
sub026.pkl-21-1,sub026.pkl-21-1,sub026,,sub026.pkl,6,train,True
sub026.pkl-21-2,sub026.pkl-21-2,sub026,,sub026.pkl,6,train,True
sub026.pkl-22-0,sub026.pkl-22-0,sub026,,sub026.pkl,7,train,True
sub026.pkl-22-1,sub026.pkl-22-1,sub026,,sub026.pkl,7,train,True
sub026.pkl-22-2,sub026.pkl-22-2,sub026,,sub026.pkl,7,train,True
sub026.pkl-23-0,sub026.pkl-23-0,sub026,,sub026.pkl,7,train,True
sub026.pkl-23-1,sub026.pkl-23-1,sub026,,sub026.pkl,7,train,True
sub026.pkl-23-2,sub026.pkl-23-2,sub026,,sub026.pkl,7,train,True
sub026.pkl-24-0,sub026.pkl-24-0,sub026,,sub026.pkl,7,train,True
sub026.pkl-24-1,sub026.pkl-24-1,sub026,,sub026.pkl,7,train,True
sub026.pkl-24-2,sub026.pkl-24-2,sub026,,sub026.pkl,7,train,True
sub026.pkl-25-0,sub026.pkl-25-0,sub026,,sub026.pkl,8,train,True
sub026.pkl-25-1,sub026.pkl-25-1,sub026,,sub026.pkl,8,train,True
sub026.pkl-25-2,sub026.pkl-25-2,sub026,,sub026.pkl,8,train,True
sub026.pkl-26-0,sub026.pkl-26-0,sub026,,sub026.pkl,8,train,True
sub026.pkl-26-1,sub026.pkl-26-1,sub026,,sub026.pkl,8,train,True
sub026.pkl-26-2,sub026.pkl-26-2,sub026,,sub026.pkl,8,train,True
sub026.pkl-27-0,sub026.pkl-27-0,sub026,,sub026.pkl,8,train,True
sub026.pkl-27-1,sub026.pkl-27-1,sub026,,sub026.pkl,8,train,True
sub026.pkl-27-2,sub026.pkl-27-2,sub026,,sub026.pkl,8,train,True
sub027.pkl-0-0,sub027.pkl-0-0,sub027,,sub027.pkl,0,train,True
sub027.pkl-0-1,sub027.pkl-0-1,sub027,,sub027.pkl,0,train,True
sub027.pkl-0-2,sub027.pkl-0-2,sub027,,sub027.pkl,0,train,True
sub027.pkl-1-0,sub027.pkl-1-0,sub027,,sub027.pkl,0,train,True
sub027.pkl-1-1,sub027.pkl-1-1,sub027,,sub027.pkl,0,train,True
sub027.pkl-1-2,sub027.pkl-1-2,sub027,,sub027.pkl,0,train,True
sub027.pkl-2-0,sub027.pkl-2-0,sub027,,sub027.pkl,0,train,True
sub027.pkl-2-1,sub027.pkl-2-1,sub027,,sub027.pkl,0,train,True
sub027.pkl-2-2,sub027.pkl-2-2,sub027,,sub027.pkl,0,train,True
sub027.pkl-3-0,sub027.pkl-3-0,sub027,,sub027.pkl,1,train,True
sub027.pkl-3-1,sub027.pkl-3-1,sub027,,sub027.pkl,1,train,True
sub027.pkl-3-2,sub027.pkl-3-2,sub027,,sub027.pkl,1,train,True
sub027.pkl-4-0,sub027.pkl-4-0,sub027,,sub027.pkl,1,train,True
sub027.pkl-4-1,sub027.pkl-4-1,sub027,,sub027.pkl,1,train,True
sub027.pkl-4-2,sub027.pkl-4-2,sub027,,sub027.pkl,1,train,True
sub027.pkl-5-0,sub027.pkl-5-0,sub027,,sub027.pkl,1,train,True
sub027.pkl-5-1,sub027.pkl-5-1,sub027,,sub027.pkl,1,train,True
sub027.pkl-5-2,sub027.pkl-5-2,sub027,,sub027.pkl,1,train,True
sub027.pkl-6-0,sub027.pkl-6-0,sub027,,sub027.pkl,2,train,True
sub027.pkl-6-1,sub027.pkl-6-1,sub027,,sub027.pkl,2,train,True
sub027.pkl-6-2,sub027.pkl-6-2,sub027,,sub027.pkl,2,train,True
sub027.pkl-7-0,sub027.pkl-7-0,sub027,,sub027.pkl,2,train,True
sub027.pkl-7-1,sub027.pkl-7-1,sub027,,sub027.pkl,2,train,True
sub027.pkl-7-2,sub027.pkl-7-2,sub027,,sub027.pkl,2,train,True
sub027.pkl-8-0,sub027.pkl-8-0,sub027,,sub027.pkl,2,train,True
sub027.pkl-8-1,sub027.pkl-8-1,sub027,,sub027.pkl,2,train,True
sub027.pkl-8-2,sub027.pkl-8-2,sub027,,sub027.pkl,2,train,True
sub027.pkl-9-0,sub027.pkl-9-0,sub027,,sub027.pkl,3,train,True
sub027.pkl-9-1,sub027.pkl-9-1,sub027,,sub027.pkl,3,train,True
sub027.pkl-9-2,sub027.pkl-9-2,sub027,,sub027.pkl,3,train,True
sub027.pkl-10-0,sub027.pkl-10-0,sub027,,sub027.pkl,3,train,True
sub027.pkl-10-1,sub027.pkl-10-1,sub027,,sub027.pkl,3,train,True
sub027.pkl-10-2,sub027.pkl-10-2,sub027,,sub027.pkl,3,train,True
sub027.pkl-11-0,sub027.pkl-11-0,sub027,,sub027.pkl,3,train,True
sub027.pkl-11-1,sub027.pkl-11-1,sub027,,sub027.pkl,3,train,True
sub027.pkl-11-2,sub027.pkl-11-2,sub027,,sub027.pkl,3,train,True
sub027.pkl-12-0,sub027.pkl-12-0,sub027,,sub027.pkl,4,train,True
sub027.pkl-12-1,sub027.pkl-12-1,sub027,,sub027.pkl,4,train,True
sub027.pkl-12-2,sub027.pkl-12-2,sub027,,sub027.pkl,4,train,True
sub027.pkl-13-0,sub027.pkl-13-0,sub027,,sub027.pkl,4,train,True
sub027.pkl-13-1,sub027.pkl-13-1,sub027,,sub027.pkl,4,train,True
sub027.pkl-13-2,sub027.pkl-13-2,sub027,,sub027.pkl,4,train,True
sub027.pkl-14-0,sub027.pkl-14-0,sub027,,sub027.pkl,4,train,True
sub027.pkl-14-1,sub027.pkl-14-1,sub027,,sub027.pkl,4,train,True
sub027.pkl-14-2,sub027.pkl-14-2,sub027,,sub027.pkl,4,train,True
sub027.pkl-15-0,sub027.pkl-15-0,sub027,,sub027.pkl,4,train,True
sub027.pkl-15-1,sub027.pkl-15-1,sub027,,sub027.pkl,4,train,True
sub027.pkl-15-2,sub027.pkl-15-2,sub027,,sub027.pkl,4,train,True
sub027.pkl-16-0,sub027.pkl-16-0,sub027,,sub027.pkl,5,train,True
sub027.pkl-16-1,sub027.pkl-16-1,sub027,,sub027.pkl,5,train,True
sub027.pkl-16-2,sub027.pkl-16-2,sub027,,sub027.pkl,5,train,True
sub027.pkl-17-0,sub027.pkl-17-0,sub027,,sub027.pkl,5,train,True
sub027.pkl-17-1,sub027.pkl-17-1,sub027,,sub027.pkl,5,train,True
sub027.pkl-17-2,sub027.pkl-17-2,sub027,,sub027.pkl,5,train,True
sub027.pkl-18-0,sub027.pkl-18-0,sub027,,sub027.pkl,5,train,True
sub027.pkl-18-1,sub027.pkl-18-1,sub027,,sub027.pkl,5,train,True
sub027.pkl-18-2,sub027.pkl-18-2,sub027,,sub027.pkl,5,train,True
sub027.pkl-19-0,sub027.pkl-19-0,sub027,,sub027.pkl,6,train,True
sub027.pkl-19-1,sub027.pkl-19-1,sub027,,sub027.pkl,6,train,True
sub027.pkl-19-2,sub027.pkl-19-2,sub027,,sub027.pkl,6,train,True
sub027.pkl-20-0,sub027.pkl-20-0,sub027,,sub027.pkl,6,train,True
sub027.pkl-20-1,sub027.pkl-20-1,sub027,,sub027.pkl,6,train,True
sub027.pkl-20-2,sub027.pkl-20-2,sub027,,sub027.pkl,6,train,True
sub027.pkl-21-0,sub027.pkl-21-0,sub027,,sub027.pkl,6,train,True
sub027.pkl-21-1,sub027.pkl-21-1,sub027,,sub027.pkl,6,train,True
sub027.pkl-21-2,sub027.pkl-21-2,sub027,,sub027.pkl,6,train,True
sub027.pkl-22-0,sub027.pkl-22-0,sub027,,sub027.pkl,7,train,True
sub027.pkl-22-1,sub027.pkl-22-1,sub027,,sub027.pkl,7,train,True
sub027.pkl-22-2,sub027.pkl-22-2,sub027,,sub027.pkl,7,train,True
sub027.pkl-23-0,sub027.pkl-23-0,sub027,,sub027.pkl,7,train,True
sub027.pkl-23-1,sub027.pkl-23-1,sub027,,sub027.pkl,7,train,True
sub027.pkl-23-2,sub027.pkl-23-2,sub027,,sub027.pkl,7,train,True
sub027.pkl-24-0,sub027.pkl-24-0,sub027,,sub027.pkl,7,train,True
sub027.pkl-24-1,sub027.pkl-24-1,sub027,,sub027.pkl,7,train,True
sub027.pkl-24-2,sub027.pkl-24-2,sub027,,sub027.pkl,7,train,True
sub027.pkl-25-0,sub027.pkl-25-0,sub027,,sub027.pkl,8,train,True
sub027.pkl-25-1,sub027.pkl-25-1,sub027,,sub027.pkl,8,train,True
sub027.pkl-25-2,sub027.pkl-25-2,sub027,,sub027.pkl,8,train,True
sub027.pkl-26-0,sub027.pkl-26-0,sub027,,sub027.pkl,8,train,True
sub027.pkl-26-1,sub027.pkl-26-1,sub027,,sub027.pkl,8,train,True
sub027.pkl-26-2,sub027.pkl-26-2,sub027,,sub027.pkl,8,train,True
sub027.pkl-27-0,sub027.pkl-27-0,sub027,,sub027.pkl,8,train,True
sub027.pkl-27-1,sub027.pkl-27-1,sub027,,sub027.pkl,8,train,True
sub027.pkl-27-2,sub027.pkl-27-2,sub027,,sub027.pkl,8,train,True
sub028.pkl-0-0,sub028.pkl-0-0,sub028,,sub028.pkl,0,train,True
sub028.pkl-0-1,sub028.pkl-0-1,sub028,,sub028.pkl,0,train,True
sub028.pkl-0-2,sub028.pkl-0-2,sub028,,sub028.pkl,0,train,True
sub028.pkl-1-0,sub028.pkl-1-0,sub028,,sub028.pkl,0,train,True
sub028.pkl-1-1,sub028.pkl-1-1,sub028,,sub028.pkl,0,train,True
sub028.pkl-1-2,sub028.pkl-1-2,sub028,,sub028.pkl,0,train,True
sub028.pkl-2-0,sub028.pkl-2-0,sub028,,sub028.pkl,0,train,True
sub028.pkl-2-1,sub028.pkl-2-1,sub028,,sub028.pkl,0,train,True
sub028.pkl-2-2,sub028.pkl-2-2,sub028,,sub028.pkl,0,train,True
sub028.pkl-3-0,sub028.pkl-3-0,sub028,,sub028.pkl,1,train,True
sub028.pkl-3-1,sub028.pkl-3-1,sub028,,sub028.pkl,1,train,True
sub028.pkl-3-2,sub028.pkl-3-2,sub028,,sub028.pkl,1,train,True
sub028.pkl-4-0,sub028.pkl-4-0,sub028,,sub028.pkl,1,train,True
sub028.pkl-4-1,sub028.pkl-4-1,sub028,,sub028.pkl,1,train,True
sub028.pkl-4-2,sub028.pkl-4-2,sub028,,sub028.pkl,1,train,True
sub028.pkl-5-0,sub028.pkl-5-0,sub028,,sub028.pkl,1,train,True
sub028.pkl-5-1,sub028.pkl-5-1,sub028,,sub028.pkl,1,train,True
sub028.pkl-5-2,sub028.pkl-5-2,sub028,,sub028.pkl,1,train,True
sub028.pkl-6-0,sub028.pkl-6-0,sub028,,sub028.pkl,2,train,True
sub028.pkl-6-1,sub028.pkl-6-1,sub028,,sub028.pkl,2,train,True
sub028.pkl-6-2,sub028.pkl-6-2,sub028,,sub028.pkl,2,train,True
sub028.pkl-7-0,sub028.pkl-7-0,sub028,,sub028.pkl,2,train,True
sub028.pkl-7-1,sub028.pkl-7-1,sub028,,sub028.pkl,2,train,True
sub028.pkl-7-2,sub028.pkl-7-2,sub028,,sub028.pkl,2,train,True
sub028.pkl-8-0,sub028.pkl-8-0,sub028,,sub028.pkl,2,train,True
sub028.pkl-8-1,sub028.pkl-8-1,sub028,,sub028.pkl,2,train,True
sub028.pkl-8-2,sub028.pkl-8-2,sub028,,sub028.pkl,2,train,True
sub028.pkl-9-0,sub028.pkl-9-0,sub028,,sub028.pkl,3,train,True
sub028.pkl-9-1,sub028.pkl-9-1,sub028,,sub028.pkl,3,train,True
sub028.pkl-9-2,sub028.pkl-9-2,sub028,,sub028.pkl,3,train,True
sub028.pkl-10-0,sub028.pkl-10-0,sub028,,sub028.pkl,3,train,True
sub028.pkl-10-1,sub028.pkl-10-1,sub028,,sub028.pkl,3,train,True
sub028.pkl-10-2,sub028.pkl-10-2,sub028,,sub028.pkl,3,train,True
sub028.pkl-11-0,sub028.pkl-11-0,sub028,,sub028.pkl,3,train,True
sub028.pkl-11-1,sub028.pkl-11-1,sub028,,sub028.pkl,3,train,True
sub028.pkl-11-2,sub028.pkl-11-2,sub028,,sub028.pkl,3,train,True
sub028.pkl-12-0,sub028.pkl-12-0,sub028,,sub028.pkl,4,train,True
sub028.pkl-12-1,sub028.pkl-12-1,sub028,,sub028.pkl,4,train,True
sub028.pkl-12-2,sub028.pkl-12-2,sub028,,sub028.pkl,4,train,True
sub028.pkl-13-0,sub028.pkl-13-0,sub028,,sub028.pkl,4,train,True
sub028.pkl-13-1,sub028.pkl-13-1,sub028,,sub028.pkl,4,train,True
sub028.pkl-13-2,sub028.pkl-13-2,sub028,,sub028.pkl,4,train,True
sub028.pkl-14-0,sub028.pkl-14-0,sub028,,sub028.pkl,4,train,True
sub028.pkl-14-1,sub028.pkl-14-1,sub028,,sub028.pkl,4,train,True
sub028.pkl-14-2,sub028.pkl-14-2,sub028,,sub028.pkl,4,train,True
sub028.pkl-15-0,sub028.pkl-15-0,sub028,,sub028.pkl,4,train,True
sub028.pkl-15-1,sub028.pkl-15-1,sub028,,sub028.pkl,4,train,True
sub028.pkl-15-2,sub028.pkl-15-2,sub028,,sub028.pkl,4,train,True
sub028.pkl-16-0,sub028.pkl-16-0,sub028,,sub028.pkl,5,train,True
sub028.pkl-16-1,sub028.pkl-16-1,sub028,,sub028.pkl,5,train,True
sub028.pkl-16-2,sub028.pkl-16-2,sub028,,sub028.pkl,5,train,True
sub028.pkl-17-0,sub028.pkl-17-0,sub028,,sub028.pkl,5,train,True
sub028.pkl-17-1,sub028.pkl-17-1,sub028,,sub028.pkl,5,train,True
sub028.pkl-17-2,sub028.pkl-17-2,sub028,,sub028.pkl,5,train,True
sub028.pkl-18-0,sub028.pkl-18-0,sub028,,sub028.pkl,5,train,True
sub028.pkl-18-1,sub028.pkl-18-1,sub028,,sub028.pkl,5,train,True
sub028.pkl-18-2,sub028.pkl-18-2,sub028,,sub028.pkl,5,train,True
sub028.pkl-19-0,sub028.pkl-19-0,sub028,,sub028.pkl,6,train,True
sub028.pkl-19-1,sub028.pkl-19-1,sub028,,sub028.pkl,6,train,True
sub028.pkl-19-2,sub028.pkl-19-2,sub028,,sub028.pkl,6,train,True
sub028.pkl-20-0,sub028.pkl-20-0,sub028,,sub028.pkl,6,train,True
sub028.pkl-20-1,sub028.pkl-20-1,sub028,,sub028.pkl,6,train,True
sub028.pkl-20-2,sub028.pkl-20-2,sub028,,sub028.pkl,6,train,True
sub028.pkl-21-0,sub028.pkl-21-0,sub028,,sub028.pkl,6,train,True
sub028.pkl-21-1,sub028.pkl-21-1,sub028,,sub028.pkl,6,train,True
sub028.pkl-21-2,sub028.pkl-21-2,sub028,,sub028.pkl,6,train,True
sub028.pkl-22-0,sub028.pkl-22-0,sub028,,sub028.pkl,7,train,True
sub028.pkl-22-1,sub028.pkl-22-1,sub028,,sub028.pkl,7,train,True
sub028.pkl-22-2,sub028.pkl-22-2,sub028,,sub028.pkl,7,train,True
sub028.pkl-23-0,sub028.pkl-23-0,sub028,,sub028.pkl,7,train,True
sub028.pkl-23-1,sub028.pkl-23-1,sub028,,sub028.pkl,7,train,True
sub028.pkl-23-2,sub028.pkl-23-2,sub028,,sub028.pkl,7,train,True
sub028.pkl-24-0,sub028.pkl-24-0,sub028,,sub028.pkl,7,train,True
sub028.pkl-24-1,sub028.pkl-24-1,sub028,,sub028.pkl,7,train,True
sub028.pkl-24-2,sub028.pkl-24-2,sub028,,sub028.pkl,7,train,True
sub028.pkl-25-0,sub028.pkl-25-0,sub028,,sub028.pkl,8,train,True
sub028.pkl-25-1,sub028.pkl-25-1,sub028,,sub028.pkl,8,train,True
sub028.pkl-25-2,sub028.pkl-25-2,sub028,,sub028.pkl,8,train,True
sub028.pkl-26-0,sub028.pkl-26-0,sub028,,sub028.pkl,8,train,True
sub028.pkl-26-1,sub028.pkl-26-1,sub028,,sub028.pkl,8,train,True
sub028.pkl-26-2,sub028.pkl-26-2,sub028,,sub028.pkl,8,train,True
sub028.pkl-27-0,sub028.pkl-27-0,sub028,,sub028.pkl,8,train,True
sub028.pkl-27-1,sub028.pkl-27-1,sub028,,sub028.pkl,8,train,True
sub028.pkl-27-2,sub028.pkl-27-2,sub028,,sub028.pkl,8,train,True
sub029.pkl-0-0,sub029.pkl-0-0,sub029,,sub029.pkl,0,train,True
sub029.pkl-0-1,sub029.pkl-0-1,sub029,,sub029.pkl,0,train,True
sub029.pkl-0-2,sub029.pkl-0-2,sub029,,sub029.pkl,0,train,True
sub029.pkl-1-0,sub029.pkl-1-0,sub029,,sub029.pkl,0,train,True
sub029.pkl-1-1,sub029.pkl-1-1,sub029,,sub029.pkl,0,train,True
sub029.pkl-1-2,sub029.pkl-1-2,sub029,,sub029.pkl,0,train,True
sub029.pkl-2-0,sub029.pkl-2-0,sub029,,sub029.pkl,0,train,True
sub029.pkl-2-1,sub029.pkl-2-1,sub029,,sub029.pkl,0,train,True
sub029.pkl-2-2,sub029.pkl-2-2,sub029,,sub029.pkl,0,train,True
sub029.pkl-3-0,sub029.pkl-3-0,sub029,,sub029.pkl,1,train,True
sub029.pkl-3-1,sub029.pkl-3-1,sub029,,sub029.pkl,1,train,True
sub029.pkl-3-2,sub029.pkl-3-2,sub029,,sub029.pkl,1,train,True
sub029.pkl-4-0,sub029.pkl-4-0,sub029,,sub029.pkl,1,train,True
sub029.pkl-4-1,sub029.pkl-4-1,sub029,,sub029.pkl,1,train,True
sub029.pkl-4-2,sub029.pkl-4-2,sub029,,sub029.pkl,1,train,True
sub029.pkl-5-0,sub029.pkl-5-0,sub029,,sub029.pkl,1,train,True
sub029.pkl-5-1,sub029.pkl-5-1,sub029,,sub029.pkl,1,train,True
sub029.pkl-5-2,sub029.pkl-5-2,sub029,,sub029.pkl,1,train,True
sub029.pkl-6-0,sub029.pkl-6-0,sub029,,sub029.pkl,2,train,True
sub029.pkl-6-1,sub029.pkl-6-1,sub029,,sub029.pkl,2,train,True
sub029.pkl-6-2,sub029.pkl-6-2,sub029,,sub029.pkl,2,train,True
sub029.pkl-7-0,sub029.pkl-7-0,sub029,,sub029.pkl,2,train,True
sub029.pkl-7-1,sub029.pkl-7-1,sub029,,sub029.pkl,2,train,True
sub029.pkl-7-2,sub029.pkl-7-2,sub029,,sub029.pkl,2,train,True
sub029.pkl-8-0,sub029.pkl-8-0,sub029,,sub029.pkl,2,train,True
sub029.pkl-8-1,sub029.pkl-8-1,sub029,,sub029.pkl,2,train,True
sub029.pkl-8-2,sub029.pkl-8-2,sub029,,sub029.pkl,2,train,True
sub029.pkl-9-0,sub029.pkl-9-0,sub029,,sub029.pkl,3,train,True
sub029.pkl-9-1,sub029.pkl-9-1,sub029,,sub029.pkl,3,train,True
sub029.pkl-9-2,sub029.pkl-9-2,sub029,,sub029.pkl,3,train,True
sub029.pkl-10-0,sub029.pkl-10-0,sub029,,sub029.pkl,3,train,True
sub029.pkl-10-1,sub029.pkl-10-1,sub029,,sub029.pkl,3,train,True
sub029.pkl-10-2,sub029.pkl-10-2,sub029,,sub029.pkl,3,train,True
sub029.pkl-11-0,sub029.pkl-11-0,sub029,,sub029.pkl,3,train,True
sub029.pkl-11-1,sub029.pkl-11-1,sub029,,sub029.pkl,3,train,True
sub029.pkl-11-2,sub029.pkl-11-2,sub029,,sub029.pkl,3,train,True
sub029.pkl-12-0,sub029.pkl-12-0,sub029,,sub029.pkl,4,train,True
sub029.pkl-12-1,sub029.pkl-12-1,sub029,,sub029.pkl,4,train,True
sub029.pkl-12-2,sub029.pkl-12-2,sub029,,sub029.pkl,4,train,True
sub029.pkl-13-0,sub029.pkl-13-0,sub029,,sub029.pkl,4,train,True
sub029.pkl-13-1,sub029.pkl-13-1,sub029,,sub029.pkl,4,train,True
sub029.pkl-13-2,sub029.pkl-13-2,sub029,,sub029.pkl,4,train,True
sub029.pkl-14-0,sub029.pkl-14-0,sub029,,sub029.pkl,4,train,True
sub029.pkl-14-1,sub029.pkl-14-1,sub029,,sub029.pkl,4,train,True
sub029.pkl-14-2,sub029.pkl-14-2,sub029,,sub029.pkl,4,train,True
sub029.pkl-15-0,sub029.pkl-15-0,sub029,,sub029.pkl,4,train,True
sub029.pkl-15-1,sub029.pkl-15-1,sub029,,sub029.pkl,4,train,True
sub029.pkl-15-2,sub029.pkl-15-2,sub029,,sub029.pkl,4,train,True
sub029.pkl-16-0,sub029.pkl-16-0,sub029,,sub029.pkl,5,train,True
sub029.pkl-16-1,sub029.pkl-16-1,sub029,,sub029.pkl,5,train,True
sub029.pkl-16-2,sub029.pkl-16-2,sub029,,sub029.pkl,5,train,True
sub029.pkl-17-0,sub029.pkl-17-0,sub029,,sub029.pkl,5,train,True
sub029.pkl-17-1,sub029.pkl-17-1,sub029,,sub029.pkl,5,train,True
sub029.pkl-17-2,sub029.pkl-17-2,sub029,,sub029.pkl,5,train,True
sub029.pkl-18-0,sub029.pkl-18-0,sub029,,sub029.pkl,5,train,True
sub029.pkl-18-1,sub029.pkl-18-1,sub029,,sub029.pkl,5,train,True
sub029.pkl-18-2,sub029.pkl-18-2,sub029,,sub029.pkl,5,train,True
sub029.pkl-19-0,sub029.pkl-19-0,sub029,,sub029.pkl,6,train,True
sub029.pkl-19-1,sub029.pkl-19-1,sub029,,sub029.pkl,6,train,True
sub029.pkl-19-2,sub029.pkl-19-2,sub029,,sub029.pkl,6,train,True
sub029.pkl-20-0,sub029.pkl-20-0,sub029,,sub029.pkl,6,train,True
sub029.pkl-20-1,sub029.pkl-20-1,sub029,,sub029.pkl,6,train,True
sub029.pkl-20-2,sub029.pkl-20-2,sub029,,sub029.pkl,6,train,True
sub029.pkl-21-0,sub029.pkl-21-0,sub029,,sub029.pkl,6,train,True
sub029.pkl-21-1,sub029.pkl-21-1,sub029,,sub029.pkl,6,train,True
sub029.pkl-21-2,sub029.pkl-21-2,sub029,,sub029.pkl,6,train,True
sub029.pkl-22-0,sub029.pkl-22-0,sub029,,sub029.pkl,7,train,True
sub029.pkl-22-1,sub029.pkl-22-1,sub029,,sub029.pkl,7,train,True
sub029.pkl-22-2,sub029.pkl-22-2,sub029,,sub029.pkl,7,train,True
sub029.pkl-23-0,sub029.pkl-23-0,sub029,,sub029.pkl,7,train,True
sub029.pkl-23-1,sub029.pkl-23-1,sub029,,sub029.pkl,7,train,True
sub029.pkl-23-2,sub029.pkl-23-2,sub029,,sub029.pkl,7,train,True
sub029.pkl-24-0,sub029.pkl-24-0,sub029,,sub029.pkl,7,train,True
sub029.pkl-24-1,sub029.pkl-24-1,sub029,,sub029.pkl,7,train,True
sub029.pkl-24-2,sub029.pkl-24-2,sub029,,sub029.pkl,7,train,True
sub029.pkl-25-0,sub029.pkl-25-0,sub029,,sub029.pkl,8,train,True
sub029.pkl-25-1,sub029.pkl-25-1,sub029,,sub029.pkl,8,train,True
sub029.pkl-25-2,sub029.pkl-25-2,sub029,,sub029.pkl,8,train,True
sub029.pkl-26-0,sub029.pkl-26-0,sub029,,sub029.pkl,8,train,True
sub029.pkl-26-1,sub029.pkl-26-1,sub029,,sub029.pkl,8,train,True
sub029.pkl-26-2,sub029.pkl-26-2,sub029,,sub029.pkl,8,train,True
sub029.pkl-27-0,sub029.pkl-27-0,sub029,,sub029.pkl,8,train,True
sub029.pkl-27-1,sub029.pkl-27-1,sub029,,sub029.pkl,8,train,True
sub029.pkl-27-2,sub029.pkl-27-2,sub029,,sub029.pkl,8,train,True
sub030.pkl-0-0,sub030.pkl-0-0,sub030,,sub030.pkl,0,train,True
sub030.pkl-0-1,sub030.pkl-0-1,sub030,,sub030.pkl,0,train,True
sub030.pkl-0-2,sub030.pkl-0-2,sub030,,sub030.pkl,0,train,True
sub030.pkl-1-0,sub030.pkl-1-0,sub030,,sub030.pkl,0,train,True
sub030.pkl-1-1,sub030.pkl-1-1,sub030,,sub030.pkl,0,train,True
sub030.pkl-1-2,sub030.pkl-1-2,sub030,,sub030.pkl,0,train,True
sub030.pkl-2-0,sub030.pkl-2-0,sub030,,sub030.pkl,0,train,True
sub030.pkl-2-1,sub030.pkl-2-1,sub030,,sub030.pkl,0,train,True
sub030.pkl-2-2,sub030.pkl-2-2,sub030,,sub030.pkl,0,train,True
sub030.pkl-3-0,sub030.pkl-3-0,sub030,,sub030.pkl,1,train,True
sub030.pkl-3-1,sub030.pkl-3-1,sub030,,sub030.pkl,1,train,True
sub030.pkl-3-2,sub030.pkl-3-2,sub030,,sub030.pkl,1,train,True
sub030.pkl-4-0,sub030.pkl-4-0,sub030,,sub030.pkl,1,train,True
sub030.pkl-4-1,sub030.pkl-4-1,sub030,,sub030.pkl,1,train,True
sub030.pkl-4-2,sub030.pkl-4-2,sub030,,sub030.pkl,1,train,True
sub030.pkl-5-0,sub030.pkl-5-0,sub030,,sub030.pkl,1,train,True
sub030.pkl-5-1,sub030.pkl-5-1,sub030,,sub030.pkl,1,train,True
sub030.pkl-5-2,sub030.pkl-5-2,sub030,,sub030.pkl,1,train,True
sub030.pkl-6-0,sub030.pkl-6-0,sub030,,sub030.pkl,2,train,True
sub030.pkl-6-1,sub030.pkl-6-1,sub030,,sub030.pkl,2,train,True
sub030.pkl-6-2,sub030.pkl-6-2,sub030,,sub030.pkl,2,train,True
sub030.pkl-7-0,sub030.pkl-7-0,sub030,,sub030.pkl,2,train,True
sub030.pkl-7-1,sub030.pkl-7-1,sub030,,sub030.pkl,2,train,True
sub030.pkl-7-2,sub030.pkl-7-2,sub030,,sub030.pkl,2,train,True
sub030.pkl-8-0,sub030.pkl-8-0,sub030,,sub030.pkl,2,train,True
sub030.pkl-8-1,sub030.pkl-8-1,sub030,,sub030.pkl,2,train,True
sub030.pkl-8-2,sub030.pkl-8-2,sub030,,sub030.pkl,2,train,True
sub030.pkl-9-0,sub030.pkl-9-0,sub030,,sub030.pkl,3,train,True
sub030.pkl-9-1,sub030.pkl-9-1,sub030,,sub030.pkl,3,train,True
sub030.pkl-9-2,sub030.pkl-9-2,sub030,,sub030.pkl,3,train,True
sub030.pkl-10-0,sub030.pkl-10-0,sub030,,sub030.pkl,3,train,True
sub030.pkl-10-1,sub030.pkl-10-1,sub030,,sub030.pkl,3,train,True
sub030.pkl-10-2,sub030.pkl-10-2,sub030,,sub030.pkl,3,train,True
sub030.pkl-11-0,sub030.pkl-11-0,sub030,,sub030.pkl,3,train,True
sub030.pkl-11-1,sub030.pkl-11-1,sub030,,sub030.pkl,3,train,True
sub030.pkl-11-2,sub030.pkl-11-2,sub030,,sub030.pkl,3,train,True
sub030.pkl-12-0,sub030.pkl-12-0,sub030,,sub030.pkl,4,train,True
sub030.pkl-12-1,sub030.pkl-12-1,sub030,,sub030.pkl,4,train,True
sub030.pkl-12-2,sub030.pkl-12-2,sub030,,sub030.pkl,4,train,True
sub030.pkl-13-0,sub030.pkl-13-0,sub030,,sub030.pkl,4,train,True
sub030.pkl-13-1,sub030.pkl-13-1,sub030,,sub030.pkl,4,train,True
sub030.pkl-13-2,sub030.pkl-13-2,sub030,,sub030.pkl,4,train,True
sub030.pkl-14-0,sub030.pkl-14-0,sub030,,sub030.pkl,4,train,True
sub030.pkl-14-1,sub030.pkl-14-1,sub030,,sub030.pkl,4,train,True
sub030.pkl-14-2,sub030.pkl-14-2,sub030,,sub030.pkl,4,train,True
sub030.pkl-15-0,sub030.pkl-15-0,sub030,,sub030.pkl,4,train,True
sub030.pkl-15-1,sub030.pkl-15-1,sub030,,sub030.pkl,4,train,True
sub030.pkl-15-2,sub030.pkl-15-2,sub030,,sub030.pkl,4,train,True
sub030.pkl-16-0,sub030.pkl-16-0,sub030,,sub030.pkl,5,train,True
sub030.pkl-16-1,sub030.pkl-16-1,sub030,,sub030.pkl,5,train,True
sub030.pkl-16-2,sub030.pkl-16-2,sub030,,sub030.pkl,5,train,True
sub030.pkl-17-0,sub030.pkl-17-0,sub030,,sub030.pkl,5,train,True
sub030.pkl-17-1,sub030.pkl-17-1,sub030,,sub030.pkl,5,train,True
sub030.pkl-17-2,sub030.pkl-17-2,sub030,,sub030.pkl,5,train,True
sub030.pkl-18-0,sub030.pkl-18-0,sub030,,sub030.pkl,5,train,True
sub030.pkl-18-1,sub030.pkl-18-1,sub030,,sub030.pkl,5,train,True
sub030.pkl-18-2,sub030.pkl-18-2,sub030,,sub030.pkl,5,train,True
sub030.pkl-19-0,sub030.pkl-19-0,sub030,,sub030.pkl,6,train,True
sub030.pkl-19-1,sub030.pkl-19-1,sub030,,sub030.pkl,6,train,True
sub030.pkl-19-2,sub030.pkl-19-2,sub030,,sub030.pkl,6,train,True
sub030.pkl-20-0,sub030.pkl-20-0,sub030,,sub030.pkl,6,train,True
sub030.pkl-20-1,sub030.pkl-20-1,sub030,,sub030.pkl,6,train,True
sub030.pkl-20-2,sub030.pkl-20-2,sub030,,sub030.pkl,6,train,True
sub030.pkl-21-0,sub030.pkl-21-0,sub030,,sub030.pkl,6,train,True
sub030.pkl-21-1,sub030.pkl-21-1,sub030,,sub030.pkl,6,train,True
sub030.pkl-21-2,sub030.pkl-21-2,sub030,,sub030.pkl,6,train,True
sub030.pkl-22-0,sub030.pkl-22-0,sub030,,sub030.pkl,7,train,True
sub030.pkl-22-1,sub030.pkl-22-1,sub030,,sub030.pkl,7,train,True
sub030.pkl-22-2,sub030.pkl-22-2,sub030,,sub030.pkl,7,train,True
sub030.pkl-23-0,sub030.pkl-23-0,sub030,,sub030.pkl,7,train,True
sub030.pkl-23-1,sub030.pkl-23-1,sub030,,sub030.pkl,7,train,True
sub030.pkl-23-2,sub030.pkl-23-2,sub030,,sub030.pkl,7,train,True
sub030.pkl-24-0,sub030.pkl-24-0,sub030,,sub030.pkl,7,train,True
sub030.pkl-24-1,sub030.pkl-24-1,sub030,,sub030.pkl,7,train,True
sub030.pkl-24-2,sub030.pkl-24-2,sub030,,sub030.pkl,7,train,True
sub030.pkl-25-0,sub030.pkl-25-0,sub030,,sub030.pkl,8,train,True
sub030.pkl-25-1,sub030.pkl-25-1,sub030,,sub030.pkl,8,train,True
sub030.pkl-25-2,sub030.pkl-25-2,sub030,,sub030.pkl,8,train,True
sub030.pkl-26-0,sub030.pkl-26-0,sub030,,sub030.pkl,8,train,True
sub030.pkl-26-1,sub030.pkl-26-1,sub030,,sub030.pkl,8,train,True
sub030.pkl-26-2,sub030.pkl-26-2,sub030,,sub030.pkl,8,train,True
sub030.pkl-27-0,sub030.pkl-27-0,sub030,,sub030.pkl,8,train,True
sub030.pkl-27-1,sub030.pkl-27-1,sub030,,sub030.pkl,8,train,True
sub030.pkl-27-2,sub030.pkl-27-2,sub030,,sub030.pkl,8,train,True
sub031.pkl-0-0,sub031.pkl-0-0,sub031,,sub031.pkl,0,train,True
sub031.pkl-0-1,sub031.pkl-0-1,sub031,,sub031.pkl,0,train,True
sub031.pkl-0-2,sub031.pkl-0-2,sub031,,sub031.pkl,0,train,True
sub031.pkl-1-0,sub031.pkl-1-0,sub031,,sub031.pkl,0,train,True
sub031.pkl-1-1,sub031.pkl-1-1,sub031,,sub031.pkl,0,train,True
sub031.pkl-1-2,sub031.pkl-1-2,sub031,,sub031.pkl,0,train,True
sub031.pkl-2-0,sub031.pkl-2-0,sub031,,sub031.pkl,0,train,True
sub031.pkl-2-1,sub031.pkl-2-1,sub031,,sub031.pkl,0,train,True
sub031.pkl-2-2,sub031.pkl-2-2,sub031,,sub031.pkl,0,train,True
sub031.pkl-3-0,sub031.pkl-3-0,sub031,,sub031.pkl,1,train,True
sub031.pkl-3-1,sub031.pkl-3-1,sub031,,sub031.pkl,1,train,True
sub031.pkl-3-2,sub031.pkl-3-2,sub031,,sub031.pkl,1,train,True
sub031.pkl-4-0,sub031.pkl-4-0,sub031,,sub031.pkl,1,train,True
sub031.pkl-4-1,sub031.pkl-4-1,sub031,,sub031.pkl,1,train,True
sub031.pkl-4-2,sub031.pkl-4-2,sub031,,sub031.pkl,1,train,True
sub031.pkl-5-0,sub031.pkl-5-0,sub031,,sub031.pkl,1,train,True
sub031.pkl-5-1,sub031.pkl-5-1,sub031,,sub031.pkl,1,train,True
sub031.pkl-5-2,sub031.pkl-5-2,sub031,,sub031.pkl,1,train,True
sub031.pkl-6-0,sub031.pkl-6-0,sub031,,sub031.pkl,2,train,True
sub031.pkl-6-1,sub031.pkl-6-1,sub031,,sub031.pkl,2,train,True
sub031.pkl-6-2,sub031.pkl-6-2,sub031,,sub031.pkl,2,train,True
sub031.pkl-7-0,sub031.pkl-7-0,sub031,,sub031.pkl,2,train,True
sub031.pkl-7-1,sub031.pkl-7-1,sub031,,sub031.pkl,2,train,True
sub031.pkl-7-2,sub031.pkl-7-2,sub031,,sub031.pkl,2,train,True
sub031.pkl-8-0,sub031.pkl-8-0,sub031,,sub031.pkl,2,train,True
sub031.pkl-8-1,sub031.pkl-8-1,sub031,,sub031.pkl,2,train,True
sub031.pkl-8-2,sub031.pkl-8-2,sub031,,sub031.pkl,2,train,True
sub031.pkl-9-0,sub031.pkl-9-0,sub031,,sub031.pkl,3,train,True
sub031.pkl-9-1,sub031.pkl-9-1,sub031,,sub031.pkl,3,train,True
sub031.pkl-9-2,sub031.pkl-9-2,sub031,,sub031.pkl,3,train,True
sub031.pkl-10-0,sub031.pkl-10-0,sub031,,sub031.pkl,3,train,True
sub031.pkl-10-1,sub031.pkl-10-1,sub031,,sub031.pkl,3,train,True
sub031.pkl-10-2,sub031.pkl-10-2,sub031,,sub031.pkl,3,train,True
sub031.pkl-11-0,sub031.pkl-11-0,sub031,,sub031.pkl,3,train,True
sub031.pkl-11-1,sub031.pkl-11-1,sub031,,sub031.pkl,3,train,True
sub031.pkl-11-2,sub031.pkl-11-2,sub031,,sub031.pkl,3,train,True
sub031.pkl-12-0,sub031.pkl-12-0,sub031,,sub031.pkl,4,train,True
sub031.pkl-12-1,sub031.pkl-12-1,sub031,,sub031.pkl,4,train,True
sub031.pkl-12-2,sub031.pkl-12-2,sub031,,sub031.pkl,4,train,True
sub031.pkl-13-0,sub031.pkl-13-0,sub031,,sub031.pkl,4,train,True
sub031.pkl-13-1,sub031.pkl-13-1,sub031,,sub031.pkl,4,train,True
sub031.pkl-13-2,sub031.pkl-13-2,sub031,,sub031.pkl,4,train,True
sub031.pkl-14-0,sub031.pkl-14-0,sub031,,sub031.pkl,4,train,True
sub031.pkl-14-1,sub031.pkl-14-1,sub031,,sub031.pkl,4,train,True
sub031.pkl-14-2,sub031.pkl-14-2,sub031,,sub031.pkl,4,train,True
sub031.pkl-15-0,sub031.pkl-15-0,sub031,,sub031.pkl,4,train,True
sub031.pkl-15-1,sub031.pkl-15-1,sub031,,sub031.pkl,4,train,True
sub031.pkl-15-2,sub031.pkl-15-2,sub031,,sub031.pkl,4,train,True
sub031.pkl-16-0,sub031.pkl-16-0,sub031,,sub031.pkl,5,train,True
sub031.pkl-16-1,sub031.pkl-16-1,sub031,,sub031.pkl,5,train,True
sub031.pkl-16-2,sub031.pkl-16-2,sub031,,sub031.pkl,5,train,True
sub031.pkl-17-0,sub031.pkl-17-0,sub031,,sub031.pkl,5,train,True
sub031.pkl-17-1,sub031.pkl-17-1,sub031,,sub031.pkl,5,train,True
sub031.pkl-17-2,sub031.pkl-17-2,sub031,,sub031.pkl,5,train,True
sub031.pkl-18-0,sub031.pkl-18-0,sub031,,sub031.pkl,5,train,True
sub031.pkl-18-1,sub031.pkl-18-1,sub031,,sub031.pkl,5,train,True
sub031.pkl-18-2,sub031.pkl-18-2,sub031,,sub031.pkl,5,train,True
sub031.pkl-19-0,sub031.pkl-19-0,sub031,,sub031.pkl,6,train,True
sub031.pkl-19-1,sub031.pkl-19-1,sub031,,sub031.pkl,6,train,True
sub031.pkl-19-2,sub031.pkl-19-2,sub031,,sub031.pkl,6,train,True
sub031.pkl-20-0,sub031.pkl-20-0,sub031,,sub031.pkl,6,train,True
sub031.pkl-20-1,sub031.pkl-20-1,sub031,,sub031.pkl,6,train,True
sub031.pkl-20-2,sub031.pkl-20-2,sub031,,sub031.pkl,6,train,True
sub031.pkl-21-0,sub031.pkl-21-0,sub031,,sub031.pkl,6,train,True
sub031.pkl-21-1,sub031.pkl-21-1,sub031,,sub031.pkl,6,train,True
sub031.pkl-21-2,sub031.pkl-21-2,sub031,,sub031.pkl,6,train,True
sub031.pkl-22-0,sub031.pkl-22-0,sub031,,sub031.pkl,7,train,True
sub031.pkl-22-1,sub031.pkl-22-1,sub031,,sub031.pkl,7,train,True
sub031.pkl-22-2,sub031.pkl-22-2,sub031,,sub031.pkl,7,train,True
sub031.pkl-23-0,sub031.pkl-23-0,sub031,,sub031.pkl,7,train,True
sub031.pkl-23-1,sub031.pkl-23-1,sub031,,sub031.pkl,7,train,True
sub031.pkl-23-2,sub031.pkl-23-2,sub031,,sub031.pkl,7,train,True
sub031.pkl-24-0,sub031.pkl-24-0,sub031,,sub031.pkl,7,train,True
sub031.pkl-24-1,sub031.pkl-24-1,sub031,,sub031.pkl,7,train,True
sub031.pkl-24-2,sub031.pkl-24-2,sub031,,sub031.pkl,7,train,True
sub031.pkl-25-0,sub031.pkl-25-0,sub031,,sub031.pkl,8,train,True
sub031.pkl-25-1,sub031.pkl-25-1,sub031,,sub031.pkl,8,train,True
sub031.pkl-25-2,sub031.pkl-25-2,sub031,,sub031.pkl,8,train,True
sub031.pkl-26-0,sub031.pkl-26-0,sub031,,sub031.pkl,8,train,True
sub031.pkl-26-1,sub031.pkl-26-1,sub031,,sub031.pkl,8,train,True
sub031.pkl-26-2,sub031.pkl-26-2,sub031,,sub031.pkl,8,train,True
sub031.pkl-27-0,sub031.pkl-27-0,sub031,,sub031.pkl,8,train,True
sub031.pkl-27-1,sub031.pkl-27-1,sub031,,sub031.pkl,8,train,True
sub031.pkl-27-2,sub031.pkl-27-2,sub031,,sub031.pkl,8,train,True
sub032.pkl-0-0,sub032.pkl-0-0,sub032,,sub032.pkl,0,train,True
sub032.pkl-0-1,sub032.pkl-0-1,sub032,,sub032.pkl,0,train,True
sub032.pkl-0-2,sub032.pkl-0-2,sub032,,sub032.pkl,0,train,True
sub032.pkl-1-0,sub032.pkl-1-0,sub032,,sub032.pkl,0,train,True
sub032.pkl-1-1,sub032.pkl-1-1,sub032,,sub032.pkl,0,train,True
sub032.pkl-1-2,sub032.pkl-1-2,sub032,,sub032.pkl,0,train,True
sub032.pkl-2-0,sub032.pkl-2-0,sub032,,sub032.pkl,0,train,True
sub032.pkl-2-1,sub032.pkl-2-1,sub032,,sub032.pkl,0,train,True
sub032.pkl-2-2,sub032.pkl-2-2,sub032,,sub032.pkl,0,train,True
sub032.pkl-3-0,sub032.pkl-3-0,sub032,,sub032.pkl,1,train,True
sub032.pkl-3-1,sub032.pkl-3-1,sub032,,sub032.pkl,1,train,True
sub032.pkl-3-2,sub032.pkl-3-2,sub032,,sub032.pkl,1,train,True
sub032.pkl-4-0,sub032.pkl-4-0,sub032,,sub032.pkl,1,train,True
sub032.pkl-4-1,sub032.pkl-4-1,sub032,,sub032.pkl,1,train,True
sub032.pkl-4-2,sub032.pkl-4-2,sub032,,sub032.pkl,1,train,True
sub032.pkl-5-0,sub032.pkl-5-0,sub032,,sub032.pkl,1,train,True
sub032.pkl-5-1,sub032.pkl-5-1,sub032,,sub032.pkl,1,train,True
sub032.pkl-5-2,sub032.pkl-5-2,sub032,,sub032.pkl,1,train,True
sub032.pkl-6-0,sub032.pkl-6-0,sub032,,sub032.pkl,2,train,True
sub032.pkl-6-1,sub032.pkl-6-1,sub032,,sub032.pkl,2,train,True
sub032.pkl-6-2,sub032.pkl-6-2,sub032,,sub032.pkl,2,train,True
sub032.pkl-7-0,sub032.pkl-7-0,sub032,,sub032.pkl,2,train,True
sub032.pkl-7-1,sub032.pkl-7-1,sub032,,sub032.pkl,2,train,True
sub032.pkl-7-2,sub032.pkl-7-2,sub032,,sub032.pkl,2,train,True
sub032.pkl-8-0,sub032.pkl-8-0,sub032,,sub032.pkl,2,train,True
sub032.pkl-8-1,sub032.pkl-8-1,sub032,,sub032.pkl,2,train,True
sub032.pkl-8-2,sub032.pkl-8-2,sub032,,sub032.pkl,2,train,True
sub032.pkl-9-0,sub032.pkl-9-0,sub032,,sub032.pkl,3,train,True
sub032.pkl-9-1,sub032.pkl-9-1,sub032,,sub032.pkl,3,train,True
sub032.pkl-9-2,sub032.pkl-9-2,sub032,,sub032.pkl,3,train,True
sub032.pkl-10-0,sub032.pkl-10-0,sub032,,sub032.pkl,3,train,True
sub032.pkl-10-1,sub032.pkl-10-1,sub032,,sub032.pkl,3,train,True
sub032.pkl-10-2,sub032.pkl-10-2,sub032,,sub032.pkl,3,train,True
sub032.pkl-11-0,sub032.pkl-11-0,sub032,,sub032.pkl,3,train,True
sub032.pkl-11-1,sub032.pkl-11-1,sub032,,sub032.pkl,3,train,True
sub032.pkl-11-2,sub032.pkl-11-2,sub032,,sub032.pkl,3,train,True
sub032.pkl-12-0,sub032.pkl-12-0,sub032,,sub032.pkl,4,train,True
sub032.pkl-12-1,sub032.pkl-12-1,sub032,,sub032.pkl,4,train,True
sub032.pkl-12-2,sub032.pkl-12-2,sub032,,sub032.pkl,4,train,True
sub032.pkl-13-0,sub032.pkl-13-0,sub032,,sub032.pkl,4,train,True
sub032.pkl-13-1,sub032.pkl-13-1,sub032,,sub032.pkl,4,train,True
sub032.pkl-13-2,sub032.pkl-13-2,sub032,,sub032.pkl,4,train,True
sub032.pkl-14-0,sub032.pkl-14-0,sub032,,sub032.pkl,4,train,True
sub032.pkl-14-1,sub032.pkl-14-1,sub032,,sub032.pkl,4,train,True
sub032.pkl-14-2,sub032.pkl-14-2,sub032,,sub032.pkl,4,train,True
sub032.pkl-15-0,sub032.pkl-15-0,sub032,,sub032.pkl,4,train,True
sub032.pkl-15-1,sub032.pkl-15-1,sub032,,sub032.pkl,4,train,True
sub032.pkl-15-2,sub032.pkl-15-2,sub032,,sub032.pkl,4,train,True
sub032.pkl-16-0,sub032.pkl-16-0,sub032,,sub032.pkl,5,train,True
sub032.pkl-16-1,sub032.pkl-16-1,sub032,,sub032.pkl,5,train,True
sub032.pkl-16-2,sub032.pkl-16-2,sub032,,sub032.pkl,5,train,True
sub032.pkl-17-0,sub032.pkl-17-0,sub032,,sub032.pkl,5,train,True
sub032.pkl-17-1,sub032.pkl-17-1,sub032,,sub032.pkl,5,train,True
sub032.pkl-17-2,sub032.pkl-17-2,sub032,,sub032.pkl,5,train,True
sub032.pkl-18-0,sub032.pkl-18-0,sub032,,sub032.pkl,5,train,True
sub032.pkl-18-1,sub032.pkl-18-1,sub032,,sub032.pkl,5,train,True
sub032.pkl-18-2,sub032.pkl-18-2,sub032,,sub032.pkl,5,train,True
sub032.pkl-19-0,sub032.pkl-19-0,sub032,,sub032.pkl,6,train,True
sub032.pkl-19-1,sub032.pkl-19-1,sub032,,sub032.pkl,6,train,True
sub032.pkl-19-2,sub032.pkl-19-2,sub032,,sub032.pkl,6,train,True
sub032.pkl-20-0,sub032.pkl-20-0,sub032,,sub032.pkl,6,train,True
sub032.pkl-20-1,sub032.pkl-20-1,sub032,,sub032.pkl,6,train,True
sub032.pkl-20-2,sub032.pkl-20-2,sub032,,sub032.pkl,6,train,True
sub032.pkl-21-0,sub032.pkl-21-0,sub032,,sub032.pkl,6,train,True
sub032.pkl-21-1,sub032.pkl-21-1,sub032,,sub032.pkl,6,train,True
sub032.pkl-21-2,sub032.pkl-21-2,sub032,,sub032.pkl,6,train,True
sub032.pkl-22-0,sub032.pkl-22-0,sub032,,sub032.pkl,7,train,True
sub032.pkl-22-1,sub032.pkl-22-1,sub032,,sub032.pkl,7,train,True
sub032.pkl-22-2,sub032.pkl-22-2,sub032,,sub032.pkl,7,train,True
sub032.pkl-23-0,sub032.pkl-23-0,sub032,,sub032.pkl,7,train,True
sub032.pkl-23-1,sub032.pkl-23-1,sub032,,sub032.pkl,7,train,True
sub032.pkl-23-2,sub032.pkl-23-2,sub032,,sub032.pkl,7,train,True
sub032.pkl-24-0,sub032.pkl-24-0,sub032,,sub032.pkl,7,train,True
sub032.pkl-24-1,sub032.pkl-24-1,sub032,,sub032.pkl,7,train,True
sub032.pkl-24-2,sub032.pkl-24-2,sub032,,sub032.pkl,7,train,True
sub032.pkl-25-0,sub032.pkl-25-0,sub032,,sub032.pkl,8,train,True
sub032.pkl-25-1,sub032.pkl-25-1,sub032,,sub032.pkl,8,train,True
sub032.pkl-25-2,sub032.pkl-25-2,sub032,,sub032.pkl,8,train,True
sub032.pkl-26-0,sub032.pkl-26-0,sub032,,sub032.pkl,8,train,True
sub032.pkl-26-1,sub032.pkl-26-1,sub032,,sub032.pkl,8,train,True
sub032.pkl-26-2,sub032.pkl-26-2,sub032,,sub032.pkl,8,train,True
sub032.pkl-27-0,sub032.pkl-27-0,sub032,,sub032.pkl,8,train,True
sub032.pkl-27-1,sub032.pkl-27-1,sub032,,sub032.pkl,8,train,True
sub032.pkl-27-2,sub032.pkl-27-2,sub032,,sub032.pkl,8,train,True
sub033.pkl-0-0,sub033.pkl-0-0,sub033,,sub033.pkl,0,train,True
sub033.pkl-0-1,sub033.pkl-0-1,sub033,,sub033.pkl,0,train,True
sub033.pkl-0-2,sub033.pkl-0-2,sub033,,sub033.pkl,0,train,True
sub033.pkl-1-0,sub033.pkl-1-0,sub033,,sub033.pkl,0,train,True
sub033.pkl-1-1,sub033.pkl-1-1,sub033,,sub033.pkl,0,train,True
sub033.pkl-1-2,sub033.pkl-1-2,sub033,,sub033.pkl,0,train,True
sub033.pkl-2-0,sub033.pkl-2-0,sub033,,sub033.pkl,0,train,True
sub033.pkl-2-1,sub033.pkl-2-1,sub033,,sub033.pkl,0,train,True
sub033.pkl-2-2,sub033.pkl-2-2,sub033,,sub033.pkl,0,train,True
sub033.pkl-3-0,sub033.pkl-3-0,sub033,,sub033.pkl,1,train,True
sub033.pkl-3-1,sub033.pkl-3-1,sub033,,sub033.pkl,1,train,True
sub033.pkl-3-2,sub033.pkl-3-2,sub033,,sub033.pkl,1,train,True
sub033.pkl-4-0,sub033.pkl-4-0,sub033,,sub033.pkl,1,train,True
sub033.pkl-4-1,sub033.pkl-4-1,sub033,,sub033.pkl,1,train,True
sub033.pkl-4-2,sub033.pkl-4-2,sub033,,sub033.pkl,1,train,True
sub033.pkl-5-0,sub033.pkl-5-0,sub033,,sub033.pkl,1,train,True
sub033.pkl-5-1,sub033.pkl-5-1,sub033,,sub033.pkl,1,train,True
sub033.pkl-5-2,sub033.pkl-5-2,sub033,,sub033.pkl,1,train,True
sub033.pkl-6-0,sub033.pkl-6-0,sub033,,sub033.pkl,2,train,True
sub033.pkl-6-1,sub033.pkl-6-1,sub033,,sub033.pkl,2,train,True
sub033.pkl-6-2,sub033.pkl-6-2,sub033,,sub033.pkl,2,train,True
sub033.pkl-7-0,sub033.pkl-7-0,sub033,,sub033.pkl,2,train,True
sub033.pkl-7-1,sub033.pkl-7-1,sub033,,sub033.pkl,2,train,True
sub033.pkl-7-2,sub033.pkl-7-2,sub033,,sub033.pkl,2,train,True
sub033.pkl-8-0,sub033.pkl-8-0,sub033,,sub033.pkl,2,train,True
sub033.pkl-8-1,sub033.pkl-8-1,sub033,,sub033.pkl,2,train,True
sub033.pkl-8-2,sub033.pkl-8-2,sub033,,sub033.pkl,2,train,True
sub033.pkl-9-0,sub033.pkl-9-0,sub033,,sub033.pkl,3,train,True
sub033.pkl-9-1,sub033.pkl-9-1,sub033,,sub033.pkl,3,train,True
sub033.pkl-9-2,sub033.pkl-9-2,sub033,,sub033.pkl,3,train,True
sub033.pkl-10-0,sub033.pkl-10-0,sub033,,sub033.pkl,3,train,True
sub033.pkl-10-1,sub033.pkl-10-1,sub033,,sub033.pkl,3,train,True
sub033.pkl-10-2,sub033.pkl-10-2,sub033,,sub033.pkl,3,train,True
sub033.pkl-11-0,sub033.pkl-11-0,sub033,,sub033.pkl,3,train,True
sub033.pkl-11-1,sub033.pkl-11-1,sub033,,sub033.pkl,3,train,True
sub033.pkl-11-2,sub033.pkl-11-2,sub033,,sub033.pkl,3,train,True
sub033.pkl-12-0,sub033.pkl-12-0,sub033,,sub033.pkl,4,train,True
sub033.pkl-12-1,sub033.pkl-12-1,sub033,,sub033.pkl,4,train,True
sub033.pkl-12-2,sub033.pkl-12-2,sub033,,sub033.pkl,4,train,True
sub033.pkl-13-0,sub033.pkl-13-0,sub033,,sub033.pkl,4,train,True
sub033.pkl-13-1,sub033.pkl-13-1,sub033,,sub033.pkl,4,train,True
sub033.pkl-13-2,sub033.pkl-13-2,sub033,,sub033.pkl,4,train,True
sub033.pkl-14-0,sub033.pkl-14-0,sub033,,sub033.pkl,4,train,True
sub033.pkl-14-1,sub033.pkl-14-1,sub033,,sub033.pkl,4,train,True
sub033.pkl-14-2,sub033.pkl-14-2,sub033,,sub033.pkl,4,train,True
sub033.pkl-15-0,sub033.pkl-15-0,sub033,,sub033.pkl,4,train,True
sub033.pkl-15-1,sub033.pkl-15-1,sub033,,sub033.pkl,4,train,True
sub033.pkl-15-2,sub033.pkl-15-2,sub033,,sub033.pkl,4,train,True
sub033.pkl-16-0,sub033.pkl-16-0,sub033,,sub033.pkl,5,train,True
sub033.pkl-16-1,sub033.pkl-16-1,sub033,,sub033.pkl,5,train,True
sub033.pkl-16-2,sub033.pkl-16-2,sub033,,sub033.pkl,5,train,True
sub033.pkl-17-0,sub033.pkl-17-0,sub033,,sub033.pkl,5,train,True
sub033.pkl-17-1,sub033.pkl-17-1,sub033,,sub033.pkl,5,train,True
sub033.pkl-17-2,sub033.pkl-17-2,sub033,,sub033.pkl,5,train,True
sub033.pkl-18-0,sub033.pkl-18-0,sub033,,sub033.pkl,5,train,True
sub033.pkl-18-1,sub033.pkl-18-1,sub033,,sub033.pkl,5,train,True
sub033.pkl-18-2,sub033.pkl-18-2,sub033,,sub033.pkl,5,train,True
sub033.pkl-19-0,sub033.pkl-19-0,sub033,,sub033.pkl,6,train,True
sub033.pkl-19-1,sub033.pkl-19-1,sub033,,sub033.pkl,6,train,True
sub033.pkl-19-2,sub033.pkl-19-2,sub033,,sub033.pkl,6,train,True
sub033.pkl-20-0,sub033.pkl-20-0,sub033,,sub033.pkl,6,train,True
sub033.pkl-20-1,sub033.pkl-20-1,sub033,,sub033.pkl,6,train,True
sub033.pkl-20-2,sub033.pkl-20-2,sub033,,sub033.pkl,6,train,True
sub033.pkl-21-0,sub033.pkl-21-0,sub033,,sub033.pkl,6,train,True
sub033.pkl-21-1,sub033.pkl-21-1,sub033,,sub033.pkl,6,train,True
sub033.pkl-21-2,sub033.pkl-21-2,sub033,,sub033.pkl,6,train,True
sub033.pkl-22-0,sub033.pkl-22-0,sub033,,sub033.pkl,7,train,True
sub033.pkl-22-1,sub033.pkl-22-1,sub033,,sub033.pkl,7,train,True
sub033.pkl-22-2,sub033.pkl-22-2,sub033,,sub033.pkl,7,train,True
sub033.pkl-23-0,sub033.pkl-23-0,sub033,,sub033.pkl,7,train,True
sub033.pkl-23-1,sub033.pkl-23-1,sub033,,sub033.pkl,7,train,True
sub033.pkl-23-2,sub033.pkl-23-2,sub033,,sub033.pkl,7,train,True
sub033.pkl-24-0,sub033.pkl-24-0,sub033,,sub033.pkl,7,train,True
sub033.pkl-24-1,sub033.pkl-24-1,sub033,,sub033.pkl,7,train,True
sub033.pkl-24-2,sub033.pkl-24-2,sub033,,sub033.pkl,7,train,True
sub033.pkl-25-0,sub033.pkl-25-0,sub033,,sub033.pkl,8,train,True
sub033.pkl-25-1,sub033.pkl-25-1,sub033,,sub033.pkl,8,train,True
sub033.pkl-25-2,sub033.pkl-25-2,sub033,,sub033.pkl,8,train,True
sub033.pkl-26-0,sub033.pkl-26-0,sub033,,sub033.pkl,8,train,True
sub033.pkl-26-1,sub033.pkl-26-1,sub033,,sub033.pkl,8,train,True
sub033.pkl-26-2,sub033.pkl-26-2,sub033,,sub033.pkl,8,train,True
sub033.pkl-27-0,sub033.pkl-27-0,sub033,,sub033.pkl,8,train,True
sub033.pkl-27-1,sub033.pkl-27-1,sub033,,sub033.pkl,8,train,True
sub033.pkl-27-2,sub033.pkl-27-2,sub033,,sub033.pkl,8,train,True
sub034.pkl-0-0,sub034.pkl-0-0,sub034,,sub034.pkl,0,train,True
sub034.pkl-0-1,sub034.pkl-0-1,sub034,,sub034.pkl,0,train,True
sub034.pkl-0-2,sub034.pkl-0-2,sub034,,sub034.pkl,0,train,True
sub034.pkl-1-0,sub034.pkl-1-0,sub034,,sub034.pkl,0,train,True
sub034.pkl-1-1,sub034.pkl-1-1,sub034,,sub034.pkl,0,train,True
sub034.pkl-1-2,sub034.pkl-1-2,sub034,,sub034.pkl,0,train,True
sub034.pkl-2-0,sub034.pkl-2-0,sub034,,sub034.pkl,0,train,True
sub034.pkl-2-1,sub034.pkl-2-1,sub034,,sub034.pkl,0,train,True
sub034.pkl-2-2,sub034.pkl-2-2,sub034,,sub034.pkl,0,train,True
sub034.pkl-3-0,sub034.pkl-3-0,sub034,,sub034.pkl,1,train,True
sub034.pkl-3-1,sub034.pkl-3-1,sub034,,sub034.pkl,1,train,True
sub034.pkl-3-2,sub034.pkl-3-2,sub034,,sub034.pkl,1,train,True
sub034.pkl-4-0,sub034.pkl-4-0,sub034,,sub034.pkl,1,train,True
sub034.pkl-4-1,sub034.pkl-4-1,sub034,,sub034.pkl,1,train,True
sub034.pkl-4-2,sub034.pkl-4-2,sub034,,sub034.pkl,1,train,True
sub034.pkl-5-0,sub034.pkl-5-0,sub034,,sub034.pkl,1,train,True
sub034.pkl-5-1,sub034.pkl-5-1,sub034,,sub034.pkl,1,train,True
sub034.pkl-5-2,sub034.pkl-5-2,sub034,,sub034.pkl,1,train,True
sub034.pkl-6-0,sub034.pkl-6-0,sub034,,sub034.pkl,2,train,True
sub034.pkl-6-1,sub034.pkl-6-1,sub034,,sub034.pkl,2,train,True
sub034.pkl-6-2,sub034.pkl-6-2,sub034,,sub034.pkl,2,train,True
sub034.pkl-7-0,sub034.pkl-7-0,sub034,,sub034.pkl,2,train,True
sub034.pkl-7-1,sub034.pkl-7-1,sub034,,sub034.pkl,2,train,True
sub034.pkl-7-2,sub034.pkl-7-2,sub034,,sub034.pkl,2,train,True
sub034.pkl-8-0,sub034.pkl-8-0,sub034,,sub034.pkl,2,train,True
sub034.pkl-8-1,sub034.pkl-8-1,sub034,,sub034.pkl,2,train,True
sub034.pkl-8-2,sub034.pkl-8-2,sub034,,sub034.pkl,2,train,True
sub034.pkl-9-0,sub034.pkl-9-0,sub034,,sub034.pkl,3,train,True
sub034.pkl-9-1,sub034.pkl-9-1,sub034,,sub034.pkl,3,train,True
sub034.pkl-9-2,sub034.pkl-9-2,sub034,,sub034.pkl,3,train,True
sub034.pkl-10-0,sub034.pkl-10-0,sub034,,sub034.pkl,3,train,True
sub034.pkl-10-1,sub034.pkl-10-1,sub034,,sub034.pkl,3,train,True
sub034.pkl-10-2,sub034.pkl-10-2,sub034,,sub034.pkl,3,train,True
sub034.pkl-11-0,sub034.pkl-11-0,sub034,,sub034.pkl,3,train,True
sub034.pkl-11-1,sub034.pkl-11-1,sub034,,sub034.pkl,3,train,True
sub034.pkl-11-2,sub034.pkl-11-2,sub034,,sub034.pkl,3,train,True
sub034.pkl-12-0,sub034.pkl-12-0,sub034,,sub034.pkl,4,train,True
sub034.pkl-12-1,sub034.pkl-12-1,sub034,,sub034.pkl,4,train,True
sub034.pkl-12-2,sub034.pkl-12-2,sub034,,sub034.pkl,4,train,True
sub034.pkl-13-0,sub034.pkl-13-0,sub034,,sub034.pkl,4,train,True
sub034.pkl-13-1,sub034.pkl-13-1,sub034,,sub034.pkl,4,train,True
sub034.pkl-13-2,sub034.pkl-13-2,sub034,,sub034.pkl,4,train,True
sub034.pkl-14-0,sub034.pkl-14-0,sub034,,sub034.pkl,4,train,True
sub034.pkl-14-1,sub034.pkl-14-1,sub034,,sub034.pkl,4,train,True
sub034.pkl-14-2,sub034.pkl-14-2,sub034,,sub034.pkl,4,train,True
sub034.pkl-15-0,sub034.pkl-15-0,sub034,,sub034.pkl,4,train,True
sub034.pkl-15-1,sub034.pkl-15-1,sub034,,sub034.pkl,4,train,True
sub034.pkl-15-2,sub034.pkl-15-2,sub034,,sub034.pkl,4,train,True
sub034.pkl-16-0,sub034.pkl-16-0,sub034,,sub034.pkl,5,train,True
sub034.pkl-16-1,sub034.pkl-16-1,sub034,,sub034.pkl,5,train,True
sub034.pkl-16-2,sub034.pkl-16-2,sub034,,sub034.pkl,5,train,True
sub034.pkl-17-0,sub034.pkl-17-0,sub034,,sub034.pkl,5,train,True
sub034.pkl-17-1,sub034.pkl-17-1,sub034,,sub034.pkl,5,train,True
sub034.pkl-17-2,sub034.pkl-17-2,sub034,,sub034.pkl,5,train,True
sub034.pkl-18-0,sub034.pkl-18-0,sub034,,sub034.pkl,5,train,True
sub034.pkl-18-1,sub034.pkl-18-1,sub034,,sub034.pkl,5,train,True
sub034.pkl-18-2,sub034.pkl-18-2,sub034,,sub034.pkl,5,train,True
sub034.pkl-19-0,sub034.pkl-19-0,sub034,,sub034.pkl,6,train,True
sub034.pkl-19-1,sub034.pkl-19-1,sub034,,sub034.pkl,6,train,True
sub034.pkl-19-2,sub034.pkl-19-2,sub034,,sub034.pkl,6,train,True
sub034.pkl-20-0,sub034.pkl-20-0,sub034,,sub034.pkl,6,train,True
sub034.pkl-20-1,sub034.pkl-20-1,sub034,,sub034.pkl,6,train,True
sub034.pkl-20-2,sub034.pkl-20-2,sub034,,sub034.pkl,6,train,True
sub034.pkl-21-0,sub034.pkl-21-0,sub034,,sub034.pkl,6,train,True
sub034.pkl-21-1,sub034.pkl-21-1,sub034,,sub034.pkl,6,train,True
sub034.pkl-21-2,sub034.pkl-21-2,sub034,,sub034.pkl,6,train,True
sub034.pkl-22-0,sub034.pkl-22-0,sub034,,sub034.pkl,7,train,True
sub034.pkl-22-1,sub034.pkl-22-1,sub034,,sub034.pkl,7,train,True
sub034.pkl-22-2,sub034.pkl-22-2,sub034,,sub034.pkl,7,train,True
sub034.pkl-23-0,sub034.pkl-23-0,sub034,,sub034.pkl,7,train,True
sub034.pkl-23-1,sub034.pkl-23-1,sub034,,sub034.pkl,7,train,True
sub034.pkl-23-2,sub034.pkl-23-2,sub034,,sub034.pkl,7,train,True
sub034.pkl-24-0,sub034.pkl-24-0,sub034,,sub034.pkl,7,train,True
sub034.pkl-24-1,sub034.pkl-24-1,sub034,,sub034.pkl,7,train,True
sub034.pkl-24-2,sub034.pkl-24-2,sub034,,sub034.pkl,7,train,True
sub034.pkl-25-0,sub034.pkl-25-0,sub034,,sub034.pkl,8,train,True
sub034.pkl-25-1,sub034.pkl-25-1,sub034,,sub034.pkl,8,train,True
sub034.pkl-25-2,sub034.pkl-25-2,sub034,,sub034.pkl,8,train,True
sub034.pkl-26-0,sub034.pkl-26-0,sub034,,sub034.pkl,8,train,True
sub034.pkl-26-1,sub034.pkl-26-1,sub034,,sub034.pkl,8,train,True
sub034.pkl-26-2,sub034.pkl-26-2,sub034,,sub034.pkl,8,train,True
sub034.pkl-27-0,sub034.pkl-27-0,sub034,,sub034.pkl,8,train,True
sub034.pkl-27-1,sub034.pkl-27-1,sub034,,sub034.pkl,8,train,True
sub034.pkl-27-2,sub034.pkl-27-2,sub034,,sub034.pkl,8,train,True
sub035.pkl-0-0,sub035.pkl-0-0,sub035,,sub035.pkl,0,train,True
sub035.pkl-0-1,sub035.pkl-0-1,sub035,,sub035.pkl,0,train,True
sub035.pkl-0-2,sub035.pkl-0-2,sub035,,sub035.pkl,0,train,True
sub035.pkl-1-0,sub035.pkl-1-0,sub035,,sub035.pkl,0,train,True
sub035.pkl-1-1,sub035.pkl-1-1,sub035,,sub035.pkl,0,train,True
sub035.pkl-1-2,sub035.pkl-1-2,sub035,,sub035.pkl,0,train,True
sub035.pkl-2-0,sub035.pkl-2-0,sub035,,sub035.pkl,0,train,True
sub035.pkl-2-1,sub035.pkl-2-1,sub035,,sub035.pkl,0,train,True
sub035.pkl-2-2,sub035.pkl-2-2,sub035,,sub035.pkl,0,train,True
sub035.pkl-3-0,sub035.pkl-3-0,sub035,,sub035.pkl,1,train,True
sub035.pkl-3-1,sub035.pkl-3-1,sub035,,sub035.pkl,1,train,True
sub035.pkl-3-2,sub035.pkl-3-2,sub035,,sub035.pkl,1,train,True
sub035.pkl-4-0,sub035.pkl-4-0,sub035,,sub035.pkl,1,train,True
sub035.pkl-4-1,sub035.pkl-4-1,sub035,,sub035.pkl,1,train,True
sub035.pkl-4-2,sub035.pkl-4-2,sub035,,sub035.pkl,1,train,True
sub035.pkl-5-0,sub035.pkl-5-0,sub035,,sub035.pkl,1,train,True
sub035.pkl-5-1,sub035.pkl-5-1,sub035,,sub035.pkl,1,train,True
sub035.pkl-5-2,sub035.pkl-5-2,sub035,,sub035.pkl,1,train,True
sub035.pkl-6-0,sub035.pkl-6-0,sub035,,sub035.pkl,2,train,True
sub035.pkl-6-1,sub035.pkl-6-1,sub035,,sub035.pkl,2,train,True
sub035.pkl-6-2,sub035.pkl-6-2,sub035,,sub035.pkl,2,train,True
sub035.pkl-7-0,sub035.pkl-7-0,sub035,,sub035.pkl,2,train,True
sub035.pkl-7-1,sub035.pkl-7-1,sub035,,sub035.pkl,2,train,True
sub035.pkl-7-2,sub035.pkl-7-2,sub035,,sub035.pkl,2,train,True
sub035.pkl-8-0,sub035.pkl-8-0,sub035,,sub035.pkl,2,train,True
sub035.pkl-8-1,sub035.pkl-8-1,sub035,,sub035.pkl,2,train,True
sub035.pkl-8-2,sub035.pkl-8-2,sub035,,sub035.pkl,2,train,True
sub035.pkl-9-0,sub035.pkl-9-0,sub035,,sub035.pkl,3,train,True
sub035.pkl-9-1,sub035.pkl-9-1,sub035,,sub035.pkl,3,train,True
sub035.pkl-9-2,sub035.pkl-9-2,sub035,,sub035.pkl,3,train,True
sub035.pkl-10-0,sub035.pkl-10-0,sub035,,sub035.pkl,3,train,True
sub035.pkl-10-1,sub035.pkl-10-1,sub035,,sub035.pkl,3,train,True
sub035.pkl-10-2,sub035.pkl-10-2,sub035,,sub035.pkl,3,train,True
sub035.pkl-11-0,sub035.pkl-11-0,sub035,,sub035.pkl,3,train,True
sub035.pkl-11-1,sub035.pkl-11-1,sub035,,sub035.pkl,3,train,True
sub035.pkl-11-2,sub035.pkl-11-2,sub035,,sub035.pkl,3,train,True
sub035.pkl-12-0,sub035.pkl-12-0,sub035,,sub035.pkl,4,train,True
sub035.pkl-12-1,sub035.pkl-12-1,sub035,,sub035.pkl,4,train,True
sub035.pkl-12-2,sub035.pkl-12-2,sub035,,sub035.pkl,4,train,True
sub035.pkl-13-0,sub035.pkl-13-0,sub035,,sub035.pkl,4,train,True
sub035.pkl-13-1,sub035.pkl-13-1,sub035,,sub035.pkl,4,train,True
sub035.pkl-13-2,sub035.pkl-13-2,sub035,,sub035.pkl,4,train,True
sub035.pkl-14-0,sub035.pkl-14-0,sub035,,sub035.pkl,4,train,True
sub035.pkl-14-1,sub035.pkl-14-1,sub035,,sub035.pkl,4,train,True
sub035.pkl-14-2,sub035.pkl-14-2,sub035,,sub035.pkl,4,train,True
sub035.pkl-15-0,sub035.pkl-15-0,sub035,,sub035.pkl,4,train,True
sub035.pkl-15-1,sub035.pkl-15-1,sub035,,sub035.pkl,4,train,True
sub035.pkl-15-2,sub035.pkl-15-2,sub035,,sub035.pkl,4,train,True
sub035.pkl-16-0,sub035.pkl-16-0,sub035,,sub035.pkl,5,train,True
sub035.pkl-16-1,sub035.pkl-16-1,sub035,,sub035.pkl,5,train,True
sub035.pkl-16-2,sub035.pkl-16-2,sub035,,sub035.pkl,5,train,True
sub035.pkl-17-0,sub035.pkl-17-0,sub035,,sub035.pkl,5,train,True
sub035.pkl-17-1,sub035.pkl-17-1,sub035,,sub035.pkl,5,train,True
sub035.pkl-17-2,sub035.pkl-17-2,sub035,,sub035.pkl,5,train,True
sub035.pkl-18-0,sub035.pkl-18-0,sub035,,sub035.pkl,5,train,True
sub035.pkl-18-1,sub035.pkl-18-1,sub035,,sub035.pkl,5,train,True
sub035.pkl-18-2,sub035.pkl-18-2,sub035,,sub035.pkl,5,train,True
sub035.pkl-19-0,sub035.pkl-19-0,sub035,,sub035.pkl,6,train,True
sub035.pkl-19-1,sub035.pkl-19-1,sub035,,sub035.pkl,6,train,True
sub035.pkl-19-2,sub035.pkl-19-2,sub035,,sub035.pkl,6,train,True
sub035.pkl-20-0,sub035.pkl-20-0,sub035,,sub035.pkl,6,train,True
sub035.pkl-20-1,sub035.pkl-20-1,sub035,,sub035.pkl,6,train,True
sub035.pkl-20-2,sub035.pkl-20-2,sub035,,sub035.pkl,6,train,True
sub035.pkl-21-0,sub035.pkl-21-0,sub035,,sub035.pkl,6,train,True
sub035.pkl-21-1,sub035.pkl-21-1,sub035,,sub035.pkl,6,train,True
sub035.pkl-21-2,sub035.pkl-21-2,sub035,,sub035.pkl,6,train,True
sub035.pkl-22-0,sub035.pkl-22-0,sub035,,sub035.pkl,7,train,True
sub035.pkl-22-1,sub035.pkl-22-1,sub035,,sub035.pkl,7,train,True
sub035.pkl-22-2,sub035.pkl-22-2,sub035,,sub035.pkl,7,train,True
sub035.pkl-23-0,sub035.pkl-23-0,sub035,,sub035.pkl,7,train,True
sub035.pkl-23-1,sub035.pkl-23-1,sub035,,sub035.pkl,7,train,True
sub035.pkl-23-2,sub035.pkl-23-2,sub035,,sub035.pkl,7,train,True
sub035.pkl-24-0,sub035.pkl-24-0,sub035,,sub035.pkl,7,train,True
sub035.pkl-24-1,sub035.pkl-24-1,sub035,,sub035.pkl,7,train,True
sub035.pkl-24-2,sub035.pkl-24-2,sub035,,sub035.pkl,7,train,True
sub035.pkl-25-0,sub035.pkl-25-0,sub035,,sub035.pkl,8,train,True
sub035.pkl-25-1,sub035.pkl-25-1,sub035,,sub035.pkl,8,train,True
sub035.pkl-25-2,sub035.pkl-25-2,sub035,,sub035.pkl,8,train,True
sub035.pkl-26-0,sub035.pkl-26-0,sub035,,sub035.pkl,8,train,True
sub035.pkl-26-1,sub035.pkl-26-1,sub035,,sub035.pkl,8,train,True
sub035.pkl-26-2,sub035.pkl-26-2,sub035,,sub035.pkl,8,train,True
sub035.pkl-27-0,sub035.pkl-27-0,sub035,,sub035.pkl,8,train,True
sub035.pkl-27-1,sub035.pkl-27-1,sub035,,sub035.pkl,8,train,True
sub035.pkl-27-2,sub035.pkl-27-2,sub035,,sub035.pkl,8,train,True
sub036.pkl-0-0,sub036.pkl-0-0,sub036,,sub036.pkl,0,train,True
sub036.pkl-0-1,sub036.pkl-0-1,sub036,,sub036.pkl,0,train,True
sub036.pkl-0-2,sub036.pkl-0-2,sub036,,sub036.pkl,0,train,True
sub036.pkl-1-0,sub036.pkl-1-0,sub036,,sub036.pkl,0,train,True
sub036.pkl-1-1,sub036.pkl-1-1,sub036,,sub036.pkl,0,train,True
sub036.pkl-1-2,sub036.pkl-1-2,sub036,,sub036.pkl,0,train,True
sub036.pkl-2-0,sub036.pkl-2-0,sub036,,sub036.pkl,0,train,True
sub036.pkl-2-1,sub036.pkl-2-1,sub036,,sub036.pkl,0,train,True
sub036.pkl-2-2,sub036.pkl-2-2,sub036,,sub036.pkl,0,train,True
sub036.pkl-3-0,sub036.pkl-3-0,sub036,,sub036.pkl,1,train,True
sub036.pkl-3-1,sub036.pkl-3-1,sub036,,sub036.pkl,1,train,True
sub036.pkl-3-2,sub036.pkl-3-2,sub036,,sub036.pkl,1,train,True
sub036.pkl-4-0,sub036.pkl-4-0,sub036,,sub036.pkl,1,train,True
sub036.pkl-4-1,sub036.pkl-4-1,sub036,,sub036.pkl,1,train,True
sub036.pkl-4-2,sub036.pkl-4-2,sub036,,sub036.pkl,1,train,True
sub036.pkl-5-0,sub036.pkl-5-0,sub036,,sub036.pkl,1,train,True
sub036.pkl-5-1,sub036.pkl-5-1,sub036,,sub036.pkl,1,train,True
sub036.pkl-5-2,sub036.pkl-5-2,sub036,,sub036.pkl,1,train,True
sub036.pkl-6-0,sub036.pkl-6-0,sub036,,sub036.pkl,2,train,True
sub036.pkl-6-1,sub036.pkl-6-1,sub036,,sub036.pkl,2,train,True
sub036.pkl-6-2,sub036.pkl-6-2,sub036,,sub036.pkl,2,train,True
sub036.pkl-7-0,sub036.pkl-7-0,sub036,,sub036.pkl,2,train,True
sub036.pkl-7-1,sub036.pkl-7-1,sub036,,sub036.pkl,2,train,True
sub036.pkl-7-2,sub036.pkl-7-2,sub036,,sub036.pkl,2,train,True
sub036.pkl-8-0,sub036.pkl-8-0,sub036,,sub036.pkl,2,train,True
sub036.pkl-8-1,sub036.pkl-8-1,sub036,,sub036.pkl,2,train,True
sub036.pkl-8-2,sub036.pkl-8-2,sub036,,sub036.pkl,2,train,True
sub036.pkl-9-0,sub036.pkl-9-0,sub036,,sub036.pkl,3,train,True
sub036.pkl-9-1,sub036.pkl-9-1,sub036,,sub036.pkl,3,train,True
sub036.pkl-9-2,sub036.pkl-9-2,sub036,,sub036.pkl,3,train,True
sub036.pkl-10-0,sub036.pkl-10-0,sub036,,sub036.pkl,3,train,True
sub036.pkl-10-1,sub036.pkl-10-1,sub036,,sub036.pkl,3,train,True
sub036.pkl-10-2,sub036.pkl-10-2,sub036,,sub036.pkl,3,train,True
sub036.pkl-11-0,sub036.pkl-11-0,sub036,,sub036.pkl,3,train,True
sub036.pkl-11-1,sub036.pkl-11-1,sub036,,sub036.pkl,3,train,True
sub036.pkl-11-2,sub036.pkl-11-2,sub036,,sub036.pkl,3,train,True
sub036.pkl-12-0,sub036.pkl-12-0,sub036,,sub036.pkl,4,train,True
sub036.pkl-12-1,sub036.pkl-12-1,sub036,,sub036.pkl,4,train,True
sub036.pkl-12-2,sub036.pkl-12-2,sub036,,sub036.pkl,4,train,True
sub036.pkl-13-0,sub036.pkl-13-0,sub036,,sub036.pkl,4,train,True
sub036.pkl-13-1,sub036.pkl-13-1,sub036,,sub036.pkl,4,train,True
sub036.pkl-13-2,sub036.pkl-13-2,sub036,,sub036.pkl,4,train,True
sub036.pkl-14-0,sub036.pkl-14-0,sub036,,sub036.pkl,4,train,True
sub036.pkl-14-1,sub036.pkl-14-1,sub036,,sub036.pkl,4,train,True
sub036.pkl-14-2,sub036.pkl-14-2,sub036,,sub036.pkl,4,train,True
sub036.pkl-15-0,sub036.pkl-15-0,sub036,,sub036.pkl,4,train,True
sub036.pkl-15-1,sub036.pkl-15-1,sub036,,sub036.pkl,4,train,True
sub036.pkl-15-2,sub036.pkl-15-2,sub036,,sub036.pkl,4,train,True
sub036.pkl-16-0,sub036.pkl-16-0,sub036,,sub036.pkl,5,train,True
sub036.pkl-16-1,sub036.pkl-16-1,sub036,,sub036.pkl,5,train,True
sub036.pkl-16-2,sub036.pkl-16-2,sub036,,sub036.pkl,5,train,True
sub036.pkl-17-0,sub036.pkl-17-0,sub036,,sub036.pkl,5,train,True
sub036.pkl-17-1,sub036.pkl-17-1,sub036,,sub036.pkl,5,train,True
sub036.pkl-17-2,sub036.pkl-17-2,sub036,,sub036.pkl,5,train,True
sub036.pkl-18-0,sub036.pkl-18-0,sub036,,sub036.pkl,5,train,True
sub036.pkl-18-1,sub036.pkl-18-1,sub036,,sub036.pkl,5,train,True
sub036.pkl-18-2,sub036.pkl-18-2,sub036,,sub036.pkl,5,train,True
sub036.pkl-19-0,sub036.pkl-19-0,sub036,,sub036.pkl,6,train,True
sub036.pkl-19-1,sub036.pkl-19-1,sub036,,sub036.pkl,6,train,True
sub036.pkl-19-2,sub036.pkl-19-2,sub036,,sub036.pkl,6,train,True
sub036.pkl-20-0,sub036.pkl-20-0,sub036,,sub036.pkl,6,train,True
sub036.pkl-20-1,sub036.pkl-20-1,sub036,,sub036.pkl,6,train,True
sub036.pkl-20-2,sub036.pkl-20-2,sub036,,sub036.pkl,6,train,True
sub036.pkl-21-0,sub036.pkl-21-0,sub036,,sub036.pkl,6,train,True
sub036.pkl-21-1,sub036.pkl-21-1,sub036,,sub036.pkl,6,train,True
sub036.pkl-21-2,sub036.pkl-21-2,sub036,,sub036.pkl,6,train,True
sub036.pkl-22-0,sub036.pkl-22-0,sub036,,sub036.pkl,7,train,True
sub036.pkl-22-1,sub036.pkl-22-1,sub036,,sub036.pkl,7,train,True
sub036.pkl-22-2,sub036.pkl-22-2,sub036,,sub036.pkl,7,train,True
sub036.pkl-23-0,sub036.pkl-23-0,sub036,,sub036.pkl,7,train,True
sub036.pkl-23-1,sub036.pkl-23-1,sub036,,sub036.pkl,7,train,True
sub036.pkl-23-2,sub036.pkl-23-2,sub036,,sub036.pkl,7,train,True
sub036.pkl-24-0,sub036.pkl-24-0,sub036,,sub036.pkl,7,train,True
sub036.pkl-24-1,sub036.pkl-24-1,sub036,,sub036.pkl,7,train,True
sub036.pkl-24-2,sub036.pkl-24-2,sub036,,sub036.pkl,7,train,True
sub036.pkl-25-0,sub036.pkl-25-0,sub036,,sub036.pkl,8,train,True
sub036.pkl-25-1,sub036.pkl-25-1,sub036,,sub036.pkl,8,train,True
sub036.pkl-25-2,sub036.pkl-25-2,sub036,,sub036.pkl,8,train,True
sub036.pkl-26-0,sub036.pkl-26-0,sub036,,sub036.pkl,8,train,True
sub036.pkl-26-1,sub036.pkl-26-1,sub036,,sub036.pkl,8,train,True
sub036.pkl-26-2,sub036.pkl-26-2,sub036,,sub036.pkl,8,train,True
sub036.pkl-27-0,sub036.pkl-27-0,sub036,,sub036.pkl,8,train,True
sub036.pkl-27-1,sub036.pkl-27-1,sub036,,sub036.pkl,8,train,True
sub036.pkl-27-2,sub036.pkl-27-2,sub036,,sub036.pkl,8,train,True
sub037.pkl-0-0,sub037.pkl-0-0,sub037,,sub037.pkl,0,train,True
sub037.pkl-0-1,sub037.pkl-0-1,sub037,,sub037.pkl,0,train,True
sub037.pkl-0-2,sub037.pkl-0-2,sub037,,sub037.pkl,0,train,True
sub037.pkl-1-0,sub037.pkl-1-0,sub037,,sub037.pkl,0,train,True
sub037.pkl-1-1,sub037.pkl-1-1,sub037,,sub037.pkl,0,train,True
sub037.pkl-1-2,sub037.pkl-1-2,sub037,,sub037.pkl,0,train,True
sub037.pkl-2-0,sub037.pkl-2-0,sub037,,sub037.pkl,0,train,True
sub037.pkl-2-1,sub037.pkl-2-1,sub037,,sub037.pkl,0,train,True
sub037.pkl-2-2,sub037.pkl-2-2,sub037,,sub037.pkl,0,train,True
sub037.pkl-3-0,sub037.pkl-3-0,sub037,,sub037.pkl,1,train,True
sub037.pkl-3-1,sub037.pkl-3-1,sub037,,sub037.pkl,1,train,True
sub037.pkl-3-2,sub037.pkl-3-2,sub037,,sub037.pkl,1,train,True
sub037.pkl-4-0,sub037.pkl-4-0,sub037,,sub037.pkl,1,train,True
sub037.pkl-4-1,sub037.pkl-4-1,sub037,,sub037.pkl,1,train,True
sub037.pkl-4-2,sub037.pkl-4-2,sub037,,sub037.pkl,1,train,True
sub037.pkl-5-0,sub037.pkl-5-0,sub037,,sub037.pkl,1,train,True
sub037.pkl-5-1,sub037.pkl-5-1,sub037,,sub037.pkl,1,train,True
sub037.pkl-5-2,sub037.pkl-5-2,sub037,,sub037.pkl,1,train,True
sub037.pkl-6-0,sub037.pkl-6-0,sub037,,sub037.pkl,2,train,True
sub037.pkl-6-1,sub037.pkl-6-1,sub037,,sub037.pkl,2,train,True
sub037.pkl-6-2,sub037.pkl-6-2,sub037,,sub037.pkl,2,train,True
sub037.pkl-7-0,sub037.pkl-7-0,sub037,,sub037.pkl,2,train,True
sub037.pkl-7-1,sub037.pkl-7-1,sub037,,sub037.pkl,2,train,True
sub037.pkl-7-2,sub037.pkl-7-2,sub037,,sub037.pkl,2,train,True
sub037.pkl-8-0,sub037.pkl-8-0,sub037,,sub037.pkl,2,train,True
sub037.pkl-8-1,sub037.pkl-8-1,sub037,,sub037.pkl,2,train,True
sub037.pkl-8-2,sub037.pkl-8-2,sub037,,sub037.pkl,2,train,True
sub037.pkl-9-0,sub037.pkl-9-0,sub037,,sub037.pkl,3,train,True
sub037.pkl-9-1,sub037.pkl-9-1,sub037,,sub037.pkl,3,train,True
sub037.pkl-9-2,sub037.pkl-9-2,sub037,,sub037.pkl,3,train,True
sub037.pkl-10-0,sub037.pkl-10-0,sub037,,sub037.pkl,3,train,True
sub037.pkl-10-1,sub037.pkl-10-1,sub037,,sub037.pkl,3,train,True
sub037.pkl-10-2,sub037.pkl-10-2,sub037,,sub037.pkl,3,train,True
sub037.pkl-11-0,sub037.pkl-11-0,sub037,,sub037.pkl,3,train,True
sub037.pkl-11-1,sub037.pkl-11-1,sub037,,sub037.pkl,3,train,True
sub037.pkl-11-2,sub037.pkl-11-2,sub037,,sub037.pkl,3,train,True
sub037.pkl-12-0,sub037.pkl-12-0,sub037,,sub037.pkl,4,train,True
sub037.pkl-12-1,sub037.pkl-12-1,sub037,,sub037.pkl,4,train,True
sub037.pkl-12-2,sub037.pkl-12-2,sub037,,sub037.pkl,4,train,True
sub037.pkl-13-0,sub037.pkl-13-0,sub037,,sub037.pkl,4,train,True
sub037.pkl-13-1,sub037.pkl-13-1,sub037,,sub037.pkl,4,train,True
sub037.pkl-13-2,sub037.pkl-13-2,sub037,,sub037.pkl,4,train,True
sub037.pkl-14-0,sub037.pkl-14-0,sub037,,sub037.pkl,4,train,True
sub037.pkl-14-1,sub037.pkl-14-1,sub037,,sub037.pkl,4,train,True
sub037.pkl-14-2,sub037.pkl-14-2,sub037,,sub037.pkl,4,train,True
sub037.pkl-15-0,sub037.pkl-15-0,sub037,,sub037.pkl,4,train,True
sub037.pkl-15-1,sub037.pkl-15-1,sub037,,sub037.pkl,4,train,True
sub037.pkl-15-2,sub037.pkl-15-2,sub037,,sub037.pkl,4,train,True
sub037.pkl-16-0,sub037.pkl-16-0,sub037,,sub037.pkl,5,train,True
sub037.pkl-16-1,sub037.pkl-16-1,sub037,,sub037.pkl,5,train,True
sub037.pkl-16-2,sub037.pkl-16-2,sub037,,sub037.pkl,5,train,True
sub037.pkl-17-0,sub037.pkl-17-0,sub037,,sub037.pkl,5,train,True
sub037.pkl-17-1,sub037.pkl-17-1,sub037,,sub037.pkl,5,train,True
sub037.pkl-17-2,sub037.pkl-17-2,sub037,,sub037.pkl,5,train,True
sub037.pkl-18-0,sub037.pkl-18-0,sub037,,sub037.pkl,5,train,True
sub037.pkl-18-1,sub037.pkl-18-1,sub037,,sub037.pkl,5,train,True
sub037.pkl-18-2,sub037.pkl-18-2,sub037,,sub037.pkl,5,train,True
sub037.pkl-19-0,sub037.pkl-19-0,sub037,,sub037.pkl,6,train,True
sub037.pkl-19-1,sub037.pkl-19-1,sub037,,sub037.pkl,6,train,True
sub037.pkl-19-2,sub037.pkl-19-2,sub037,,sub037.pkl,6,train,True
sub037.pkl-20-0,sub037.pkl-20-0,sub037,,sub037.pkl,6,train,True
sub037.pkl-20-1,sub037.pkl-20-1,sub037,,sub037.pkl,6,train,True
sub037.pkl-20-2,sub037.pkl-20-2,sub037,,sub037.pkl,6,train,True
sub037.pkl-21-0,sub037.pkl-21-0,sub037,,sub037.pkl,6,train,True
sub037.pkl-21-1,sub037.pkl-21-1,sub037,,sub037.pkl,6,train,True
sub037.pkl-21-2,sub037.pkl-21-2,sub037,,sub037.pkl,6,train,True
sub037.pkl-22-0,sub037.pkl-22-0,sub037,,sub037.pkl,7,train,True
sub037.pkl-22-1,sub037.pkl-22-1,sub037,,sub037.pkl,7,train,True
sub037.pkl-22-2,sub037.pkl-22-2,sub037,,sub037.pkl,7,train,True
sub037.pkl-23-0,sub037.pkl-23-0,sub037,,sub037.pkl,7,train,True
sub037.pkl-23-1,sub037.pkl-23-1,sub037,,sub037.pkl,7,train,True
sub037.pkl-23-2,sub037.pkl-23-2,sub037,,sub037.pkl,7,train,True
sub037.pkl-24-0,sub037.pkl-24-0,sub037,,sub037.pkl,7,train,True
sub037.pkl-24-1,sub037.pkl-24-1,sub037,,sub037.pkl,7,train,True
sub037.pkl-24-2,sub037.pkl-24-2,sub037,,sub037.pkl,7,train,True
sub037.pkl-25-0,sub037.pkl-25-0,sub037,,sub037.pkl,8,train,True
sub037.pkl-25-1,sub037.pkl-25-1,sub037,,sub037.pkl,8,train,True
sub037.pkl-25-2,sub037.pkl-25-2,sub037,,sub037.pkl,8,train,True
sub037.pkl-26-0,sub037.pkl-26-0,sub037,,sub037.pkl,8,train,True
sub037.pkl-26-1,sub037.pkl-26-1,sub037,,sub037.pkl,8,train,True
sub037.pkl-26-2,sub037.pkl-26-2,sub037,,sub037.pkl,8,train,True
sub037.pkl-27-0,sub037.pkl-27-0,sub037,,sub037.pkl,8,train,True
sub037.pkl-27-1,sub037.pkl-27-1,sub037,,sub037.pkl,8,train,True
sub037.pkl-27-2,sub037.pkl-27-2,sub037,,sub037.pkl,8,train,True
sub038.pkl-0-0,sub038.pkl-0-0,sub038,,sub038.pkl,0,train,True
sub038.pkl-0-1,sub038.pkl-0-1,sub038,,sub038.pkl,0,train,True
sub038.pkl-0-2,sub038.pkl-0-2,sub038,,sub038.pkl,0,train,True
sub038.pkl-1-0,sub038.pkl-1-0,sub038,,sub038.pkl,0,train,True
sub038.pkl-1-1,sub038.pkl-1-1,sub038,,sub038.pkl,0,train,True
sub038.pkl-1-2,sub038.pkl-1-2,sub038,,sub038.pkl,0,train,True
sub038.pkl-2-0,sub038.pkl-2-0,sub038,,sub038.pkl,0,train,True
sub038.pkl-2-1,sub038.pkl-2-1,sub038,,sub038.pkl,0,train,True
sub038.pkl-2-2,sub038.pkl-2-2,sub038,,sub038.pkl,0,train,True
sub038.pkl-3-0,sub038.pkl-3-0,sub038,,sub038.pkl,1,train,True
sub038.pkl-3-1,sub038.pkl-3-1,sub038,,sub038.pkl,1,train,True
sub038.pkl-3-2,sub038.pkl-3-2,sub038,,sub038.pkl,1,train,True
sub038.pkl-4-0,sub038.pkl-4-0,sub038,,sub038.pkl,1,train,True
sub038.pkl-4-1,sub038.pkl-4-1,sub038,,sub038.pkl,1,train,True
sub038.pkl-4-2,sub038.pkl-4-2,sub038,,sub038.pkl,1,train,True
sub038.pkl-5-0,sub038.pkl-5-0,sub038,,sub038.pkl,1,train,True
sub038.pkl-5-1,sub038.pkl-5-1,sub038,,sub038.pkl,1,train,True
sub038.pkl-5-2,sub038.pkl-5-2,sub038,,sub038.pkl,1,train,True
sub038.pkl-6-0,sub038.pkl-6-0,sub038,,sub038.pkl,2,train,True
sub038.pkl-6-1,sub038.pkl-6-1,sub038,,sub038.pkl,2,train,True
sub038.pkl-6-2,sub038.pkl-6-2,sub038,,sub038.pkl,2,train,True
sub038.pkl-7-0,sub038.pkl-7-0,sub038,,sub038.pkl,2,train,True
sub038.pkl-7-1,sub038.pkl-7-1,sub038,,sub038.pkl,2,train,True
sub038.pkl-7-2,sub038.pkl-7-2,sub038,,sub038.pkl,2,train,True
sub038.pkl-8-0,sub038.pkl-8-0,sub038,,sub038.pkl,2,train,True
sub038.pkl-8-1,sub038.pkl-8-1,sub038,,sub038.pkl,2,train,True
sub038.pkl-8-2,sub038.pkl-8-2,sub038,,sub038.pkl,2,train,True
sub038.pkl-9-0,sub038.pkl-9-0,sub038,,sub038.pkl,3,train,True
sub038.pkl-9-1,sub038.pkl-9-1,sub038,,sub038.pkl,3,train,True
sub038.pkl-9-2,sub038.pkl-9-2,sub038,,sub038.pkl,3,train,True
sub038.pkl-10-0,sub038.pkl-10-0,sub038,,sub038.pkl,3,train,True
sub038.pkl-10-1,sub038.pkl-10-1,sub038,,sub038.pkl,3,train,True
sub038.pkl-10-2,sub038.pkl-10-2,sub038,,sub038.pkl,3,train,True
sub038.pkl-11-0,sub038.pkl-11-0,sub038,,sub038.pkl,3,train,True
sub038.pkl-11-1,sub038.pkl-11-1,sub038,,sub038.pkl,3,train,True
sub038.pkl-11-2,sub038.pkl-11-2,sub038,,sub038.pkl,3,train,True
sub038.pkl-12-0,sub038.pkl-12-0,sub038,,sub038.pkl,4,train,True
sub038.pkl-12-1,sub038.pkl-12-1,sub038,,sub038.pkl,4,train,True
sub038.pkl-12-2,sub038.pkl-12-2,sub038,,sub038.pkl,4,train,True
sub038.pkl-13-0,sub038.pkl-13-0,sub038,,sub038.pkl,4,train,True
sub038.pkl-13-1,sub038.pkl-13-1,sub038,,sub038.pkl,4,train,True
sub038.pkl-13-2,sub038.pkl-13-2,sub038,,sub038.pkl,4,train,True
sub038.pkl-14-0,sub038.pkl-14-0,sub038,,sub038.pkl,4,train,True
sub038.pkl-14-1,sub038.pkl-14-1,sub038,,sub038.pkl,4,train,True
sub038.pkl-14-2,sub038.pkl-14-2,sub038,,sub038.pkl,4,train,True
sub038.pkl-15-0,sub038.pkl-15-0,sub038,,sub038.pkl,4,train,True
sub038.pkl-15-1,sub038.pkl-15-1,sub038,,sub038.pkl,4,train,True
sub038.pkl-15-2,sub038.pkl-15-2,sub038,,sub038.pkl,4,train,True
sub038.pkl-16-0,sub038.pkl-16-0,sub038,,sub038.pkl,5,train,True
sub038.pkl-16-1,sub038.pkl-16-1,sub038,,sub038.pkl,5,train,True
sub038.pkl-16-2,sub038.pkl-16-2,sub038,,sub038.pkl,5,train,True
sub038.pkl-17-0,sub038.pkl-17-0,sub038,,sub038.pkl,5,train,True
sub038.pkl-17-1,sub038.pkl-17-1,sub038,,sub038.pkl,5,train,True
sub038.pkl-17-2,sub038.pkl-17-2,sub038,,sub038.pkl,5,train,True
sub038.pkl-18-0,sub038.pkl-18-0,sub038,,sub038.pkl,5,train,True
sub038.pkl-18-1,sub038.pkl-18-1,sub038,,sub038.pkl,5,train,True
sub038.pkl-18-2,sub038.pkl-18-2,sub038,,sub038.pkl,5,train,True
sub038.pkl-19-0,sub038.pkl-19-0,sub038,,sub038.pkl,6,train,True
sub038.pkl-19-1,sub038.pkl-19-1,sub038,,sub038.pkl,6,train,True
sub038.pkl-19-2,sub038.pkl-19-2,sub038,,sub038.pkl,6,train,True
sub038.pkl-20-0,sub038.pkl-20-0,sub038,,sub038.pkl,6,train,True
sub038.pkl-20-1,sub038.pkl-20-1,sub038,,sub038.pkl,6,train,True
sub038.pkl-20-2,sub038.pkl-20-2,sub038,,sub038.pkl,6,train,True
sub038.pkl-21-0,sub038.pkl-21-0,sub038,,sub038.pkl,6,train,True
sub038.pkl-21-1,sub038.pkl-21-1,sub038,,sub038.pkl,6,train,True
sub038.pkl-21-2,sub038.pkl-21-2,sub038,,sub038.pkl,6,train,True
sub038.pkl-22-0,sub038.pkl-22-0,sub038,,sub038.pkl,7,train,True
sub038.pkl-22-1,sub038.pkl-22-1,sub038,,sub038.pkl,7,train,True
sub038.pkl-22-2,sub038.pkl-22-2,sub038,,sub038.pkl,7,train,True
sub038.pkl-23-0,sub038.pkl-23-0,sub038,,sub038.pkl,7,train,True
sub038.pkl-23-1,sub038.pkl-23-1,sub038,,sub038.pkl,7,train,True
sub038.pkl-23-2,sub038.pkl-23-2,sub038,,sub038.pkl,7,train,True
sub038.pkl-24-0,sub038.pkl-24-0,sub038,,sub038.pkl,7,train,True
sub038.pkl-24-1,sub038.pkl-24-1,sub038,,sub038.pkl,7,train,True
sub038.pkl-24-2,sub038.pkl-24-2,sub038,,sub038.pkl,7,train,True
sub038.pkl-25-0,sub038.pkl-25-0,sub038,,sub038.pkl,8,train,True
sub038.pkl-25-1,sub038.pkl-25-1,sub038,,sub038.pkl,8,train,True
sub038.pkl-25-2,sub038.pkl-25-2,sub038,,sub038.pkl,8,train,True
sub038.pkl-26-0,sub038.pkl-26-0,sub038,,sub038.pkl,8,train,True
sub038.pkl-26-1,sub038.pkl-26-1,sub038,,sub038.pkl,8,train,True
sub038.pkl-26-2,sub038.pkl-26-2,sub038,,sub038.pkl,8,train,True
sub038.pkl-27-0,sub038.pkl-27-0,sub038,,sub038.pkl,8,train,True
sub038.pkl-27-1,sub038.pkl-27-1,sub038,,sub038.pkl,8,train,True
sub038.pkl-27-2,sub038.pkl-27-2,sub038,,sub038.pkl,8,train,True
sub039.pkl-0-0,sub039.pkl-0-0,sub039,,sub039.pkl,0,train,True
sub039.pkl-0-1,sub039.pkl-0-1,sub039,,sub039.pkl,0,train,True
sub039.pkl-0-2,sub039.pkl-0-2,sub039,,sub039.pkl,0,train,True
sub039.pkl-1-0,sub039.pkl-1-0,sub039,,sub039.pkl,0,train,True
sub039.pkl-1-1,sub039.pkl-1-1,sub039,,sub039.pkl,0,train,True
sub039.pkl-1-2,sub039.pkl-1-2,sub039,,sub039.pkl,0,train,True
sub039.pkl-2-0,sub039.pkl-2-0,sub039,,sub039.pkl,0,train,True
sub039.pkl-2-1,sub039.pkl-2-1,sub039,,sub039.pkl,0,train,True
sub039.pkl-2-2,sub039.pkl-2-2,sub039,,sub039.pkl,0,train,True
sub039.pkl-3-0,sub039.pkl-3-0,sub039,,sub039.pkl,1,train,True
sub039.pkl-3-1,sub039.pkl-3-1,sub039,,sub039.pkl,1,train,True
sub039.pkl-3-2,sub039.pkl-3-2,sub039,,sub039.pkl,1,train,True
sub039.pkl-4-0,sub039.pkl-4-0,sub039,,sub039.pkl,1,train,True
sub039.pkl-4-1,sub039.pkl-4-1,sub039,,sub039.pkl,1,train,True
sub039.pkl-4-2,sub039.pkl-4-2,sub039,,sub039.pkl,1,train,True
sub039.pkl-5-0,sub039.pkl-5-0,sub039,,sub039.pkl,1,train,True
sub039.pkl-5-1,sub039.pkl-5-1,sub039,,sub039.pkl,1,train,True
sub039.pkl-5-2,sub039.pkl-5-2,sub039,,sub039.pkl,1,train,True
sub039.pkl-6-0,sub039.pkl-6-0,sub039,,sub039.pkl,2,train,True
sub039.pkl-6-1,sub039.pkl-6-1,sub039,,sub039.pkl,2,train,True
sub039.pkl-6-2,sub039.pkl-6-2,sub039,,sub039.pkl,2,train,True
sub039.pkl-7-0,sub039.pkl-7-0,sub039,,sub039.pkl,2,train,True
sub039.pkl-7-1,sub039.pkl-7-1,sub039,,sub039.pkl,2,train,True
sub039.pkl-7-2,sub039.pkl-7-2,sub039,,sub039.pkl,2,train,True
sub039.pkl-8-0,sub039.pkl-8-0,sub039,,sub039.pkl,2,train,True
sub039.pkl-8-1,sub039.pkl-8-1,sub039,,sub039.pkl,2,train,True
sub039.pkl-8-2,sub039.pkl-8-2,sub039,,sub039.pkl,2,train,True
sub039.pkl-9-0,sub039.pkl-9-0,sub039,,sub039.pkl,3,train,True
sub039.pkl-9-1,sub039.pkl-9-1,sub039,,sub039.pkl,3,train,True
sub039.pkl-9-2,sub039.pkl-9-2,sub039,,sub039.pkl,3,train,True
sub039.pkl-10-0,sub039.pkl-10-0,sub039,,sub039.pkl,3,train,True
sub039.pkl-10-1,sub039.pkl-10-1,sub039,,sub039.pkl,3,train,True
sub039.pkl-10-2,sub039.pkl-10-2,sub039,,sub039.pkl,3,train,True
sub039.pkl-11-0,sub039.pkl-11-0,sub039,,sub039.pkl,3,train,True
sub039.pkl-11-1,sub039.pkl-11-1,sub039,,sub039.pkl,3,train,True
sub039.pkl-11-2,sub039.pkl-11-2,sub039,,sub039.pkl,3,train,True
sub039.pkl-12-0,sub039.pkl-12-0,sub039,,sub039.pkl,4,train,True
sub039.pkl-12-1,sub039.pkl-12-1,sub039,,sub039.pkl,4,train,True
sub039.pkl-12-2,sub039.pkl-12-2,sub039,,sub039.pkl,4,train,True
sub039.pkl-13-0,sub039.pkl-13-0,sub039,,sub039.pkl,4,train,True
sub039.pkl-13-1,sub039.pkl-13-1,sub039,,sub039.pkl,4,train,True
sub039.pkl-13-2,sub039.pkl-13-2,sub039,,sub039.pkl,4,train,True
sub039.pkl-14-0,sub039.pkl-14-0,sub039,,sub039.pkl,4,train,True
sub039.pkl-14-1,sub039.pkl-14-1,sub039,,sub039.pkl,4,train,True
sub039.pkl-14-2,sub039.pkl-14-2,sub039,,sub039.pkl,4,train,True
sub039.pkl-15-0,sub039.pkl-15-0,sub039,,sub039.pkl,4,train,True
sub039.pkl-15-1,sub039.pkl-15-1,sub039,,sub039.pkl,4,train,True
sub039.pkl-15-2,sub039.pkl-15-2,sub039,,sub039.pkl,4,train,True
sub039.pkl-16-0,sub039.pkl-16-0,sub039,,sub039.pkl,5,train,True
sub039.pkl-16-1,sub039.pkl-16-1,sub039,,sub039.pkl,5,train,True
sub039.pkl-16-2,sub039.pkl-16-2,sub039,,sub039.pkl,5,train,True
sub039.pkl-17-0,sub039.pkl-17-0,sub039,,sub039.pkl,5,train,True
sub039.pkl-17-1,sub039.pkl-17-1,sub039,,sub039.pkl,5,train,True
sub039.pkl-17-2,sub039.pkl-17-2,sub039,,sub039.pkl,5,train,True
sub039.pkl-18-0,sub039.pkl-18-0,sub039,,sub039.pkl,5,train,True
sub039.pkl-18-1,sub039.pkl-18-1,sub039,,sub039.pkl,5,train,True
sub039.pkl-18-2,sub039.pkl-18-2,sub039,,sub039.pkl,5,train,True
sub039.pkl-19-0,sub039.pkl-19-0,sub039,,sub039.pkl,6,train,True
sub039.pkl-19-1,sub039.pkl-19-1,sub039,,sub039.pkl,6,train,True
sub039.pkl-19-2,sub039.pkl-19-2,sub039,,sub039.pkl,6,train,True
sub039.pkl-20-0,sub039.pkl-20-0,sub039,,sub039.pkl,6,train,True
sub039.pkl-20-1,sub039.pkl-20-1,sub039,,sub039.pkl,6,train,True
sub039.pkl-20-2,sub039.pkl-20-2,sub039,,sub039.pkl,6,train,True
sub039.pkl-21-0,sub039.pkl-21-0,sub039,,sub039.pkl,6,train,True
sub039.pkl-21-1,sub039.pkl-21-1,sub039,,sub039.pkl,6,train,True
sub039.pkl-21-2,sub039.pkl-21-2,sub039,,sub039.pkl,6,train,True
sub039.pkl-22-0,sub039.pkl-22-0,sub039,,sub039.pkl,7,train,True
sub039.pkl-22-1,sub039.pkl-22-1,sub039,,sub039.pkl,7,train,True
sub039.pkl-22-2,sub039.pkl-22-2,sub039,,sub039.pkl,7,train,True
sub039.pkl-23-0,sub039.pkl-23-0,sub039,,sub039.pkl,7,train,True
sub039.pkl-23-1,sub039.pkl-23-1,sub039,,sub039.pkl,7,train,True
sub039.pkl-23-2,sub039.pkl-23-2,sub039,,sub039.pkl,7,train,True
sub039.pkl-24-0,sub039.pkl-24-0,sub039,,sub039.pkl,7,train,True
sub039.pkl-24-1,sub039.pkl-24-1,sub039,,sub039.pkl,7,train,True
sub039.pkl-24-2,sub039.pkl-24-2,sub039,,sub039.pkl,7,train,True
sub039.pkl-25-0,sub039.pkl-25-0,sub039,,sub039.pkl,8,train,True
sub039.pkl-25-1,sub039.pkl-25-1,sub039,,sub039.pkl,8,train,True
sub039.pkl-25-2,sub039.pkl-25-2,sub039,,sub039.pkl,8,train,True
sub039.pkl-26-0,sub039.pkl-26-0,sub039,,sub039.pkl,8,train,True
sub039.pkl-26-1,sub039.pkl-26-1,sub039,,sub039.pkl,8,train,True
sub039.pkl-26-2,sub039.pkl-26-2,sub039,,sub039.pkl,8,train,True
sub039.pkl-27-0,sub039.pkl-27-0,sub039,,sub039.pkl,8,train,True
sub039.pkl-27-1,sub039.pkl-27-1,sub039,,sub039.pkl,8,train,True
sub039.pkl-27-2,sub039.pkl-27-2,sub039,,sub039.pkl,8,train,True
sub040.pkl-0-0,sub040.pkl-0-0,sub040,,sub040.pkl,0,train,True
sub040.pkl-0-1,sub040.pkl-0-1,sub040,,sub040.pkl,0,train,True
sub040.pkl-0-2,sub040.pkl-0-2,sub040,,sub040.pkl,0,train,True
sub040.pkl-1-0,sub040.pkl-1-0,sub040,,sub040.pkl,0,train,True
sub040.pkl-1-1,sub040.pkl-1-1,sub040,,sub040.pkl,0,train,True
sub040.pkl-1-2,sub040.pkl-1-2,sub040,,sub040.pkl,0,train,True
sub040.pkl-2-0,sub040.pkl-2-0,sub040,,sub040.pkl,0,train,True
sub040.pkl-2-1,sub040.pkl-2-1,sub040,,sub040.pkl,0,train,True
sub040.pkl-2-2,sub040.pkl-2-2,sub040,,sub040.pkl,0,train,True
sub040.pkl-3-0,sub040.pkl-3-0,sub040,,sub040.pkl,1,train,True
sub040.pkl-3-1,sub040.pkl-3-1,sub040,,sub040.pkl,1,train,True
sub040.pkl-3-2,sub040.pkl-3-2,sub040,,sub040.pkl,1,train,True
sub040.pkl-4-0,sub040.pkl-4-0,sub040,,sub040.pkl,1,train,True
sub040.pkl-4-1,sub040.pkl-4-1,sub040,,sub040.pkl,1,train,True
sub040.pkl-4-2,sub040.pkl-4-2,sub040,,sub040.pkl,1,train,True
sub040.pkl-5-0,sub040.pkl-5-0,sub040,,sub040.pkl,1,train,True
sub040.pkl-5-1,sub040.pkl-5-1,sub040,,sub040.pkl,1,train,True
sub040.pkl-5-2,sub040.pkl-5-2,sub040,,sub040.pkl,1,train,True
sub040.pkl-6-0,sub040.pkl-6-0,sub040,,sub040.pkl,2,train,True
sub040.pkl-6-1,sub040.pkl-6-1,sub040,,sub040.pkl,2,train,True
sub040.pkl-6-2,sub040.pkl-6-2,sub040,,sub040.pkl,2,train,True
sub040.pkl-7-0,sub040.pkl-7-0,sub040,,sub040.pkl,2,train,True
sub040.pkl-7-1,sub040.pkl-7-1,sub040,,sub040.pkl,2,train,True
sub040.pkl-7-2,sub040.pkl-7-2,sub040,,sub040.pkl,2,train,True
sub040.pkl-8-0,sub040.pkl-8-0,sub040,,sub040.pkl,2,train,True
sub040.pkl-8-1,sub040.pkl-8-1,sub040,,sub040.pkl,2,train,True
sub040.pkl-8-2,sub040.pkl-8-2,sub040,,sub040.pkl,2,train,True
sub040.pkl-9-0,sub040.pkl-9-0,sub040,,sub040.pkl,3,train,True
sub040.pkl-9-1,sub040.pkl-9-1,sub040,,sub040.pkl,3,train,True
sub040.pkl-9-2,sub040.pkl-9-2,sub040,,sub040.pkl,3,train,True
sub040.pkl-10-0,sub040.pkl-10-0,sub040,,sub040.pkl,3,train,True
sub040.pkl-10-1,sub040.pkl-10-1,sub040,,sub040.pkl,3,train,True
sub040.pkl-10-2,sub040.pkl-10-2,sub040,,sub040.pkl,3,train,True
sub040.pkl-11-0,sub040.pkl-11-0,sub040,,sub040.pkl,3,train,True
sub040.pkl-11-1,sub040.pkl-11-1,sub040,,sub040.pkl,3,train,True
sub040.pkl-11-2,sub040.pkl-11-2,sub040,,sub040.pkl,3,train,True
sub040.pkl-12-0,sub040.pkl-12-0,sub040,,sub040.pkl,4,train,True
sub040.pkl-12-1,sub040.pkl-12-1,sub040,,sub040.pkl,4,train,True
sub040.pkl-12-2,sub040.pkl-12-2,sub040,,sub040.pkl,4,train,True
sub040.pkl-13-0,sub040.pkl-13-0,sub040,,sub040.pkl,4,train,True
sub040.pkl-13-1,sub040.pkl-13-1,sub040,,sub040.pkl,4,train,True
sub040.pkl-13-2,sub040.pkl-13-2,sub040,,sub040.pkl,4,train,True
sub040.pkl-14-0,sub040.pkl-14-0,sub040,,sub040.pkl,4,train,True
sub040.pkl-14-1,sub040.pkl-14-1,sub040,,sub040.pkl,4,train,True
sub040.pkl-14-2,sub040.pkl-14-2,sub040,,sub040.pkl,4,train,True
sub040.pkl-15-0,sub040.pkl-15-0,sub040,,sub040.pkl,4,train,True
sub040.pkl-15-1,sub040.pkl-15-1,sub040,,sub040.pkl,4,train,True
sub040.pkl-15-2,sub040.pkl-15-2,sub040,,sub040.pkl,4,train,True
sub040.pkl-16-0,sub040.pkl-16-0,sub040,,sub040.pkl,5,train,True
sub040.pkl-16-1,sub040.pkl-16-1,sub040,,sub040.pkl,5,train,True
sub040.pkl-16-2,sub040.pkl-16-2,sub040,,sub040.pkl,5,train,True
sub040.pkl-17-0,sub040.pkl-17-0,sub040,,sub040.pkl,5,train,True
sub040.pkl-17-1,sub040.pkl-17-1,sub040,,sub040.pkl,5,train,True
sub040.pkl-17-2,sub040.pkl-17-2,sub040,,sub040.pkl,5,train,True
sub040.pkl-18-0,sub040.pkl-18-0,sub040,,sub040.pkl,5,train,True
sub040.pkl-18-1,sub040.pkl-18-1,sub040,,sub040.pkl,5,train,True
sub040.pkl-18-2,sub040.pkl-18-2,sub040,,sub040.pkl,5,train,True
sub040.pkl-19-0,sub040.pkl-19-0,sub040,,sub040.pkl,6,train,True
sub040.pkl-19-1,sub040.pkl-19-1,sub040,,sub040.pkl,6,train,True
sub040.pkl-19-2,sub040.pkl-19-2,sub040,,sub040.pkl,6,train,True
sub040.pkl-20-0,sub040.pkl-20-0,sub040,,sub040.pkl,6,train,True
sub040.pkl-20-1,sub040.pkl-20-1,sub040,,sub040.pkl,6,train,True
sub040.pkl-20-2,sub040.pkl-20-2,sub040,,sub040.pkl,6,train,True
sub040.pkl-21-0,sub040.pkl-21-0,sub040,,sub040.pkl,6,train,True
sub040.pkl-21-1,sub040.pkl-21-1,sub040,,sub040.pkl,6,train,True
sub040.pkl-21-2,sub040.pkl-21-2,sub040,,sub040.pkl,6,train,True
sub040.pkl-22-0,sub040.pkl-22-0,sub040,,sub040.pkl,7,train,True
sub040.pkl-22-1,sub040.pkl-22-1,sub040,,sub040.pkl,7,train,True
sub040.pkl-22-2,sub040.pkl-22-2,sub040,,sub040.pkl,7,train,True
sub040.pkl-23-0,sub040.pkl-23-0,sub040,,sub040.pkl,7,train,True
sub040.pkl-23-1,sub040.pkl-23-1,sub040,,sub040.pkl,7,train,True
sub040.pkl-23-2,sub040.pkl-23-2,sub040,,sub040.pkl,7,train,True
sub040.pkl-24-0,sub040.pkl-24-0,sub040,,sub040.pkl,7,train,True
sub040.pkl-24-1,sub040.pkl-24-1,sub040,,sub040.pkl,7,train,True
sub040.pkl-24-2,sub040.pkl-24-2,sub040,,sub040.pkl,7,train,True
sub040.pkl-25-0,sub040.pkl-25-0,sub040,,sub040.pkl,8,train,True
sub040.pkl-25-1,sub040.pkl-25-1,sub040,,sub040.pkl,8,train,True
sub040.pkl-25-2,sub040.pkl-25-2,sub040,,sub040.pkl,8,train,True
sub040.pkl-26-0,sub040.pkl-26-0,sub040,,sub040.pkl,8,train,True
sub040.pkl-26-1,sub040.pkl-26-1,sub040,,sub040.pkl,8,train,True
sub040.pkl-26-2,sub040.pkl-26-2,sub040,,sub040.pkl,8,train,True
sub040.pkl-27-0,sub040.pkl-27-0,sub040,,sub040.pkl,8,train,True
sub040.pkl-27-1,sub040.pkl-27-1,sub040,,sub040.pkl,8,train,True
sub040.pkl-27-2,sub040.pkl-27-2,sub040,,sub040.pkl,8,train,True
sub041.pkl-0-0,sub041.pkl-0-0,sub041,,sub041.pkl,0,train,True
sub041.pkl-0-1,sub041.pkl-0-1,sub041,,sub041.pkl,0,train,True
sub041.pkl-0-2,sub041.pkl-0-2,sub041,,sub041.pkl,0,train,True
sub041.pkl-1-0,sub041.pkl-1-0,sub041,,sub041.pkl,0,train,True
sub041.pkl-1-1,sub041.pkl-1-1,sub041,,sub041.pkl,0,train,True
sub041.pkl-1-2,sub041.pkl-1-2,sub041,,sub041.pkl,0,train,True
sub041.pkl-2-0,sub041.pkl-2-0,sub041,,sub041.pkl,0,train,True
sub041.pkl-2-1,sub041.pkl-2-1,sub041,,sub041.pkl,0,train,True
sub041.pkl-2-2,sub041.pkl-2-2,sub041,,sub041.pkl,0,train,True
sub041.pkl-3-0,sub041.pkl-3-0,sub041,,sub041.pkl,1,train,True
sub041.pkl-3-1,sub041.pkl-3-1,sub041,,sub041.pkl,1,train,True
sub041.pkl-3-2,sub041.pkl-3-2,sub041,,sub041.pkl,1,train,True
sub041.pkl-4-0,sub041.pkl-4-0,sub041,,sub041.pkl,1,train,True
sub041.pkl-4-1,sub041.pkl-4-1,sub041,,sub041.pkl,1,train,True
sub041.pkl-4-2,sub041.pkl-4-2,sub041,,sub041.pkl,1,train,True
sub041.pkl-5-0,sub041.pkl-5-0,sub041,,sub041.pkl,1,train,True
sub041.pkl-5-1,sub041.pkl-5-1,sub041,,sub041.pkl,1,train,True
sub041.pkl-5-2,sub041.pkl-5-2,sub041,,sub041.pkl,1,train,True
sub041.pkl-6-0,sub041.pkl-6-0,sub041,,sub041.pkl,2,train,True
sub041.pkl-6-1,sub041.pkl-6-1,sub041,,sub041.pkl,2,train,True
sub041.pkl-6-2,sub041.pkl-6-2,sub041,,sub041.pkl,2,train,True
sub041.pkl-7-0,sub041.pkl-7-0,sub041,,sub041.pkl,2,train,True
sub041.pkl-7-1,sub041.pkl-7-1,sub041,,sub041.pkl,2,train,True
sub041.pkl-7-2,sub041.pkl-7-2,sub041,,sub041.pkl,2,train,True
sub041.pkl-8-0,sub041.pkl-8-0,sub041,,sub041.pkl,2,train,True
sub041.pkl-8-1,sub041.pkl-8-1,sub041,,sub041.pkl,2,train,True
sub041.pkl-8-2,sub041.pkl-8-2,sub041,,sub041.pkl,2,train,True
sub041.pkl-9-0,sub041.pkl-9-0,sub041,,sub041.pkl,3,train,True
sub041.pkl-9-1,sub041.pkl-9-1,sub041,,sub041.pkl,3,train,True
sub041.pkl-9-2,sub041.pkl-9-2,sub041,,sub041.pkl,3,train,True
sub041.pkl-10-0,sub041.pkl-10-0,sub041,,sub041.pkl,3,train,True
sub041.pkl-10-1,sub041.pkl-10-1,sub041,,sub041.pkl,3,train,True
sub041.pkl-10-2,sub041.pkl-10-2,sub041,,sub041.pkl,3,train,True
sub041.pkl-11-0,sub041.pkl-11-0,sub041,,sub041.pkl,3,train,True
sub041.pkl-11-1,sub041.pkl-11-1,sub041,,sub041.pkl,3,train,True
sub041.pkl-11-2,sub041.pkl-11-2,sub041,,sub041.pkl,3,train,True
sub041.pkl-12-0,sub041.pkl-12-0,sub041,,sub041.pkl,4,train,True
sub041.pkl-12-1,sub041.pkl-12-1,sub041,,sub041.pkl,4,train,True
sub041.pkl-12-2,sub041.pkl-12-2,sub041,,sub041.pkl,4,train,True
sub041.pkl-13-0,sub041.pkl-13-0,sub041,,sub041.pkl,4,train,True
sub041.pkl-13-1,sub041.pkl-13-1,sub041,,sub041.pkl,4,train,True
sub041.pkl-13-2,sub041.pkl-13-2,sub041,,sub041.pkl,4,train,True
sub041.pkl-14-0,sub041.pkl-14-0,sub041,,sub041.pkl,4,train,True
sub041.pkl-14-1,sub041.pkl-14-1,sub041,,sub041.pkl,4,train,True
sub041.pkl-14-2,sub041.pkl-14-2,sub041,,sub041.pkl,4,train,True
sub041.pkl-15-0,sub041.pkl-15-0,sub041,,sub041.pkl,4,train,True
sub041.pkl-15-1,sub041.pkl-15-1,sub041,,sub041.pkl,4,train,True
sub041.pkl-15-2,sub041.pkl-15-2,sub041,,sub041.pkl,4,train,True
sub041.pkl-16-0,sub041.pkl-16-0,sub041,,sub041.pkl,5,train,True
sub041.pkl-16-1,sub041.pkl-16-1,sub041,,sub041.pkl,5,train,True
sub041.pkl-16-2,sub041.pkl-16-2,sub041,,sub041.pkl,5,train,True
sub041.pkl-17-0,sub041.pkl-17-0,sub041,,sub041.pkl,5,train,True
sub041.pkl-17-1,sub041.pkl-17-1,sub041,,sub041.pkl,5,train,True
sub041.pkl-17-2,sub041.pkl-17-2,sub041,,sub041.pkl,5,train,True
sub041.pkl-18-0,sub041.pkl-18-0,sub041,,sub041.pkl,5,train,True
sub041.pkl-18-1,sub041.pkl-18-1,sub041,,sub041.pkl,5,train,True
sub041.pkl-18-2,sub041.pkl-18-2,sub041,,sub041.pkl,5,train,True
sub041.pkl-19-0,sub041.pkl-19-0,sub041,,sub041.pkl,6,train,True
sub041.pkl-19-1,sub041.pkl-19-1,sub041,,sub041.pkl,6,train,True
sub041.pkl-19-2,sub041.pkl-19-2,sub041,,sub041.pkl,6,train,True
sub041.pkl-20-0,sub041.pkl-20-0,sub041,,sub041.pkl,6,train,True
sub041.pkl-20-1,sub041.pkl-20-1,sub041,,sub041.pkl,6,train,True
sub041.pkl-20-2,sub041.pkl-20-2,sub041,,sub041.pkl,6,train,True
sub041.pkl-21-0,sub041.pkl-21-0,sub041,,sub041.pkl,6,train,True
sub041.pkl-21-1,sub041.pkl-21-1,sub041,,sub041.pkl,6,train,True
sub041.pkl-21-2,sub041.pkl-21-2,sub041,,sub041.pkl,6,train,True
sub041.pkl-22-0,sub041.pkl-22-0,sub041,,sub041.pkl,7,train,True
sub041.pkl-22-1,sub041.pkl-22-1,sub041,,sub041.pkl,7,train,True
sub041.pkl-22-2,sub041.pkl-22-2,sub041,,sub041.pkl,7,train,True
sub041.pkl-23-0,sub041.pkl-23-0,sub041,,sub041.pkl,7,train,True
sub041.pkl-23-1,sub041.pkl-23-1,sub041,,sub041.pkl,7,train,True
sub041.pkl-23-2,sub041.pkl-23-2,sub041,,sub041.pkl,7,train,True
sub041.pkl-24-0,sub041.pkl-24-0,sub041,,sub041.pkl,7,train,True
sub041.pkl-24-1,sub041.pkl-24-1,sub041,,sub041.pkl,7,train,True
sub041.pkl-24-2,sub041.pkl-24-2,sub041,,sub041.pkl,7,train,True
sub041.pkl-25-0,sub041.pkl-25-0,sub041,,sub041.pkl,8,train,True
sub041.pkl-25-1,sub041.pkl-25-1,sub041,,sub041.pkl,8,train,True
sub041.pkl-25-2,sub041.pkl-25-2,sub041,,sub041.pkl,8,train,True
sub041.pkl-26-0,sub041.pkl-26-0,sub041,,sub041.pkl,8,train,True
sub041.pkl-26-1,sub041.pkl-26-1,sub041,,sub041.pkl,8,train,True
sub041.pkl-26-2,sub041.pkl-26-2,sub041,,sub041.pkl,8,train,True
sub041.pkl-27-0,sub041.pkl-27-0,sub041,,sub041.pkl,8,train,True
sub041.pkl-27-1,sub041.pkl-27-1,sub041,,sub041.pkl,8,train,True
sub041.pkl-27-2,sub041.pkl-27-2,sub041,,sub041.pkl,8,train,True
sub042.pkl-0-0,sub042.pkl-0-0,sub042,,sub042.pkl,0,train,True
sub042.pkl-0-1,sub042.pkl-0-1,sub042,,sub042.pkl,0,train,True
sub042.pkl-0-2,sub042.pkl-0-2,sub042,,sub042.pkl,0,train,True
sub042.pkl-1-0,sub042.pkl-1-0,sub042,,sub042.pkl,0,train,True
sub042.pkl-1-1,sub042.pkl-1-1,sub042,,sub042.pkl,0,train,True
sub042.pkl-1-2,sub042.pkl-1-2,sub042,,sub042.pkl,0,train,True
sub042.pkl-2-0,sub042.pkl-2-0,sub042,,sub042.pkl,0,train,True
sub042.pkl-2-1,sub042.pkl-2-1,sub042,,sub042.pkl,0,train,True
sub042.pkl-2-2,sub042.pkl-2-2,sub042,,sub042.pkl,0,train,True
sub042.pkl-3-0,sub042.pkl-3-0,sub042,,sub042.pkl,1,train,True
sub042.pkl-3-1,sub042.pkl-3-1,sub042,,sub042.pkl,1,train,True
sub042.pkl-3-2,sub042.pkl-3-2,sub042,,sub042.pkl,1,train,True
sub042.pkl-4-0,sub042.pkl-4-0,sub042,,sub042.pkl,1,train,True
sub042.pkl-4-1,sub042.pkl-4-1,sub042,,sub042.pkl,1,train,True
sub042.pkl-4-2,sub042.pkl-4-2,sub042,,sub042.pkl,1,train,True
sub042.pkl-5-0,sub042.pkl-5-0,sub042,,sub042.pkl,1,train,True
sub042.pkl-5-1,sub042.pkl-5-1,sub042,,sub042.pkl,1,train,True
sub042.pkl-5-2,sub042.pkl-5-2,sub042,,sub042.pkl,1,train,True
sub042.pkl-6-0,sub042.pkl-6-0,sub042,,sub042.pkl,2,train,True
sub042.pkl-6-1,sub042.pkl-6-1,sub042,,sub042.pkl,2,train,True
sub042.pkl-6-2,sub042.pkl-6-2,sub042,,sub042.pkl,2,train,True
sub042.pkl-7-0,sub042.pkl-7-0,sub042,,sub042.pkl,2,train,True
sub042.pkl-7-1,sub042.pkl-7-1,sub042,,sub042.pkl,2,train,True
sub042.pkl-7-2,sub042.pkl-7-2,sub042,,sub042.pkl,2,train,True
sub042.pkl-8-0,sub042.pkl-8-0,sub042,,sub042.pkl,2,train,True
sub042.pkl-8-1,sub042.pkl-8-1,sub042,,sub042.pkl,2,train,True
sub042.pkl-8-2,sub042.pkl-8-2,sub042,,sub042.pkl,2,train,True
sub042.pkl-9-0,sub042.pkl-9-0,sub042,,sub042.pkl,3,train,True
sub042.pkl-9-1,sub042.pkl-9-1,sub042,,sub042.pkl,3,train,True
sub042.pkl-9-2,sub042.pkl-9-2,sub042,,sub042.pkl,3,train,True
sub042.pkl-10-0,sub042.pkl-10-0,sub042,,sub042.pkl,3,train,True
sub042.pkl-10-1,sub042.pkl-10-1,sub042,,sub042.pkl,3,train,True
sub042.pkl-10-2,sub042.pkl-10-2,sub042,,sub042.pkl,3,train,True
sub042.pkl-11-0,sub042.pkl-11-0,sub042,,sub042.pkl,3,train,True
sub042.pkl-11-1,sub042.pkl-11-1,sub042,,sub042.pkl,3,train,True
sub042.pkl-11-2,sub042.pkl-11-2,sub042,,sub042.pkl,3,train,True
sub042.pkl-12-0,sub042.pkl-12-0,sub042,,sub042.pkl,4,train,True
sub042.pkl-12-1,sub042.pkl-12-1,sub042,,sub042.pkl,4,train,True
sub042.pkl-12-2,sub042.pkl-12-2,sub042,,sub042.pkl,4,train,True
sub042.pkl-13-0,sub042.pkl-13-0,sub042,,sub042.pkl,4,train,True
sub042.pkl-13-1,sub042.pkl-13-1,sub042,,sub042.pkl,4,train,True
sub042.pkl-13-2,sub042.pkl-13-2,sub042,,sub042.pkl,4,train,True
sub042.pkl-14-0,sub042.pkl-14-0,sub042,,sub042.pkl,4,train,True
sub042.pkl-14-1,sub042.pkl-14-1,sub042,,sub042.pkl,4,train,True
sub042.pkl-14-2,sub042.pkl-14-2,sub042,,sub042.pkl,4,train,True
sub042.pkl-15-0,sub042.pkl-15-0,sub042,,sub042.pkl,4,train,True
sub042.pkl-15-1,sub042.pkl-15-1,sub042,,sub042.pkl,4,train,True
sub042.pkl-15-2,sub042.pkl-15-2,sub042,,sub042.pkl,4,train,True
sub042.pkl-16-0,sub042.pkl-16-0,sub042,,sub042.pkl,5,train,True
sub042.pkl-16-1,sub042.pkl-16-1,sub042,,sub042.pkl,5,train,True
sub042.pkl-16-2,sub042.pkl-16-2,sub042,,sub042.pkl,5,train,True
sub042.pkl-17-0,sub042.pkl-17-0,sub042,,sub042.pkl,5,train,True
sub042.pkl-17-1,sub042.pkl-17-1,sub042,,sub042.pkl,5,train,True
sub042.pkl-17-2,sub042.pkl-17-2,sub042,,sub042.pkl,5,train,True
sub042.pkl-18-0,sub042.pkl-18-0,sub042,,sub042.pkl,5,train,True
sub042.pkl-18-1,sub042.pkl-18-1,sub042,,sub042.pkl,5,train,True
sub042.pkl-18-2,sub042.pkl-18-2,sub042,,sub042.pkl,5,train,True
sub042.pkl-19-0,sub042.pkl-19-0,sub042,,sub042.pkl,6,train,True
sub042.pkl-19-1,sub042.pkl-19-1,sub042,,sub042.pkl,6,train,True
sub042.pkl-19-2,sub042.pkl-19-2,sub042,,sub042.pkl,6,train,True
sub042.pkl-20-0,sub042.pkl-20-0,sub042,,sub042.pkl,6,train,True
sub042.pkl-20-1,sub042.pkl-20-1,sub042,,sub042.pkl,6,train,True
sub042.pkl-20-2,sub042.pkl-20-2,sub042,,sub042.pkl,6,train,True
sub042.pkl-21-0,sub042.pkl-21-0,sub042,,sub042.pkl,6,train,True
sub042.pkl-21-1,sub042.pkl-21-1,sub042,,sub042.pkl,6,train,True
sub042.pkl-21-2,sub042.pkl-21-2,sub042,,sub042.pkl,6,train,True
sub042.pkl-22-0,sub042.pkl-22-0,sub042,,sub042.pkl,7,train,True
sub042.pkl-22-1,sub042.pkl-22-1,sub042,,sub042.pkl,7,train,True
sub042.pkl-22-2,sub042.pkl-22-2,sub042,,sub042.pkl,7,train,True
sub042.pkl-23-0,sub042.pkl-23-0,sub042,,sub042.pkl,7,train,True
sub042.pkl-23-1,sub042.pkl-23-1,sub042,,sub042.pkl,7,train,True
sub042.pkl-23-2,sub042.pkl-23-2,sub042,,sub042.pkl,7,train,True
sub042.pkl-24-0,sub042.pkl-24-0,sub042,,sub042.pkl,7,train,True
sub042.pkl-24-1,sub042.pkl-24-1,sub042,,sub042.pkl,7,train,True
sub042.pkl-24-2,sub042.pkl-24-2,sub042,,sub042.pkl,7,train,True
sub042.pkl-25-0,sub042.pkl-25-0,sub042,,sub042.pkl,8,train,True
sub042.pkl-25-1,sub042.pkl-25-1,sub042,,sub042.pkl,8,train,True
sub042.pkl-25-2,sub042.pkl-25-2,sub042,,sub042.pkl,8,train,True
sub042.pkl-26-0,sub042.pkl-26-0,sub042,,sub042.pkl,8,train,True
sub042.pkl-26-1,sub042.pkl-26-1,sub042,,sub042.pkl,8,train,True
sub042.pkl-26-2,sub042.pkl-26-2,sub042,,sub042.pkl,8,train,True
sub042.pkl-27-0,sub042.pkl-27-0,sub042,,sub042.pkl,8,train,True
sub042.pkl-27-1,sub042.pkl-27-1,sub042,,sub042.pkl,8,train,True
sub042.pkl-27-2,sub042.pkl-27-2,sub042,,sub042.pkl,8,train,True
sub043.pkl-0-0,sub043.pkl-0-0,sub043,,sub043.pkl,0,train,True
sub043.pkl-0-1,sub043.pkl-0-1,sub043,,sub043.pkl,0,train,True
sub043.pkl-0-2,sub043.pkl-0-2,sub043,,sub043.pkl,0,train,True
sub043.pkl-1-0,sub043.pkl-1-0,sub043,,sub043.pkl,0,train,True
sub043.pkl-1-1,sub043.pkl-1-1,sub043,,sub043.pkl,0,train,True
sub043.pkl-1-2,sub043.pkl-1-2,sub043,,sub043.pkl,0,train,True
sub043.pkl-2-0,sub043.pkl-2-0,sub043,,sub043.pkl,0,train,True
sub043.pkl-2-1,sub043.pkl-2-1,sub043,,sub043.pkl,0,train,True
sub043.pkl-2-2,sub043.pkl-2-2,sub043,,sub043.pkl,0,train,True
sub043.pkl-3-0,sub043.pkl-3-0,sub043,,sub043.pkl,1,train,True
sub043.pkl-3-1,sub043.pkl-3-1,sub043,,sub043.pkl,1,train,True
sub043.pkl-3-2,sub043.pkl-3-2,sub043,,sub043.pkl,1,train,True
sub043.pkl-4-0,sub043.pkl-4-0,sub043,,sub043.pkl,1,train,True
sub043.pkl-4-1,sub043.pkl-4-1,sub043,,sub043.pkl,1,train,True
sub043.pkl-4-2,sub043.pkl-4-2,sub043,,sub043.pkl,1,train,True
sub043.pkl-5-0,sub043.pkl-5-0,sub043,,sub043.pkl,1,train,True
sub043.pkl-5-1,sub043.pkl-5-1,sub043,,sub043.pkl,1,train,True
sub043.pkl-5-2,sub043.pkl-5-2,sub043,,sub043.pkl,1,train,True
sub043.pkl-6-0,sub043.pkl-6-0,sub043,,sub043.pkl,2,train,True
sub043.pkl-6-1,sub043.pkl-6-1,sub043,,sub043.pkl,2,train,True
sub043.pkl-6-2,sub043.pkl-6-2,sub043,,sub043.pkl,2,train,True
sub043.pkl-7-0,sub043.pkl-7-0,sub043,,sub043.pkl,2,train,True
sub043.pkl-7-1,sub043.pkl-7-1,sub043,,sub043.pkl,2,train,True
sub043.pkl-7-2,sub043.pkl-7-2,sub043,,sub043.pkl,2,train,True
sub043.pkl-8-0,sub043.pkl-8-0,sub043,,sub043.pkl,2,train,True
sub043.pkl-8-1,sub043.pkl-8-1,sub043,,sub043.pkl,2,train,True
sub043.pkl-8-2,sub043.pkl-8-2,sub043,,sub043.pkl,2,train,True
sub043.pkl-9-0,sub043.pkl-9-0,sub043,,sub043.pkl,3,train,True
sub043.pkl-9-1,sub043.pkl-9-1,sub043,,sub043.pkl,3,train,True
sub043.pkl-9-2,sub043.pkl-9-2,sub043,,sub043.pkl,3,train,True
sub043.pkl-10-0,sub043.pkl-10-0,sub043,,sub043.pkl,3,train,True
sub043.pkl-10-1,sub043.pkl-10-1,sub043,,sub043.pkl,3,train,True
sub043.pkl-10-2,sub043.pkl-10-2,sub043,,sub043.pkl,3,train,True
sub043.pkl-11-0,sub043.pkl-11-0,sub043,,sub043.pkl,3,train,True
sub043.pkl-11-1,sub043.pkl-11-1,sub043,,sub043.pkl,3,train,True
sub043.pkl-11-2,sub043.pkl-11-2,sub043,,sub043.pkl,3,train,True
sub043.pkl-12-0,sub043.pkl-12-0,sub043,,sub043.pkl,4,train,True
sub043.pkl-12-1,sub043.pkl-12-1,sub043,,sub043.pkl,4,train,True
sub043.pkl-12-2,sub043.pkl-12-2,sub043,,sub043.pkl,4,train,True
sub043.pkl-13-0,sub043.pkl-13-0,sub043,,sub043.pkl,4,train,True
sub043.pkl-13-1,sub043.pkl-13-1,sub043,,sub043.pkl,4,train,True
sub043.pkl-13-2,sub043.pkl-13-2,sub043,,sub043.pkl,4,train,True
sub043.pkl-14-0,sub043.pkl-14-0,sub043,,sub043.pkl,4,train,True
sub043.pkl-14-1,sub043.pkl-14-1,sub043,,sub043.pkl,4,train,True
sub043.pkl-14-2,sub043.pkl-14-2,sub043,,sub043.pkl,4,train,True
sub043.pkl-15-0,sub043.pkl-15-0,sub043,,sub043.pkl,4,train,True
sub043.pkl-15-1,sub043.pkl-15-1,sub043,,sub043.pkl,4,train,True
sub043.pkl-15-2,sub043.pkl-15-2,sub043,,sub043.pkl,4,train,True
sub043.pkl-16-0,sub043.pkl-16-0,sub043,,sub043.pkl,5,train,True
sub043.pkl-16-1,sub043.pkl-16-1,sub043,,sub043.pkl,5,train,True
sub043.pkl-16-2,sub043.pkl-16-2,sub043,,sub043.pkl,5,train,True
sub043.pkl-17-0,sub043.pkl-17-0,sub043,,sub043.pkl,5,train,True
sub043.pkl-17-1,sub043.pkl-17-1,sub043,,sub043.pkl,5,train,True
sub043.pkl-17-2,sub043.pkl-17-2,sub043,,sub043.pkl,5,train,True
sub043.pkl-18-0,sub043.pkl-18-0,sub043,,sub043.pkl,5,train,True
sub043.pkl-18-1,sub043.pkl-18-1,sub043,,sub043.pkl,5,train,True
sub043.pkl-18-2,sub043.pkl-18-2,sub043,,sub043.pkl,5,train,True
sub043.pkl-19-0,sub043.pkl-19-0,sub043,,sub043.pkl,6,train,True
sub043.pkl-19-1,sub043.pkl-19-1,sub043,,sub043.pkl,6,train,True
sub043.pkl-19-2,sub043.pkl-19-2,sub043,,sub043.pkl,6,train,True
sub043.pkl-20-0,sub043.pkl-20-0,sub043,,sub043.pkl,6,train,True
sub043.pkl-20-1,sub043.pkl-20-1,sub043,,sub043.pkl,6,train,True
sub043.pkl-20-2,sub043.pkl-20-2,sub043,,sub043.pkl,6,train,True
sub043.pkl-21-0,sub043.pkl-21-0,sub043,,sub043.pkl,6,train,True
sub043.pkl-21-1,sub043.pkl-21-1,sub043,,sub043.pkl,6,train,True
sub043.pkl-21-2,sub043.pkl-21-2,sub043,,sub043.pkl,6,train,True
sub043.pkl-22-0,sub043.pkl-22-0,sub043,,sub043.pkl,7,train,True
sub043.pkl-22-1,sub043.pkl-22-1,sub043,,sub043.pkl,7,train,True
sub043.pkl-22-2,sub043.pkl-22-2,sub043,,sub043.pkl,7,train,True
sub043.pkl-23-0,sub043.pkl-23-0,sub043,,sub043.pkl,7,train,True
sub043.pkl-23-1,sub043.pkl-23-1,sub043,,sub043.pkl,7,train,True
sub043.pkl-23-2,sub043.pkl-23-2,sub043,,sub043.pkl,7,train,True
sub043.pkl-24-0,sub043.pkl-24-0,sub043,,sub043.pkl,7,train,True
sub043.pkl-24-1,sub043.pkl-24-1,sub043,,sub043.pkl,7,train,True
sub043.pkl-24-2,sub043.pkl-24-2,sub043,,sub043.pkl,7,train,True
sub043.pkl-25-0,sub043.pkl-25-0,sub043,,sub043.pkl,8,train,True
sub043.pkl-25-1,sub043.pkl-25-1,sub043,,sub043.pkl,8,train,True
sub043.pkl-25-2,sub043.pkl-25-2,sub043,,sub043.pkl,8,train,True
sub043.pkl-26-0,sub043.pkl-26-0,sub043,,sub043.pkl,8,train,True
sub043.pkl-26-1,sub043.pkl-26-1,sub043,,sub043.pkl,8,train,True
sub043.pkl-26-2,sub043.pkl-26-2,sub043,,sub043.pkl,8,train,True
sub043.pkl-27-0,sub043.pkl-27-0,sub043,,sub043.pkl,8,train,True
sub043.pkl-27-1,sub043.pkl-27-1,sub043,,sub043.pkl,8,train,True
sub043.pkl-27-2,sub043.pkl-27-2,sub043,,sub043.pkl,8,train,True
sub044.pkl-0-0,sub044.pkl-0-0,sub044,,sub044.pkl,0,train,True
sub044.pkl-0-1,sub044.pkl-0-1,sub044,,sub044.pkl,0,train,True
sub044.pkl-0-2,sub044.pkl-0-2,sub044,,sub044.pkl,0,train,True
sub044.pkl-1-0,sub044.pkl-1-0,sub044,,sub044.pkl,0,train,True
sub044.pkl-1-1,sub044.pkl-1-1,sub044,,sub044.pkl,0,train,True
sub044.pkl-1-2,sub044.pkl-1-2,sub044,,sub044.pkl,0,train,True
sub044.pkl-2-0,sub044.pkl-2-0,sub044,,sub044.pkl,0,train,True
sub044.pkl-2-1,sub044.pkl-2-1,sub044,,sub044.pkl,0,train,True
sub044.pkl-2-2,sub044.pkl-2-2,sub044,,sub044.pkl,0,train,True
sub044.pkl-3-0,sub044.pkl-3-0,sub044,,sub044.pkl,1,train,True
sub044.pkl-3-1,sub044.pkl-3-1,sub044,,sub044.pkl,1,train,True
sub044.pkl-3-2,sub044.pkl-3-2,sub044,,sub044.pkl,1,train,True
sub044.pkl-4-0,sub044.pkl-4-0,sub044,,sub044.pkl,1,train,True
sub044.pkl-4-1,sub044.pkl-4-1,sub044,,sub044.pkl,1,train,True
sub044.pkl-4-2,sub044.pkl-4-2,sub044,,sub044.pkl,1,train,True
sub044.pkl-5-0,sub044.pkl-5-0,sub044,,sub044.pkl,1,train,True
sub044.pkl-5-1,sub044.pkl-5-1,sub044,,sub044.pkl,1,train,True
sub044.pkl-5-2,sub044.pkl-5-2,sub044,,sub044.pkl,1,train,True
sub044.pkl-6-0,sub044.pkl-6-0,sub044,,sub044.pkl,2,train,True
sub044.pkl-6-1,sub044.pkl-6-1,sub044,,sub044.pkl,2,train,True
sub044.pkl-6-2,sub044.pkl-6-2,sub044,,sub044.pkl,2,train,True
sub044.pkl-7-0,sub044.pkl-7-0,sub044,,sub044.pkl,2,train,True
sub044.pkl-7-1,sub044.pkl-7-1,sub044,,sub044.pkl,2,train,True
sub044.pkl-7-2,sub044.pkl-7-2,sub044,,sub044.pkl,2,train,True
sub044.pkl-8-0,sub044.pkl-8-0,sub044,,sub044.pkl,2,train,True
sub044.pkl-8-1,sub044.pkl-8-1,sub044,,sub044.pkl,2,train,True
sub044.pkl-8-2,sub044.pkl-8-2,sub044,,sub044.pkl,2,train,True
sub044.pkl-9-0,sub044.pkl-9-0,sub044,,sub044.pkl,3,train,True
sub044.pkl-9-1,sub044.pkl-9-1,sub044,,sub044.pkl,3,train,True
sub044.pkl-9-2,sub044.pkl-9-2,sub044,,sub044.pkl,3,train,True
sub044.pkl-10-0,sub044.pkl-10-0,sub044,,sub044.pkl,3,train,True
sub044.pkl-10-1,sub044.pkl-10-1,sub044,,sub044.pkl,3,train,True
sub044.pkl-10-2,sub044.pkl-10-2,sub044,,sub044.pkl,3,train,True
sub044.pkl-11-0,sub044.pkl-11-0,sub044,,sub044.pkl,3,train,True
sub044.pkl-11-1,sub044.pkl-11-1,sub044,,sub044.pkl,3,train,True
sub044.pkl-11-2,sub044.pkl-11-2,sub044,,sub044.pkl,3,train,True
sub044.pkl-12-0,sub044.pkl-12-0,sub044,,sub044.pkl,4,train,True
sub044.pkl-12-1,sub044.pkl-12-1,sub044,,sub044.pkl,4,train,True
sub044.pkl-12-2,sub044.pkl-12-2,sub044,,sub044.pkl,4,train,True
sub044.pkl-13-0,sub044.pkl-13-0,sub044,,sub044.pkl,4,train,True
sub044.pkl-13-1,sub044.pkl-13-1,sub044,,sub044.pkl,4,train,True
sub044.pkl-13-2,sub044.pkl-13-2,sub044,,sub044.pkl,4,train,True
sub044.pkl-14-0,sub044.pkl-14-0,sub044,,sub044.pkl,4,train,True
sub044.pkl-14-1,sub044.pkl-14-1,sub044,,sub044.pkl,4,train,True
sub044.pkl-14-2,sub044.pkl-14-2,sub044,,sub044.pkl,4,train,True
sub044.pkl-15-0,sub044.pkl-15-0,sub044,,sub044.pkl,4,train,True
sub044.pkl-15-1,sub044.pkl-15-1,sub044,,sub044.pkl,4,train,True
sub044.pkl-15-2,sub044.pkl-15-2,sub044,,sub044.pkl,4,train,True
sub044.pkl-16-0,sub044.pkl-16-0,sub044,,sub044.pkl,5,train,True
sub044.pkl-16-1,sub044.pkl-16-1,sub044,,sub044.pkl,5,train,True
sub044.pkl-16-2,sub044.pkl-16-2,sub044,,sub044.pkl,5,train,True
sub044.pkl-17-0,sub044.pkl-17-0,sub044,,sub044.pkl,5,train,True
sub044.pkl-17-1,sub044.pkl-17-1,sub044,,sub044.pkl,5,train,True
sub044.pkl-17-2,sub044.pkl-17-2,sub044,,sub044.pkl,5,train,True
sub044.pkl-18-0,sub044.pkl-18-0,sub044,,sub044.pkl,5,train,True
sub044.pkl-18-1,sub044.pkl-18-1,sub044,,sub044.pkl,5,train,True
sub044.pkl-18-2,sub044.pkl-18-2,sub044,,sub044.pkl,5,train,True
sub044.pkl-19-0,sub044.pkl-19-0,sub044,,sub044.pkl,6,train,True
sub044.pkl-19-1,sub044.pkl-19-1,sub044,,sub044.pkl,6,train,True
sub044.pkl-19-2,sub044.pkl-19-2,sub044,,sub044.pkl,6,train,True
sub044.pkl-20-0,sub044.pkl-20-0,sub044,,sub044.pkl,6,train,True
sub044.pkl-20-1,sub044.pkl-20-1,sub044,,sub044.pkl,6,train,True
sub044.pkl-20-2,sub044.pkl-20-2,sub044,,sub044.pkl,6,train,True
sub044.pkl-21-0,sub044.pkl-21-0,sub044,,sub044.pkl,6,train,True
sub044.pkl-21-1,sub044.pkl-21-1,sub044,,sub044.pkl,6,train,True
sub044.pkl-21-2,sub044.pkl-21-2,sub044,,sub044.pkl,6,train,True
sub044.pkl-22-0,sub044.pkl-22-0,sub044,,sub044.pkl,7,train,True
sub044.pkl-22-1,sub044.pkl-22-1,sub044,,sub044.pkl,7,train,True
sub044.pkl-22-2,sub044.pkl-22-2,sub044,,sub044.pkl,7,train,True
sub044.pkl-23-0,sub044.pkl-23-0,sub044,,sub044.pkl,7,train,True
sub044.pkl-23-1,sub044.pkl-23-1,sub044,,sub044.pkl,7,train,True
sub044.pkl-23-2,sub044.pkl-23-2,sub044,,sub044.pkl,7,train,True
sub044.pkl-24-0,sub044.pkl-24-0,sub044,,sub044.pkl,7,train,True
sub044.pkl-24-1,sub044.pkl-24-1,sub044,,sub044.pkl,7,train,True
sub044.pkl-24-2,sub044.pkl-24-2,sub044,,sub044.pkl,7,train,True
sub044.pkl-25-0,sub044.pkl-25-0,sub044,,sub044.pkl,8,train,True
sub044.pkl-25-1,sub044.pkl-25-1,sub044,,sub044.pkl,8,train,True
sub044.pkl-25-2,sub044.pkl-25-2,sub044,,sub044.pkl,8,train,True
sub044.pkl-26-0,sub044.pkl-26-0,sub044,,sub044.pkl,8,train,True
sub044.pkl-26-1,sub044.pkl-26-1,sub044,,sub044.pkl,8,train,True
sub044.pkl-26-2,sub044.pkl-26-2,sub044,,sub044.pkl,8,train,True
sub044.pkl-27-0,sub044.pkl-27-0,sub044,,sub044.pkl,8,train,True
sub044.pkl-27-1,sub044.pkl-27-1,sub044,,sub044.pkl,8,train,True
sub044.pkl-27-2,sub044.pkl-27-2,sub044,,sub044.pkl,8,train,True
sub045.pkl-0-0,sub045.pkl-0-0,sub045,,sub045.pkl,0,train,True
sub045.pkl-0-1,sub045.pkl-0-1,sub045,,sub045.pkl,0,train,True
sub045.pkl-0-2,sub045.pkl-0-2,sub045,,sub045.pkl,0,train,True
sub045.pkl-1-0,sub045.pkl-1-0,sub045,,sub045.pkl,0,train,True
sub045.pkl-1-1,sub045.pkl-1-1,sub045,,sub045.pkl,0,train,True
sub045.pkl-1-2,sub045.pkl-1-2,sub045,,sub045.pkl,0,train,True
sub045.pkl-2-0,sub045.pkl-2-0,sub045,,sub045.pkl,0,train,True
sub045.pkl-2-1,sub045.pkl-2-1,sub045,,sub045.pkl,0,train,True
sub045.pkl-2-2,sub045.pkl-2-2,sub045,,sub045.pkl,0,train,True
sub045.pkl-3-0,sub045.pkl-3-0,sub045,,sub045.pkl,1,train,True
sub045.pkl-3-1,sub045.pkl-3-1,sub045,,sub045.pkl,1,train,True
sub045.pkl-3-2,sub045.pkl-3-2,sub045,,sub045.pkl,1,train,True
sub045.pkl-4-0,sub045.pkl-4-0,sub045,,sub045.pkl,1,train,True
sub045.pkl-4-1,sub045.pkl-4-1,sub045,,sub045.pkl,1,train,True
sub045.pkl-4-2,sub045.pkl-4-2,sub045,,sub045.pkl,1,train,True
sub045.pkl-5-0,sub045.pkl-5-0,sub045,,sub045.pkl,1,train,True
sub045.pkl-5-1,sub045.pkl-5-1,sub045,,sub045.pkl,1,train,True
sub045.pkl-5-2,sub045.pkl-5-2,sub045,,sub045.pkl,1,train,True
sub045.pkl-6-0,sub045.pkl-6-0,sub045,,sub045.pkl,2,train,True
sub045.pkl-6-1,sub045.pkl-6-1,sub045,,sub045.pkl,2,train,True
sub045.pkl-6-2,sub045.pkl-6-2,sub045,,sub045.pkl,2,train,True
sub045.pkl-7-0,sub045.pkl-7-0,sub045,,sub045.pkl,2,train,True
sub045.pkl-7-1,sub045.pkl-7-1,sub045,,sub045.pkl,2,train,True
sub045.pkl-7-2,sub045.pkl-7-2,sub045,,sub045.pkl,2,train,True
sub045.pkl-8-0,sub045.pkl-8-0,sub045,,sub045.pkl,2,train,True
sub045.pkl-8-1,sub045.pkl-8-1,sub045,,sub045.pkl,2,train,True
sub045.pkl-8-2,sub045.pkl-8-2,sub045,,sub045.pkl,2,train,True
sub045.pkl-9-0,sub045.pkl-9-0,sub045,,sub045.pkl,3,train,True
sub045.pkl-9-1,sub045.pkl-9-1,sub045,,sub045.pkl,3,train,True
sub045.pkl-9-2,sub045.pkl-9-2,sub045,,sub045.pkl,3,train,True
sub045.pkl-10-0,sub045.pkl-10-0,sub045,,sub045.pkl,3,train,True
sub045.pkl-10-1,sub045.pkl-10-1,sub045,,sub045.pkl,3,train,True
sub045.pkl-10-2,sub045.pkl-10-2,sub045,,sub045.pkl,3,train,True
sub045.pkl-11-0,sub045.pkl-11-0,sub045,,sub045.pkl,3,train,True
sub045.pkl-11-1,sub045.pkl-11-1,sub045,,sub045.pkl,3,train,True
sub045.pkl-11-2,sub045.pkl-11-2,sub045,,sub045.pkl,3,train,True
sub045.pkl-12-0,sub045.pkl-12-0,sub045,,sub045.pkl,4,train,True
sub045.pkl-12-1,sub045.pkl-12-1,sub045,,sub045.pkl,4,train,True
sub045.pkl-12-2,sub045.pkl-12-2,sub045,,sub045.pkl,4,train,True
sub045.pkl-13-0,sub045.pkl-13-0,sub045,,sub045.pkl,4,train,True
sub045.pkl-13-1,sub045.pkl-13-1,sub045,,sub045.pkl,4,train,True
sub045.pkl-13-2,sub045.pkl-13-2,sub045,,sub045.pkl,4,train,True
sub045.pkl-14-0,sub045.pkl-14-0,sub045,,sub045.pkl,4,train,True
sub045.pkl-14-1,sub045.pkl-14-1,sub045,,sub045.pkl,4,train,True
sub045.pkl-14-2,sub045.pkl-14-2,sub045,,sub045.pkl,4,train,True
sub045.pkl-15-0,sub045.pkl-15-0,sub045,,sub045.pkl,4,train,True
sub045.pkl-15-1,sub045.pkl-15-1,sub045,,sub045.pkl,4,train,True
sub045.pkl-15-2,sub045.pkl-15-2,sub045,,sub045.pkl,4,train,True
sub045.pkl-16-0,sub045.pkl-16-0,sub045,,sub045.pkl,5,train,True
sub045.pkl-16-1,sub045.pkl-16-1,sub045,,sub045.pkl,5,train,True
sub045.pkl-16-2,sub045.pkl-16-2,sub045,,sub045.pkl,5,train,True
sub045.pkl-17-0,sub045.pkl-17-0,sub045,,sub045.pkl,5,train,True
sub045.pkl-17-1,sub045.pkl-17-1,sub045,,sub045.pkl,5,train,True
sub045.pkl-17-2,sub045.pkl-17-2,sub045,,sub045.pkl,5,train,True
sub045.pkl-18-0,sub045.pkl-18-0,sub045,,sub045.pkl,5,train,True
sub045.pkl-18-1,sub045.pkl-18-1,sub045,,sub045.pkl,5,train,True
sub045.pkl-18-2,sub045.pkl-18-2,sub045,,sub045.pkl,5,train,True
sub045.pkl-19-0,sub045.pkl-19-0,sub045,,sub045.pkl,6,train,True
sub045.pkl-19-1,sub045.pkl-19-1,sub045,,sub045.pkl,6,train,True
sub045.pkl-19-2,sub045.pkl-19-2,sub045,,sub045.pkl,6,train,True
sub045.pkl-20-0,sub045.pkl-20-0,sub045,,sub045.pkl,6,train,True
sub045.pkl-20-1,sub045.pkl-20-1,sub045,,sub045.pkl,6,train,True
sub045.pkl-20-2,sub045.pkl-20-2,sub045,,sub045.pkl,6,train,True
sub045.pkl-21-0,sub045.pkl-21-0,sub045,,sub045.pkl,6,train,True
sub045.pkl-21-1,sub045.pkl-21-1,sub045,,sub045.pkl,6,train,True
sub045.pkl-21-2,sub045.pkl-21-2,sub045,,sub045.pkl,6,train,True
sub045.pkl-22-0,sub045.pkl-22-0,sub045,,sub045.pkl,7,train,True
sub045.pkl-22-1,sub045.pkl-22-1,sub045,,sub045.pkl,7,train,True
sub045.pkl-22-2,sub045.pkl-22-2,sub045,,sub045.pkl,7,train,True
sub045.pkl-23-0,sub045.pkl-23-0,sub045,,sub045.pkl,7,train,True
sub045.pkl-23-1,sub045.pkl-23-1,sub045,,sub045.pkl,7,train,True
sub045.pkl-23-2,sub045.pkl-23-2,sub045,,sub045.pkl,7,train,True
sub045.pkl-24-0,sub045.pkl-24-0,sub045,,sub045.pkl,7,train,True
sub045.pkl-24-1,sub045.pkl-24-1,sub045,,sub045.pkl,7,train,True
sub045.pkl-24-2,sub045.pkl-24-2,sub045,,sub045.pkl,7,train,True
sub045.pkl-25-0,sub045.pkl-25-0,sub045,,sub045.pkl,8,train,True
sub045.pkl-25-1,sub045.pkl-25-1,sub045,,sub045.pkl,8,train,True
sub045.pkl-25-2,sub045.pkl-25-2,sub045,,sub045.pkl,8,train,True
sub045.pkl-26-0,sub045.pkl-26-0,sub045,,sub045.pkl,8,train,True
sub045.pkl-26-1,sub045.pkl-26-1,sub045,,sub045.pkl,8,train,True
sub045.pkl-26-2,sub045.pkl-26-2,sub045,,sub045.pkl,8,train,True
sub045.pkl-27-0,sub045.pkl-27-0,sub045,,sub045.pkl,8,train,True
sub045.pkl-27-1,sub045.pkl-27-1,sub045,,sub045.pkl,8,train,True
sub045.pkl-27-2,sub045.pkl-27-2,sub045,,sub045.pkl,8,train,True
sub046.pkl-0-0,sub046.pkl-0-0,sub046,,sub046.pkl,0,train,True
sub046.pkl-0-1,sub046.pkl-0-1,sub046,,sub046.pkl,0,train,True
sub046.pkl-0-2,sub046.pkl-0-2,sub046,,sub046.pkl,0,train,True
sub046.pkl-1-0,sub046.pkl-1-0,sub046,,sub046.pkl,0,train,True
sub046.pkl-1-1,sub046.pkl-1-1,sub046,,sub046.pkl,0,train,True
sub046.pkl-1-2,sub046.pkl-1-2,sub046,,sub046.pkl,0,train,True
sub046.pkl-2-0,sub046.pkl-2-0,sub046,,sub046.pkl,0,train,True
sub046.pkl-2-1,sub046.pkl-2-1,sub046,,sub046.pkl,0,train,True
sub046.pkl-2-2,sub046.pkl-2-2,sub046,,sub046.pkl,0,train,True
sub046.pkl-3-0,sub046.pkl-3-0,sub046,,sub046.pkl,1,train,True
sub046.pkl-3-1,sub046.pkl-3-1,sub046,,sub046.pkl,1,train,True
sub046.pkl-3-2,sub046.pkl-3-2,sub046,,sub046.pkl,1,train,True
sub046.pkl-4-0,sub046.pkl-4-0,sub046,,sub046.pkl,1,train,True
sub046.pkl-4-1,sub046.pkl-4-1,sub046,,sub046.pkl,1,train,True
sub046.pkl-4-2,sub046.pkl-4-2,sub046,,sub046.pkl,1,train,True
sub046.pkl-5-0,sub046.pkl-5-0,sub046,,sub046.pkl,1,train,True
sub046.pkl-5-1,sub046.pkl-5-1,sub046,,sub046.pkl,1,train,True
sub046.pkl-5-2,sub046.pkl-5-2,sub046,,sub046.pkl,1,train,True
sub046.pkl-6-0,sub046.pkl-6-0,sub046,,sub046.pkl,2,train,True
sub046.pkl-6-1,sub046.pkl-6-1,sub046,,sub046.pkl,2,train,True
sub046.pkl-6-2,sub046.pkl-6-2,sub046,,sub046.pkl,2,train,True
sub046.pkl-7-0,sub046.pkl-7-0,sub046,,sub046.pkl,2,train,True
sub046.pkl-7-1,sub046.pkl-7-1,sub046,,sub046.pkl,2,train,True
sub046.pkl-7-2,sub046.pkl-7-2,sub046,,sub046.pkl,2,train,True
sub046.pkl-8-0,sub046.pkl-8-0,sub046,,sub046.pkl,2,train,True
sub046.pkl-8-1,sub046.pkl-8-1,sub046,,sub046.pkl,2,train,True
sub046.pkl-8-2,sub046.pkl-8-2,sub046,,sub046.pkl,2,train,True
sub046.pkl-9-0,sub046.pkl-9-0,sub046,,sub046.pkl,3,train,True
sub046.pkl-9-1,sub046.pkl-9-1,sub046,,sub046.pkl,3,train,True
sub046.pkl-9-2,sub046.pkl-9-2,sub046,,sub046.pkl,3,train,True
sub046.pkl-10-0,sub046.pkl-10-0,sub046,,sub046.pkl,3,train,True
sub046.pkl-10-1,sub046.pkl-10-1,sub046,,sub046.pkl,3,train,True
sub046.pkl-10-2,sub046.pkl-10-2,sub046,,sub046.pkl,3,train,True
sub046.pkl-11-0,sub046.pkl-11-0,sub046,,sub046.pkl,3,train,True
sub046.pkl-11-1,sub046.pkl-11-1,sub046,,sub046.pkl,3,train,True
sub046.pkl-11-2,sub046.pkl-11-2,sub046,,sub046.pkl,3,train,True
sub046.pkl-12-0,sub046.pkl-12-0,sub046,,sub046.pkl,4,train,True
sub046.pkl-12-1,sub046.pkl-12-1,sub046,,sub046.pkl,4,train,True
sub046.pkl-12-2,sub046.pkl-12-2,sub046,,sub046.pkl,4,train,True
sub046.pkl-13-0,sub046.pkl-13-0,sub046,,sub046.pkl,4,train,True
sub046.pkl-13-1,sub046.pkl-13-1,sub046,,sub046.pkl,4,train,True
sub046.pkl-13-2,sub046.pkl-13-2,sub046,,sub046.pkl,4,train,True
sub046.pkl-14-0,sub046.pkl-14-0,sub046,,sub046.pkl,4,train,True
sub046.pkl-14-1,sub046.pkl-14-1,sub046,,sub046.pkl,4,train,True
sub046.pkl-14-2,sub046.pkl-14-2,sub046,,sub046.pkl,4,train,True
sub046.pkl-15-0,sub046.pkl-15-0,sub046,,sub046.pkl,4,train,True
sub046.pkl-15-1,sub046.pkl-15-1,sub046,,sub046.pkl,4,train,True
sub046.pkl-15-2,sub046.pkl-15-2,sub046,,sub046.pkl,4,train,True
sub046.pkl-16-0,sub046.pkl-16-0,sub046,,sub046.pkl,5,train,True
sub046.pkl-16-1,sub046.pkl-16-1,sub046,,sub046.pkl,5,train,True
sub046.pkl-16-2,sub046.pkl-16-2,sub046,,sub046.pkl,5,train,True
sub046.pkl-17-0,sub046.pkl-17-0,sub046,,sub046.pkl,5,train,True
sub046.pkl-17-1,sub046.pkl-17-1,sub046,,sub046.pkl,5,train,True
sub046.pkl-17-2,sub046.pkl-17-2,sub046,,sub046.pkl,5,train,True
sub046.pkl-18-0,sub046.pkl-18-0,sub046,,sub046.pkl,5,train,True
sub046.pkl-18-1,sub046.pkl-18-1,sub046,,sub046.pkl,5,train,True
sub046.pkl-18-2,sub046.pkl-18-2,sub046,,sub046.pkl,5,train,True
sub046.pkl-19-0,sub046.pkl-19-0,sub046,,sub046.pkl,6,train,True
sub046.pkl-19-1,sub046.pkl-19-1,sub046,,sub046.pkl,6,train,True
sub046.pkl-19-2,sub046.pkl-19-2,sub046,,sub046.pkl,6,train,True
sub046.pkl-20-0,sub046.pkl-20-0,sub046,,sub046.pkl,6,train,True
sub046.pkl-20-1,sub046.pkl-20-1,sub046,,sub046.pkl,6,train,True
sub046.pkl-20-2,sub046.pkl-20-2,sub046,,sub046.pkl,6,train,True
sub046.pkl-21-0,sub046.pkl-21-0,sub046,,sub046.pkl,6,train,True
sub046.pkl-21-1,sub046.pkl-21-1,sub046,,sub046.pkl,6,train,True
sub046.pkl-21-2,sub046.pkl-21-2,sub046,,sub046.pkl,6,train,True
sub046.pkl-22-0,sub046.pkl-22-0,sub046,,sub046.pkl,7,train,True
sub046.pkl-22-1,sub046.pkl-22-1,sub046,,sub046.pkl,7,train,True
sub046.pkl-22-2,sub046.pkl-22-2,sub046,,sub046.pkl,7,train,True
sub046.pkl-23-0,sub046.pkl-23-0,sub046,,sub046.pkl,7,train,True
sub046.pkl-23-1,sub046.pkl-23-1,sub046,,sub046.pkl,7,train,True
sub046.pkl-23-2,sub046.pkl-23-2,sub046,,sub046.pkl,7,train,True
sub046.pkl-24-0,sub046.pkl-24-0,sub046,,sub046.pkl,7,train,True
sub046.pkl-24-1,sub046.pkl-24-1,sub046,,sub046.pkl,7,train,True
sub046.pkl-24-2,sub046.pkl-24-2,sub046,,sub046.pkl,7,train,True
sub046.pkl-25-0,sub046.pkl-25-0,sub046,,sub046.pkl,8,train,True
sub046.pkl-25-1,sub046.pkl-25-1,sub046,,sub046.pkl,8,train,True
sub046.pkl-25-2,sub046.pkl-25-2,sub046,,sub046.pkl,8,train,True
sub046.pkl-26-0,sub046.pkl-26-0,sub046,,sub046.pkl,8,train,True
sub046.pkl-26-1,sub046.pkl-26-1,sub046,,sub046.pkl,8,train,True
sub046.pkl-26-2,sub046.pkl-26-2,sub046,,sub046.pkl,8,train,True
sub046.pkl-27-0,sub046.pkl-27-0,sub046,,sub046.pkl,8,train,True
sub046.pkl-27-1,sub046.pkl-27-1,sub046,,sub046.pkl,8,train,True
sub046.pkl-27-2,sub046.pkl-27-2,sub046,,sub046.pkl,8,train,True
sub047.pkl-0-0,sub047.pkl-0-0,sub047,,sub047.pkl,0,train,True
sub047.pkl-0-1,sub047.pkl-0-1,sub047,,sub047.pkl,0,train,True
sub047.pkl-0-2,sub047.pkl-0-2,sub047,,sub047.pkl,0,train,True
sub047.pkl-1-0,sub047.pkl-1-0,sub047,,sub047.pkl,0,train,True
sub047.pkl-1-1,sub047.pkl-1-1,sub047,,sub047.pkl,0,train,True
sub047.pkl-1-2,sub047.pkl-1-2,sub047,,sub047.pkl,0,train,True
sub047.pkl-2-0,sub047.pkl-2-0,sub047,,sub047.pkl,0,train,True
sub047.pkl-2-1,sub047.pkl-2-1,sub047,,sub047.pkl,0,train,True
sub047.pkl-2-2,sub047.pkl-2-2,sub047,,sub047.pkl,0,train,True
sub047.pkl-3-0,sub047.pkl-3-0,sub047,,sub047.pkl,1,train,True
sub047.pkl-3-1,sub047.pkl-3-1,sub047,,sub047.pkl,1,train,True
sub047.pkl-3-2,sub047.pkl-3-2,sub047,,sub047.pkl,1,train,True
sub047.pkl-4-0,sub047.pkl-4-0,sub047,,sub047.pkl,1,train,True
sub047.pkl-4-1,sub047.pkl-4-1,sub047,,sub047.pkl,1,train,True
sub047.pkl-4-2,sub047.pkl-4-2,sub047,,sub047.pkl,1,train,True
sub047.pkl-5-0,sub047.pkl-5-0,sub047,,sub047.pkl,1,train,True
sub047.pkl-5-1,sub047.pkl-5-1,sub047,,sub047.pkl,1,train,True
sub047.pkl-5-2,sub047.pkl-5-2,sub047,,sub047.pkl,1,train,True
sub047.pkl-6-0,sub047.pkl-6-0,sub047,,sub047.pkl,2,train,True
sub047.pkl-6-1,sub047.pkl-6-1,sub047,,sub047.pkl,2,train,True
sub047.pkl-6-2,sub047.pkl-6-2,sub047,,sub047.pkl,2,train,True
sub047.pkl-7-0,sub047.pkl-7-0,sub047,,sub047.pkl,2,train,True
sub047.pkl-7-1,sub047.pkl-7-1,sub047,,sub047.pkl,2,train,True
sub047.pkl-7-2,sub047.pkl-7-2,sub047,,sub047.pkl,2,train,True
sub047.pkl-8-0,sub047.pkl-8-0,sub047,,sub047.pkl,2,train,True
sub047.pkl-8-1,sub047.pkl-8-1,sub047,,sub047.pkl,2,train,True
sub047.pkl-8-2,sub047.pkl-8-2,sub047,,sub047.pkl,2,train,True
sub047.pkl-9-0,sub047.pkl-9-0,sub047,,sub047.pkl,3,train,True
sub047.pkl-9-1,sub047.pkl-9-1,sub047,,sub047.pkl,3,train,True
sub047.pkl-9-2,sub047.pkl-9-2,sub047,,sub047.pkl,3,train,True
sub047.pkl-10-0,sub047.pkl-10-0,sub047,,sub047.pkl,3,train,True
sub047.pkl-10-1,sub047.pkl-10-1,sub047,,sub047.pkl,3,train,True
sub047.pkl-10-2,sub047.pkl-10-2,sub047,,sub047.pkl,3,train,True
sub047.pkl-11-0,sub047.pkl-11-0,sub047,,sub047.pkl,3,train,True
sub047.pkl-11-1,sub047.pkl-11-1,sub047,,sub047.pkl,3,train,True
sub047.pkl-11-2,sub047.pkl-11-2,sub047,,sub047.pkl,3,train,True
sub047.pkl-12-0,sub047.pkl-12-0,sub047,,sub047.pkl,4,train,True
sub047.pkl-12-1,sub047.pkl-12-1,sub047,,sub047.pkl,4,train,True
sub047.pkl-12-2,sub047.pkl-12-2,sub047,,sub047.pkl,4,train,True
sub047.pkl-13-0,sub047.pkl-13-0,sub047,,sub047.pkl,4,train,True
sub047.pkl-13-1,sub047.pkl-13-1,sub047,,sub047.pkl,4,train,True
sub047.pkl-13-2,sub047.pkl-13-2,sub047,,sub047.pkl,4,train,True
sub047.pkl-14-0,sub047.pkl-14-0,sub047,,sub047.pkl,4,train,True
sub047.pkl-14-1,sub047.pkl-14-1,sub047,,sub047.pkl,4,train,True
sub047.pkl-14-2,sub047.pkl-14-2,sub047,,sub047.pkl,4,train,True
sub047.pkl-15-0,sub047.pkl-15-0,sub047,,sub047.pkl,4,train,True
sub047.pkl-15-1,sub047.pkl-15-1,sub047,,sub047.pkl,4,train,True
sub047.pkl-15-2,sub047.pkl-15-2,sub047,,sub047.pkl,4,train,True
sub047.pkl-16-0,sub047.pkl-16-0,sub047,,sub047.pkl,5,train,True
sub047.pkl-16-1,sub047.pkl-16-1,sub047,,sub047.pkl,5,train,True
sub047.pkl-16-2,sub047.pkl-16-2,sub047,,sub047.pkl,5,train,True
sub047.pkl-17-0,sub047.pkl-17-0,sub047,,sub047.pkl,5,train,True
sub047.pkl-17-1,sub047.pkl-17-1,sub047,,sub047.pkl,5,train,True
sub047.pkl-17-2,sub047.pkl-17-2,sub047,,sub047.pkl,5,train,True
sub047.pkl-18-0,sub047.pkl-18-0,sub047,,sub047.pkl,5,train,True
sub047.pkl-18-1,sub047.pkl-18-1,sub047,,sub047.pkl,5,train,True
sub047.pkl-18-2,sub047.pkl-18-2,sub047,,sub047.pkl,5,train,True
sub047.pkl-19-0,sub047.pkl-19-0,sub047,,sub047.pkl,6,train,True
sub047.pkl-19-1,sub047.pkl-19-1,sub047,,sub047.pkl,6,train,True
sub047.pkl-19-2,sub047.pkl-19-2,sub047,,sub047.pkl,6,train,True
sub047.pkl-20-0,sub047.pkl-20-0,sub047,,sub047.pkl,6,train,True
sub047.pkl-20-1,sub047.pkl-20-1,sub047,,sub047.pkl,6,train,True
sub047.pkl-20-2,sub047.pkl-20-2,sub047,,sub047.pkl,6,train,True
sub047.pkl-21-0,sub047.pkl-21-0,sub047,,sub047.pkl,6,train,True
sub047.pkl-21-1,sub047.pkl-21-1,sub047,,sub047.pkl,6,train,True
sub047.pkl-21-2,sub047.pkl-21-2,sub047,,sub047.pkl,6,train,True
sub047.pkl-22-0,sub047.pkl-22-0,sub047,,sub047.pkl,7,train,True
sub047.pkl-22-1,sub047.pkl-22-1,sub047,,sub047.pkl,7,train,True
sub047.pkl-22-2,sub047.pkl-22-2,sub047,,sub047.pkl,7,train,True
sub047.pkl-23-0,sub047.pkl-23-0,sub047,,sub047.pkl,7,train,True
sub047.pkl-23-1,sub047.pkl-23-1,sub047,,sub047.pkl,7,train,True
sub047.pkl-23-2,sub047.pkl-23-2,sub047,,sub047.pkl,7,train,True
sub047.pkl-24-0,sub047.pkl-24-0,sub047,,sub047.pkl,7,train,True
sub047.pkl-24-1,sub047.pkl-24-1,sub047,,sub047.pkl,7,train,True
sub047.pkl-24-2,sub047.pkl-24-2,sub047,,sub047.pkl,7,train,True
sub047.pkl-25-0,sub047.pkl-25-0,sub047,,sub047.pkl,8,train,True
sub047.pkl-25-1,sub047.pkl-25-1,sub047,,sub047.pkl,8,train,True
sub047.pkl-25-2,sub047.pkl-25-2,sub047,,sub047.pkl,8,train,True
sub047.pkl-26-0,sub047.pkl-26-0,sub047,,sub047.pkl,8,train,True
sub047.pkl-26-1,sub047.pkl-26-1,sub047,,sub047.pkl,8,train,True
sub047.pkl-26-2,sub047.pkl-26-2,sub047,,sub047.pkl,8,train,True
sub047.pkl-27-0,sub047.pkl-27-0,sub047,,sub047.pkl,8,train,True
sub047.pkl-27-1,sub047.pkl-27-1,sub047,,sub047.pkl,8,train,True
sub047.pkl-27-2,sub047.pkl-27-2,sub047,,sub047.pkl,8,train,True
sub048.pkl-0-0,sub048.pkl-0-0,sub048,,sub048.pkl,0,train,True
sub048.pkl-0-1,sub048.pkl-0-1,sub048,,sub048.pkl,0,train,True
sub048.pkl-0-2,sub048.pkl-0-2,sub048,,sub048.pkl,0,train,True
sub048.pkl-1-0,sub048.pkl-1-0,sub048,,sub048.pkl,0,train,True
sub048.pkl-1-1,sub048.pkl-1-1,sub048,,sub048.pkl,0,train,True
sub048.pkl-1-2,sub048.pkl-1-2,sub048,,sub048.pkl,0,train,True
sub048.pkl-2-0,sub048.pkl-2-0,sub048,,sub048.pkl,0,train,True
sub048.pkl-2-1,sub048.pkl-2-1,sub048,,sub048.pkl,0,train,True
sub048.pkl-2-2,sub048.pkl-2-2,sub048,,sub048.pkl,0,train,True
sub048.pkl-3-0,sub048.pkl-3-0,sub048,,sub048.pkl,1,train,True
sub048.pkl-3-1,sub048.pkl-3-1,sub048,,sub048.pkl,1,train,True
sub048.pkl-3-2,sub048.pkl-3-2,sub048,,sub048.pkl,1,train,True
sub048.pkl-4-0,sub048.pkl-4-0,sub048,,sub048.pkl,1,train,True
sub048.pkl-4-1,sub048.pkl-4-1,sub048,,sub048.pkl,1,train,True
sub048.pkl-4-2,sub048.pkl-4-2,sub048,,sub048.pkl,1,train,True
sub048.pkl-5-0,sub048.pkl-5-0,sub048,,sub048.pkl,1,train,True
sub048.pkl-5-1,sub048.pkl-5-1,sub048,,sub048.pkl,1,train,True
sub048.pkl-5-2,sub048.pkl-5-2,sub048,,sub048.pkl,1,train,True
sub048.pkl-6-0,sub048.pkl-6-0,sub048,,sub048.pkl,2,train,True
sub048.pkl-6-1,sub048.pkl-6-1,sub048,,sub048.pkl,2,train,True
sub048.pkl-6-2,sub048.pkl-6-2,sub048,,sub048.pkl,2,train,True
sub048.pkl-7-0,sub048.pkl-7-0,sub048,,sub048.pkl,2,train,True
sub048.pkl-7-1,sub048.pkl-7-1,sub048,,sub048.pkl,2,train,True
sub048.pkl-7-2,sub048.pkl-7-2,sub048,,sub048.pkl,2,train,True
sub048.pkl-8-0,sub048.pkl-8-0,sub048,,sub048.pkl,2,train,True
sub048.pkl-8-1,sub048.pkl-8-1,sub048,,sub048.pkl,2,train,True
sub048.pkl-8-2,sub048.pkl-8-2,sub048,,sub048.pkl,2,train,True
sub048.pkl-9-0,sub048.pkl-9-0,sub048,,sub048.pkl,3,train,True
sub048.pkl-9-1,sub048.pkl-9-1,sub048,,sub048.pkl,3,train,True
sub048.pkl-9-2,sub048.pkl-9-2,sub048,,sub048.pkl,3,train,True
sub048.pkl-10-0,sub048.pkl-10-0,sub048,,sub048.pkl,3,train,True
sub048.pkl-10-1,sub048.pkl-10-1,sub048,,sub048.pkl,3,train,True
sub048.pkl-10-2,sub048.pkl-10-2,sub048,,sub048.pkl,3,train,True
sub048.pkl-11-0,sub048.pkl-11-0,sub048,,sub048.pkl,3,train,True
sub048.pkl-11-1,sub048.pkl-11-1,sub048,,sub048.pkl,3,train,True
sub048.pkl-11-2,sub048.pkl-11-2,sub048,,sub048.pkl,3,train,True
sub048.pkl-12-0,sub048.pkl-12-0,sub048,,sub048.pkl,4,train,True
sub048.pkl-12-1,sub048.pkl-12-1,sub048,,sub048.pkl,4,train,True
sub048.pkl-12-2,sub048.pkl-12-2,sub048,,sub048.pkl,4,train,True
sub048.pkl-13-0,sub048.pkl-13-0,sub048,,sub048.pkl,4,train,True
sub048.pkl-13-1,sub048.pkl-13-1,sub048,,sub048.pkl,4,train,True
sub048.pkl-13-2,sub048.pkl-13-2,sub048,,sub048.pkl,4,train,True
sub048.pkl-14-0,sub048.pkl-14-0,sub048,,sub048.pkl,4,train,True
sub048.pkl-14-1,sub048.pkl-14-1,sub048,,sub048.pkl,4,train,True
sub048.pkl-14-2,sub048.pkl-14-2,sub048,,sub048.pkl,4,train,True
sub048.pkl-15-0,sub048.pkl-15-0,sub048,,sub048.pkl,4,train,True
sub048.pkl-15-1,sub048.pkl-15-1,sub048,,sub048.pkl,4,train,True
sub048.pkl-15-2,sub048.pkl-15-2,sub048,,sub048.pkl,4,train,True
sub048.pkl-16-0,sub048.pkl-16-0,sub048,,sub048.pkl,5,train,True
sub048.pkl-16-1,sub048.pkl-16-1,sub048,,sub048.pkl,5,train,True
sub048.pkl-16-2,sub048.pkl-16-2,sub048,,sub048.pkl,5,train,True
sub048.pkl-17-0,sub048.pkl-17-0,sub048,,sub048.pkl,5,train,True
sub048.pkl-17-1,sub048.pkl-17-1,sub048,,sub048.pkl,5,train,True
sub048.pkl-17-2,sub048.pkl-17-2,sub048,,sub048.pkl,5,train,True
sub048.pkl-18-0,sub048.pkl-18-0,sub048,,sub048.pkl,5,train,True
sub048.pkl-18-1,sub048.pkl-18-1,sub048,,sub048.pkl,5,train,True
sub048.pkl-18-2,sub048.pkl-18-2,sub048,,sub048.pkl,5,train,True
sub048.pkl-19-0,sub048.pkl-19-0,sub048,,sub048.pkl,6,train,True
sub048.pkl-19-1,sub048.pkl-19-1,sub048,,sub048.pkl,6,train,True
sub048.pkl-19-2,sub048.pkl-19-2,sub048,,sub048.pkl,6,train,True
sub048.pkl-20-0,sub048.pkl-20-0,sub048,,sub048.pkl,6,train,True
sub048.pkl-20-1,sub048.pkl-20-1,sub048,,sub048.pkl,6,train,True
sub048.pkl-20-2,sub048.pkl-20-2,sub048,,sub048.pkl,6,train,True
sub048.pkl-21-0,sub048.pkl-21-0,sub048,,sub048.pkl,6,train,True
sub048.pkl-21-1,sub048.pkl-21-1,sub048,,sub048.pkl,6,train,True
sub048.pkl-21-2,sub048.pkl-21-2,sub048,,sub048.pkl,6,train,True
sub048.pkl-22-0,sub048.pkl-22-0,sub048,,sub048.pkl,7,train,True
sub048.pkl-22-1,sub048.pkl-22-1,sub048,,sub048.pkl,7,train,True
sub048.pkl-22-2,sub048.pkl-22-2,sub048,,sub048.pkl,7,train,True
sub048.pkl-23-0,sub048.pkl-23-0,sub048,,sub048.pkl,7,train,True
sub048.pkl-23-1,sub048.pkl-23-1,sub048,,sub048.pkl,7,train,True
sub048.pkl-23-2,sub048.pkl-23-2,sub048,,sub048.pkl,7,train,True
sub048.pkl-24-0,sub048.pkl-24-0,sub048,,sub048.pkl,7,train,True
sub048.pkl-24-1,sub048.pkl-24-1,sub048,,sub048.pkl,7,train,True
sub048.pkl-24-2,sub048.pkl-24-2,sub048,,sub048.pkl,7,train,True
sub048.pkl-25-0,sub048.pkl-25-0,sub048,,sub048.pkl,8,train,True
sub048.pkl-25-1,sub048.pkl-25-1,sub048,,sub048.pkl,8,train,True
sub048.pkl-25-2,sub048.pkl-25-2,sub048,,sub048.pkl,8,train,True
sub048.pkl-26-0,sub048.pkl-26-0,sub048,,sub048.pkl,8,train,True
sub048.pkl-26-1,sub048.pkl-26-1,sub048,,sub048.pkl,8,train,True
sub048.pkl-26-2,sub048.pkl-26-2,sub048,,sub048.pkl,8,train,True
sub048.pkl-27-0,sub048.pkl-27-0,sub048,,sub048.pkl,8,train,True
sub048.pkl-27-1,sub048.pkl-27-1,sub048,,sub048.pkl,8,train,True
sub048.pkl-27-2,sub048.pkl-27-2,sub048,,sub048.pkl,8,train,True
sub049.pkl-0-0,sub049.pkl-0-0,sub049,,sub049.pkl,0,train,True
sub049.pkl-0-1,sub049.pkl-0-1,sub049,,sub049.pkl,0,train,True
sub049.pkl-0-2,sub049.pkl-0-2,sub049,,sub049.pkl,0,train,True
sub049.pkl-1-0,sub049.pkl-1-0,sub049,,sub049.pkl,0,train,True
sub049.pkl-1-1,sub049.pkl-1-1,sub049,,sub049.pkl,0,train,True
sub049.pkl-1-2,sub049.pkl-1-2,sub049,,sub049.pkl,0,train,True
sub049.pkl-2-0,sub049.pkl-2-0,sub049,,sub049.pkl,0,train,True
sub049.pkl-2-1,sub049.pkl-2-1,sub049,,sub049.pkl,0,train,True
sub049.pkl-2-2,sub049.pkl-2-2,sub049,,sub049.pkl,0,train,True
sub049.pkl-3-0,sub049.pkl-3-0,sub049,,sub049.pkl,1,train,True
sub049.pkl-3-1,sub049.pkl-3-1,sub049,,sub049.pkl,1,train,True
sub049.pkl-3-2,sub049.pkl-3-2,sub049,,sub049.pkl,1,train,True
sub049.pkl-4-0,sub049.pkl-4-0,sub049,,sub049.pkl,1,train,True
sub049.pkl-4-1,sub049.pkl-4-1,sub049,,sub049.pkl,1,train,True
sub049.pkl-4-2,sub049.pkl-4-2,sub049,,sub049.pkl,1,train,True
sub049.pkl-5-0,sub049.pkl-5-0,sub049,,sub049.pkl,1,train,True
sub049.pkl-5-1,sub049.pkl-5-1,sub049,,sub049.pkl,1,train,True
sub049.pkl-5-2,sub049.pkl-5-2,sub049,,sub049.pkl,1,train,True
sub049.pkl-6-0,sub049.pkl-6-0,sub049,,sub049.pkl,2,train,True
sub049.pkl-6-1,sub049.pkl-6-1,sub049,,sub049.pkl,2,train,True
sub049.pkl-6-2,sub049.pkl-6-2,sub049,,sub049.pkl,2,train,True
sub049.pkl-7-0,sub049.pkl-7-0,sub049,,sub049.pkl,2,train,True
sub049.pkl-7-1,sub049.pkl-7-1,sub049,,sub049.pkl,2,train,True
sub049.pkl-7-2,sub049.pkl-7-2,sub049,,sub049.pkl,2,train,True
sub049.pkl-8-0,sub049.pkl-8-0,sub049,,sub049.pkl,2,train,True
sub049.pkl-8-1,sub049.pkl-8-1,sub049,,sub049.pkl,2,train,True
sub049.pkl-8-2,sub049.pkl-8-2,sub049,,sub049.pkl,2,train,True
sub049.pkl-9-0,sub049.pkl-9-0,sub049,,sub049.pkl,3,train,True
sub049.pkl-9-1,sub049.pkl-9-1,sub049,,sub049.pkl,3,train,True
sub049.pkl-9-2,sub049.pkl-9-2,sub049,,sub049.pkl,3,train,True
sub049.pkl-10-0,sub049.pkl-10-0,sub049,,sub049.pkl,3,train,True
sub049.pkl-10-1,sub049.pkl-10-1,sub049,,sub049.pkl,3,train,True
sub049.pkl-10-2,sub049.pkl-10-2,sub049,,sub049.pkl,3,train,True
sub049.pkl-11-0,sub049.pkl-11-0,sub049,,sub049.pkl,3,train,True
sub049.pkl-11-1,sub049.pkl-11-1,sub049,,sub049.pkl,3,train,True
sub049.pkl-11-2,sub049.pkl-11-2,sub049,,sub049.pkl,3,train,True
sub049.pkl-12-0,sub049.pkl-12-0,sub049,,sub049.pkl,4,train,True
sub049.pkl-12-1,sub049.pkl-12-1,sub049,,sub049.pkl,4,train,True
sub049.pkl-12-2,sub049.pkl-12-2,sub049,,sub049.pkl,4,train,True
sub049.pkl-13-0,sub049.pkl-13-0,sub049,,sub049.pkl,4,train,True
sub049.pkl-13-1,sub049.pkl-13-1,sub049,,sub049.pkl,4,train,True
sub049.pkl-13-2,sub049.pkl-13-2,sub049,,sub049.pkl,4,train,True
sub049.pkl-14-0,sub049.pkl-14-0,sub049,,sub049.pkl,4,train,True
sub049.pkl-14-1,sub049.pkl-14-1,sub049,,sub049.pkl,4,train,True
sub049.pkl-14-2,sub049.pkl-14-2,sub049,,sub049.pkl,4,train,True
sub049.pkl-15-0,sub049.pkl-15-0,sub049,,sub049.pkl,4,train,True
sub049.pkl-15-1,sub049.pkl-15-1,sub049,,sub049.pkl,4,train,True
sub049.pkl-15-2,sub049.pkl-15-2,sub049,,sub049.pkl,4,train,True
sub049.pkl-16-0,sub049.pkl-16-0,sub049,,sub049.pkl,5,train,True
sub049.pkl-16-1,sub049.pkl-16-1,sub049,,sub049.pkl,5,train,True
sub049.pkl-16-2,sub049.pkl-16-2,sub049,,sub049.pkl,5,train,True
sub049.pkl-17-0,sub049.pkl-17-0,sub049,,sub049.pkl,5,train,True
sub049.pkl-17-1,sub049.pkl-17-1,sub049,,sub049.pkl,5,train,True
sub049.pkl-17-2,sub049.pkl-17-2,sub049,,sub049.pkl,5,train,True
sub049.pkl-18-0,sub049.pkl-18-0,sub049,,sub049.pkl,5,train,True
sub049.pkl-18-1,sub049.pkl-18-1,sub049,,sub049.pkl,5,train,True
sub049.pkl-18-2,sub049.pkl-18-2,sub049,,sub049.pkl,5,train,True
sub049.pkl-19-0,sub049.pkl-19-0,sub049,,sub049.pkl,6,train,True
sub049.pkl-19-1,sub049.pkl-19-1,sub049,,sub049.pkl,6,train,True
sub049.pkl-19-2,sub049.pkl-19-2,sub049,,sub049.pkl,6,train,True
sub049.pkl-20-0,sub049.pkl-20-0,sub049,,sub049.pkl,6,train,True
sub049.pkl-20-1,sub049.pkl-20-1,sub049,,sub049.pkl,6,train,True
sub049.pkl-20-2,sub049.pkl-20-2,sub049,,sub049.pkl,6,train,True
sub049.pkl-21-0,sub049.pkl-21-0,sub049,,sub049.pkl,6,train,True
sub049.pkl-21-1,sub049.pkl-21-1,sub049,,sub049.pkl,6,train,True
sub049.pkl-21-2,sub049.pkl-21-2,sub049,,sub049.pkl,6,train,True
sub049.pkl-22-0,sub049.pkl-22-0,sub049,,sub049.pkl,7,train,True
sub049.pkl-22-1,sub049.pkl-22-1,sub049,,sub049.pkl,7,train,True
sub049.pkl-22-2,sub049.pkl-22-2,sub049,,sub049.pkl,7,train,True
sub049.pkl-23-0,sub049.pkl-23-0,sub049,,sub049.pkl,7,train,True
sub049.pkl-23-1,sub049.pkl-23-1,sub049,,sub049.pkl,7,train,True
sub049.pkl-23-2,sub049.pkl-23-2,sub049,,sub049.pkl,7,train,True
sub049.pkl-24-0,sub049.pkl-24-0,sub049,,sub049.pkl,7,train,True
sub049.pkl-24-1,sub049.pkl-24-1,sub049,,sub049.pkl,7,train,True
sub049.pkl-24-2,sub049.pkl-24-2,sub049,,sub049.pkl,7,train,True
sub049.pkl-25-0,sub049.pkl-25-0,sub049,,sub049.pkl,8,train,True
sub049.pkl-25-1,sub049.pkl-25-1,sub049,,sub049.pkl,8,train,True
sub049.pkl-25-2,sub049.pkl-25-2,sub049,,sub049.pkl,8,train,True
sub049.pkl-26-0,sub049.pkl-26-0,sub049,,sub049.pkl,8,train,True
sub049.pkl-26-1,sub049.pkl-26-1,sub049,,sub049.pkl,8,train,True
sub049.pkl-26-2,sub049.pkl-26-2,sub049,,sub049.pkl,8,train,True
sub049.pkl-27-0,sub049.pkl-27-0,sub049,,sub049.pkl,8,train,True
sub049.pkl-27-1,sub049.pkl-27-1,sub049,,sub049.pkl,8,train,True
sub049.pkl-27-2,sub049.pkl-27-2,sub049,,sub049.pkl,8,train,True
sub050.pkl-0-0,sub050.pkl-0-0,sub050,,sub050.pkl,0,train,True
sub050.pkl-0-1,sub050.pkl-0-1,sub050,,sub050.pkl,0,train,True
sub050.pkl-0-2,sub050.pkl-0-2,sub050,,sub050.pkl,0,train,True
sub050.pkl-1-0,sub050.pkl-1-0,sub050,,sub050.pkl,0,train,True
sub050.pkl-1-1,sub050.pkl-1-1,sub050,,sub050.pkl,0,train,True
sub050.pkl-1-2,sub050.pkl-1-2,sub050,,sub050.pkl,0,train,True
sub050.pkl-2-0,sub050.pkl-2-0,sub050,,sub050.pkl,0,train,True
sub050.pkl-2-1,sub050.pkl-2-1,sub050,,sub050.pkl,0,train,True
sub050.pkl-2-2,sub050.pkl-2-2,sub050,,sub050.pkl,0,train,True
sub050.pkl-3-0,sub050.pkl-3-0,sub050,,sub050.pkl,1,train,True
sub050.pkl-3-1,sub050.pkl-3-1,sub050,,sub050.pkl,1,train,True
sub050.pkl-3-2,sub050.pkl-3-2,sub050,,sub050.pkl,1,train,True
sub050.pkl-4-0,sub050.pkl-4-0,sub050,,sub050.pkl,1,train,True
sub050.pkl-4-1,sub050.pkl-4-1,sub050,,sub050.pkl,1,train,True
sub050.pkl-4-2,sub050.pkl-4-2,sub050,,sub050.pkl,1,train,True
sub050.pkl-5-0,sub050.pkl-5-0,sub050,,sub050.pkl,1,train,True
sub050.pkl-5-1,sub050.pkl-5-1,sub050,,sub050.pkl,1,train,True
sub050.pkl-5-2,sub050.pkl-5-2,sub050,,sub050.pkl,1,train,True
sub050.pkl-6-0,sub050.pkl-6-0,sub050,,sub050.pkl,2,train,True
sub050.pkl-6-1,sub050.pkl-6-1,sub050,,sub050.pkl,2,train,True
sub050.pkl-6-2,sub050.pkl-6-2,sub050,,sub050.pkl,2,train,True
sub050.pkl-7-0,sub050.pkl-7-0,sub050,,sub050.pkl,2,train,True
sub050.pkl-7-1,sub050.pkl-7-1,sub050,,sub050.pkl,2,train,True
sub050.pkl-7-2,sub050.pkl-7-2,sub050,,sub050.pkl,2,train,True
sub050.pkl-8-0,sub050.pkl-8-0,sub050,,sub050.pkl,2,train,True
sub050.pkl-8-1,sub050.pkl-8-1,sub050,,sub050.pkl,2,train,True
sub050.pkl-8-2,sub050.pkl-8-2,sub050,,sub050.pkl,2,train,True
sub050.pkl-9-0,sub050.pkl-9-0,sub050,,sub050.pkl,3,train,True
sub050.pkl-9-1,sub050.pkl-9-1,sub050,,sub050.pkl,3,train,True
sub050.pkl-9-2,sub050.pkl-9-2,sub050,,sub050.pkl,3,train,True
sub050.pkl-10-0,sub050.pkl-10-0,sub050,,sub050.pkl,3,train,True
sub050.pkl-10-1,sub050.pkl-10-1,sub050,,sub050.pkl,3,train,True
sub050.pkl-10-2,sub050.pkl-10-2,sub050,,sub050.pkl,3,train,True
sub050.pkl-11-0,sub050.pkl-11-0,sub050,,sub050.pkl,3,train,True
sub050.pkl-11-1,sub050.pkl-11-1,sub050,,sub050.pkl,3,train,True
sub050.pkl-11-2,sub050.pkl-11-2,sub050,,sub050.pkl,3,train,True
sub050.pkl-12-0,sub050.pkl-12-0,sub050,,sub050.pkl,4,train,True
sub050.pkl-12-1,sub050.pkl-12-1,sub050,,sub050.pkl,4,train,True
sub050.pkl-12-2,sub050.pkl-12-2,sub050,,sub050.pkl,4,train,True
sub050.pkl-13-0,sub050.pkl-13-0,sub050,,sub050.pkl,4,train,True
sub050.pkl-13-1,sub050.pkl-13-1,sub050,,sub050.pkl,4,train,True
sub050.pkl-13-2,sub050.pkl-13-2,sub050,,sub050.pkl,4,train,True
sub050.pkl-14-0,sub050.pkl-14-0,sub050,,sub050.pkl,4,train,True
sub050.pkl-14-1,sub050.pkl-14-1,sub050,,sub050.pkl,4,train,True
sub050.pkl-14-2,sub050.pkl-14-2,sub050,,sub050.pkl,4,train,True
sub050.pkl-15-0,sub050.pkl-15-0,sub050,,sub050.pkl,4,train,True
sub050.pkl-15-1,sub050.pkl-15-1,sub050,,sub050.pkl,4,train,True
sub050.pkl-15-2,sub050.pkl-15-2,sub050,,sub050.pkl,4,train,True
sub050.pkl-16-0,sub050.pkl-16-0,sub050,,sub050.pkl,5,train,True
sub050.pkl-16-1,sub050.pkl-16-1,sub050,,sub050.pkl,5,train,True
sub050.pkl-16-2,sub050.pkl-16-2,sub050,,sub050.pkl,5,train,True
sub050.pkl-17-0,sub050.pkl-17-0,sub050,,sub050.pkl,5,train,True
sub050.pkl-17-1,sub050.pkl-17-1,sub050,,sub050.pkl,5,train,True
sub050.pkl-17-2,sub050.pkl-17-2,sub050,,sub050.pkl,5,train,True
sub050.pkl-18-0,sub050.pkl-18-0,sub050,,sub050.pkl,5,train,True
sub050.pkl-18-1,sub050.pkl-18-1,sub050,,sub050.pkl,5,train,True
sub050.pkl-18-2,sub050.pkl-18-2,sub050,,sub050.pkl,5,train,True
sub050.pkl-19-0,sub050.pkl-19-0,sub050,,sub050.pkl,6,train,True
sub050.pkl-19-1,sub050.pkl-19-1,sub050,,sub050.pkl,6,train,True
sub050.pkl-19-2,sub050.pkl-19-2,sub050,,sub050.pkl,6,train,True
sub050.pkl-20-0,sub050.pkl-20-0,sub050,,sub050.pkl,6,train,True
sub050.pkl-20-1,sub050.pkl-20-1,sub050,,sub050.pkl,6,train,True
sub050.pkl-20-2,sub050.pkl-20-2,sub050,,sub050.pkl,6,train,True
sub050.pkl-21-0,sub050.pkl-21-0,sub050,,sub050.pkl,6,train,True
sub050.pkl-21-1,sub050.pkl-21-1,sub050,,sub050.pkl,6,train,True
sub050.pkl-21-2,sub050.pkl-21-2,sub050,,sub050.pkl,6,train,True
sub050.pkl-22-0,sub050.pkl-22-0,sub050,,sub050.pkl,7,train,True
sub050.pkl-22-1,sub050.pkl-22-1,sub050,,sub050.pkl,7,train,True
sub050.pkl-22-2,sub050.pkl-22-2,sub050,,sub050.pkl,7,train,True
sub050.pkl-23-0,sub050.pkl-23-0,sub050,,sub050.pkl,7,train,True
sub050.pkl-23-1,sub050.pkl-23-1,sub050,,sub050.pkl,7,train,True
sub050.pkl-23-2,sub050.pkl-23-2,sub050,,sub050.pkl,7,train,True
sub050.pkl-24-0,sub050.pkl-24-0,sub050,,sub050.pkl,7,train,True
sub050.pkl-24-1,sub050.pkl-24-1,sub050,,sub050.pkl,7,train,True
sub050.pkl-24-2,sub050.pkl-24-2,sub050,,sub050.pkl,7,train,True
sub050.pkl-25-0,sub050.pkl-25-0,sub050,,sub050.pkl,8,train,True
sub050.pkl-25-1,sub050.pkl-25-1,sub050,,sub050.pkl,8,train,True
sub050.pkl-25-2,sub050.pkl-25-2,sub050,,sub050.pkl,8,train,True
sub050.pkl-26-0,sub050.pkl-26-0,sub050,,sub050.pkl,8,train,True
sub050.pkl-26-1,sub050.pkl-26-1,sub050,,sub050.pkl,8,train,True
sub050.pkl-26-2,sub050.pkl-26-2,sub050,,sub050.pkl,8,train,True
sub050.pkl-27-0,sub050.pkl-27-0,sub050,,sub050.pkl,8,train,True
sub050.pkl-27-1,sub050.pkl-27-1,sub050,,sub050.pkl,8,train,True
sub050.pkl-27-2,sub050.pkl-27-2,sub050,,sub050.pkl,8,train,True
sub051.pkl-0-0,sub051.pkl-0-0,sub051,,sub051.pkl,0,train,True
sub051.pkl-0-1,sub051.pkl-0-1,sub051,,sub051.pkl,0,train,True
sub051.pkl-0-2,sub051.pkl-0-2,sub051,,sub051.pkl,0,train,True
sub051.pkl-1-0,sub051.pkl-1-0,sub051,,sub051.pkl,0,train,True
sub051.pkl-1-1,sub051.pkl-1-1,sub051,,sub051.pkl,0,train,True
sub051.pkl-1-2,sub051.pkl-1-2,sub051,,sub051.pkl,0,train,True
sub051.pkl-2-0,sub051.pkl-2-0,sub051,,sub051.pkl,0,train,True
sub051.pkl-2-1,sub051.pkl-2-1,sub051,,sub051.pkl,0,train,True
sub051.pkl-2-2,sub051.pkl-2-2,sub051,,sub051.pkl,0,train,True
sub051.pkl-3-0,sub051.pkl-3-0,sub051,,sub051.pkl,1,train,True
sub051.pkl-3-1,sub051.pkl-3-1,sub051,,sub051.pkl,1,train,True
sub051.pkl-3-2,sub051.pkl-3-2,sub051,,sub051.pkl,1,train,True
sub051.pkl-4-0,sub051.pkl-4-0,sub051,,sub051.pkl,1,train,True
sub051.pkl-4-1,sub051.pkl-4-1,sub051,,sub051.pkl,1,train,True
sub051.pkl-4-2,sub051.pkl-4-2,sub051,,sub051.pkl,1,train,True
sub051.pkl-5-0,sub051.pkl-5-0,sub051,,sub051.pkl,1,train,True
sub051.pkl-5-1,sub051.pkl-5-1,sub051,,sub051.pkl,1,train,True
sub051.pkl-5-2,sub051.pkl-5-2,sub051,,sub051.pkl,1,train,True
sub051.pkl-6-0,sub051.pkl-6-0,sub051,,sub051.pkl,2,train,True
sub051.pkl-6-1,sub051.pkl-6-1,sub051,,sub051.pkl,2,train,True
sub051.pkl-6-2,sub051.pkl-6-2,sub051,,sub051.pkl,2,train,True
sub051.pkl-7-0,sub051.pkl-7-0,sub051,,sub051.pkl,2,train,True
sub051.pkl-7-1,sub051.pkl-7-1,sub051,,sub051.pkl,2,train,True
sub051.pkl-7-2,sub051.pkl-7-2,sub051,,sub051.pkl,2,train,True
sub051.pkl-8-0,sub051.pkl-8-0,sub051,,sub051.pkl,2,train,True
sub051.pkl-8-1,sub051.pkl-8-1,sub051,,sub051.pkl,2,train,True
sub051.pkl-8-2,sub051.pkl-8-2,sub051,,sub051.pkl,2,train,True
sub051.pkl-9-0,sub051.pkl-9-0,sub051,,sub051.pkl,3,train,True
sub051.pkl-9-1,sub051.pkl-9-1,sub051,,sub051.pkl,3,train,True
sub051.pkl-9-2,sub051.pkl-9-2,sub051,,sub051.pkl,3,train,True
sub051.pkl-10-0,sub051.pkl-10-0,sub051,,sub051.pkl,3,train,True
sub051.pkl-10-1,sub051.pkl-10-1,sub051,,sub051.pkl,3,train,True
sub051.pkl-10-2,sub051.pkl-10-2,sub051,,sub051.pkl,3,train,True
sub051.pkl-11-0,sub051.pkl-11-0,sub051,,sub051.pkl,3,train,True
sub051.pkl-11-1,sub051.pkl-11-1,sub051,,sub051.pkl,3,train,True
sub051.pkl-11-2,sub051.pkl-11-2,sub051,,sub051.pkl,3,train,True
sub051.pkl-12-0,sub051.pkl-12-0,sub051,,sub051.pkl,4,train,True
sub051.pkl-12-1,sub051.pkl-12-1,sub051,,sub051.pkl,4,train,True
sub051.pkl-12-2,sub051.pkl-12-2,sub051,,sub051.pkl,4,train,True
sub051.pkl-13-0,sub051.pkl-13-0,sub051,,sub051.pkl,4,train,True
sub051.pkl-13-1,sub051.pkl-13-1,sub051,,sub051.pkl,4,train,True
sub051.pkl-13-2,sub051.pkl-13-2,sub051,,sub051.pkl,4,train,True
sub051.pkl-14-0,sub051.pkl-14-0,sub051,,sub051.pkl,4,train,True
sub051.pkl-14-1,sub051.pkl-14-1,sub051,,sub051.pkl,4,train,True
sub051.pkl-14-2,sub051.pkl-14-2,sub051,,sub051.pkl,4,train,True
sub051.pkl-15-0,sub051.pkl-15-0,sub051,,sub051.pkl,4,train,True
sub051.pkl-15-1,sub051.pkl-15-1,sub051,,sub051.pkl,4,train,True
sub051.pkl-15-2,sub051.pkl-15-2,sub051,,sub051.pkl,4,train,True
sub051.pkl-16-0,sub051.pkl-16-0,sub051,,sub051.pkl,5,train,True
sub051.pkl-16-1,sub051.pkl-16-1,sub051,,sub051.pkl,5,train,True
sub051.pkl-16-2,sub051.pkl-16-2,sub051,,sub051.pkl,5,train,True
sub051.pkl-17-0,sub051.pkl-17-0,sub051,,sub051.pkl,5,train,True
sub051.pkl-17-1,sub051.pkl-17-1,sub051,,sub051.pkl,5,train,True
sub051.pkl-17-2,sub051.pkl-17-2,sub051,,sub051.pkl,5,train,True
sub051.pkl-18-0,sub051.pkl-18-0,sub051,,sub051.pkl,5,train,True
sub051.pkl-18-1,sub051.pkl-18-1,sub051,,sub051.pkl,5,train,True
sub051.pkl-18-2,sub051.pkl-18-2,sub051,,sub051.pkl,5,train,True
sub051.pkl-19-0,sub051.pkl-19-0,sub051,,sub051.pkl,6,train,True
sub051.pkl-19-1,sub051.pkl-19-1,sub051,,sub051.pkl,6,train,True
sub051.pkl-19-2,sub051.pkl-19-2,sub051,,sub051.pkl,6,train,True
sub051.pkl-20-0,sub051.pkl-20-0,sub051,,sub051.pkl,6,train,True
sub051.pkl-20-1,sub051.pkl-20-1,sub051,,sub051.pkl,6,train,True
sub051.pkl-20-2,sub051.pkl-20-2,sub051,,sub051.pkl,6,train,True
sub051.pkl-21-0,sub051.pkl-21-0,sub051,,sub051.pkl,6,train,True
sub051.pkl-21-1,sub051.pkl-21-1,sub051,,sub051.pkl,6,train,True
sub051.pkl-21-2,sub051.pkl-21-2,sub051,,sub051.pkl,6,train,True
sub051.pkl-22-0,sub051.pkl-22-0,sub051,,sub051.pkl,7,train,True
sub051.pkl-22-1,sub051.pkl-22-1,sub051,,sub051.pkl,7,train,True
sub051.pkl-22-2,sub051.pkl-22-2,sub051,,sub051.pkl,7,train,True
sub051.pkl-23-0,sub051.pkl-23-0,sub051,,sub051.pkl,7,train,True
sub051.pkl-23-1,sub051.pkl-23-1,sub051,,sub051.pkl,7,train,True
sub051.pkl-23-2,sub051.pkl-23-2,sub051,,sub051.pkl,7,train,True
sub051.pkl-24-0,sub051.pkl-24-0,sub051,,sub051.pkl,7,train,True
sub051.pkl-24-1,sub051.pkl-24-1,sub051,,sub051.pkl,7,train,True
sub051.pkl-24-2,sub051.pkl-24-2,sub051,,sub051.pkl,7,train,True
sub051.pkl-25-0,sub051.pkl-25-0,sub051,,sub051.pkl,8,train,True
sub051.pkl-25-1,sub051.pkl-25-1,sub051,,sub051.pkl,8,train,True
sub051.pkl-25-2,sub051.pkl-25-2,sub051,,sub051.pkl,8,train,True
sub051.pkl-26-0,sub051.pkl-26-0,sub051,,sub051.pkl,8,train,True
sub051.pkl-26-1,sub051.pkl-26-1,sub051,,sub051.pkl,8,train,True
sub051.pkl-26-2,sub051.pkl-26-2,sub051,,sub051.pkl,8,train,True
sub051.pkl-27-0,sub051.pkl-27-0,sub051,,sub051.pkl,8,train,True
sub051.pkl-27-1,sub051.pkl-27-1,sub051,,sub051.pkl,8,train,True
sub051.pkl-27-2,sub051.pkl-27-2,sub051,,sub051.pkl,8,train,True
sub052.pkl-0-0,sub052.pkl-0-0,sub052,,sub052.pkl,0,train,True
sub052.pkl-0-1,sub052.pkl-0-1,sub052,,sub052.pkl,0,train,True
sub052.pkl-0-2,sub052.pkl-0-2,sub052,,sub052.pkl,0,train,True
sub052.pkl-1-0,sub052.pkl-1-0,sub052,,sub052.pkl,0,train,True
sub052.pkl-1-1,sub052.pkl-1-1,sub052,,sub052.pkl,0,train,True
sub052.pkl-1-2,sub052.pkl-1-2,sub052,,sub052.pkl,0,train,True
sub052.pkl-2-0,sub052.pkl-2-0,sub052,,sub052.pkl,0,train,True
sub052.pkl-2-1,sub052.pkl-2-1,sub052,,sub052.pkl,0,train,True
sub052.pkl-2-2,sub052.pkl-2-2,sub052,,sub052.pkl,0,train,True
sub052.pkl-3-0,sub052.pkl-3-0,sub052,,sub052.pkl,1,train,True
sub052.pkl-3-1,sub052.pkl-3-1,sub052,,sub052.pkl,1,train,True
sub052.pkl-3-2,sub052.pkl-3-2,sub052,,sub052.pkl,1,train,True
sub052.pkl-4-0,sub052.pkl-4-0,sub052,,sub052.pkl,1,train,True
sub052.pkl-4-1,sub052.pkl-4-1,sub052,,sub052.pkl,1,train,True
sub052.pkl-4-2,sub052.pkl-4-2,sub052,,sub052.pkl,1,train,True
sub052.pkl-5-0,sub052.pkl-5-0,sub052,,sub052.pkl,1,train,True
sub052.pkl-5-1,sub052.pkl-5-1,sub052,,sub052.pkl,1,train,True
sub052.pkl-5-2,sub052.pkl-5-2,sub052,,sub052.pkl,1,train,True
sub052.pkl-6-0,sub052.pkl-6-0,sub052,,sub052.pkl,2,train,True
sub052.pkl-6-1,sub052.pkl-6-1,sub052,,sub052.pkl,2,train,True
sub052.pkl-6-2,sub052.pkl-6-2,sub052,,sub052.pkl,2,train,True
sub052.pkl-7-0,sub052.pkl-7-0,sub052,,sub052.pkl,2,train,True
sub052.pkl-7-1,sub052.pkl-7-1,sub052,,sub052.pkl,2,train,True
sub052.pkl-7-2,sub052.pkl-7-2,sub052,,sub052.pkl,2,train,True
sub052.pkl-8-0,sub052.pkl-8-0,sub052,,sub052.pkl,2,train,True
sub052.pkl-8-1,sub052.pkl-8-1,sub052,,sub052.pkl,2,train,True
sub052.pkl-8-2,sub052.pkl-8-2,sub052,,sub052.pkl,2,train,True
sub052.pkl-9-0,sub052.pkl-9-0,sub052,,sub052.pkl,3,train,True
sub052.pkl-9-1,sub052.pkl-9-1,sub052,,sub052.pkl,3,train,True
sub052.pkl-9-2,sub052.pkl-9-2,sub052,,sub052.pkl,3,train,True
sub052.pkl-10-0,sub052.pkl-10-0,sub052,,sub052.pkl,3,train,True
sub052.pkl-10-1,sub052.pkl-10-1,sub052,,sub052.pkl,3,train,True
sub052.pkl-10-2,sub052.pkl-10-2,sub052,,sub052.pkl,3,train,True
sub052.pkl-11-0,sub052.pkl-11-0,sub052,,sub052.pkl,3,train,True
sub052.pkl-11-1,sub052.pkl-11-1,sub052,,sub052.pkl,3,train,True
sub052.pkl-11-2,sub052.pkl-11-2,sub052,,sub052.pkl,3,train,True
sub052.pkl-12-0,sub052.pkl-12-0,sub052,,sub052.pkl,4,train,True
sub052.pkl-12-1,sub052.pkl-12-1,sub052,,sub052.pkl,4,train,True
sub052.pkl-12-2,sub052.pkl-12-2,sub052,,sub052.pkl,4,train,True
sub052.pkl-13-0,sub052.pkl-13-0,sub052,,sub052.pkl,4,train,True
sub052.pkl-13-1,sub052.pkl-13-1,sub052,,sub052.pkl,4,train,True
sub052.pkl-13-2,sub052.pkl-13-2,sub052,,sub052.pkl,4,train,True
sub052.pkl-14-0,sub052.pkl-14-0,sub052,,sub052.pkl,4,train,True
sub052.pkl-14-1,sub052.pkl-14-1,sub052,,sub052.pkl,4,train,True
sub052.pkl-14-2,sub052.pkl-14-2,sub052,,sub052.pkl,4,train,True
sub052.pkl-15-0,sub052.pkl-15-0,sub052,,sub052.pkl,4,train,True
sub052.pkl-15-1,sub052.pkl-15-1,sub052,,sub052.pkl,4,train,True
sub052.pkl-15-2,sub052.pkl-15-2,sub052,,sub052.pkl,4,train,True
sub052.pkl-16-0,sub052.pkl-16-0,sub052,,sub052.pkl,5,train,True
sub052.pkl-16-1,sub052.pkl-16-1,sub052,,sub052.pkl,5,train,True
sub052.pkl-16-2,sub052.pkl-16-2,sub052,,sub052.pkl,5,train,True
sub052.pkl-17-0,sub052.pkl-17-0,sub052,,sub052.pkl,5,train,True
sub052.pkl-17-1,sub052.pkl-17-1,sub052,,sub052.pkl,5,train,True
sub052.pkl-17-2,sub052.pkl-17-2,sub052,,sub052.pkl,5,train,True
sub052.pkl-18-0,sub052.pkl-18-0,sub052,,sub052.pkl,5,train,True
sub052.pkl-18-1,sub052.pkl-18-1,sub052,,sub052.pkl,5,train,True
sub052.pkl-18-2,sub052.pkl-18-2,sub052,,sub052.pkl,5,train,True
sub052.pkl-19-0,sub052.pkl-19-0,sub052,,sub052.pkl,6,train,True
sub052.pkl-19-1,sub052.pkl-19-1,sub052,,sub052.pkl,6,train,True
sub052.pkl-19-2,sub052.pkl-19-2,sub052,,sub052.pkl,6,train,True
sub052.pkl-20-0,sub052.pkl-20-0,sub052,,sub052.pkl,6,train,True
sub052.pkl-20-1,sub052.pkl-20-1,sub052,,sub052.pkl,6,train,True
sub052.pkl-20-2,sub052.pkl-20-2,sub052,,sub052.pkl,6,train,True
sub052.pkl-21-0,sub052.pkl-21-0,sub052,,sub052.pkl,6,train,True
sub052.pkl-21-1,sub052.pkl-21-1,sub052,,sub052.pkl,6,train,True
sub052.pkl-21-2,sub052.pkl-21-2,sub052,,sub052.pkl,6,train,True
sub052.pkl-22-0,sub052.pkl-22-0,sub052,,sub052.pkl,7,train,True
sub052.pkl-22-1,sub052.pkl-22-1,sub052,,sub052.pkl,7,train,True
sub052.pkl-22-2,sub052.pkl-22-2,sub052,,sub052.pkl,7,train,True
sub052.pkl-23-0,sub052.pkl-23-0,sub052,,sub052.pkl,7,train,True
sub052.pkl-23-1,sub052.pkl-23-1,sub052,,sub052.pkl,7,train,True
sub052.pkl-23-2,sub052.pkl-23-2,sub052,,sub052.pkl,7,train,True
sub052.pkl-24-0,sub052.pkl-24-0,sub052,,sub052.pkl,7,train,True
sub052.pkl-24-1,sub052.pkl-24-1,sub052,,sub052.pkl,7,train,True
sub052.pkl-24-2,sub052.pkl-24-2,sub052,,sub052.pkl,7,train,True
sub052.pkl-25-0,sub052.pkl-25-0,sub052,,sub052.pkl,8,train,True
sub052.pkl-25-1,sub052.pkl-25-1,sub052,,sub052.pkl,8,train,True
sub052.pkl-25-2,sub052.pkl-25-2,sub052,,sub052.pkl,8,train,True
sub052.pkl-26-0,sub052.pkl-26-0,sub052,,sub052.pkl,8,train,True
sub052.pkl-26-1,sub052.pkl-26-1,sub052,,sub052.pkl,8,train,True
sub052.pkl-26-2,sub052.pkl-26-2,sub052,,sub052.pkl,8,train,True
sub052.pkl-27-0,sub052.pkl-27-0,sub052,,sub052.pkl,8,train,True
sub052.pkl-27-1,sub052.pkl-27-1,sub052,,sub052.pkl,8,train,True
sub052.pkl-27-2,sub052.pkl-27-2,sub052,,sub052.pkl,8,train,True
sub053.pkl-0-0,sub053.pkl-0-0,sub053,,sub053.pkl,0,train,True
sub053.pkl-0-1,sub053.pkl-0-1,sub053,,sub053.pkl,0,train,True
sub053.pkl-0-2,sub053.pkl-0-2,sub053,,sub053.pkl,0,train,True
sub053.pkl-1-0,sub053.pkl-1-0,sub053,,sub053.pkl,0,train,True
sub053.pkl-1-1,sub053.pkl-1-1,sub053,,sub053.pkl,0,train,True
sub053.pkl-1-2,sub053.pkl-1-2,sub053,,sub053.pkl,0,train,True
sub053.pkl-2-0,sub053.pkl-2-0,sub053,,sub053.pkl,0,train,True
sub053.pkl-2-1,sub053.pkl-2-1,sub053,,sub053.pkl,0,train,True
sub053.pkl-2-2,sub053.pkl-2-2,sub053,,sub053.pkl,0,train,True
sub053.pkl-3-0,sub053.pkl-3-0,sub053,,sub053.pkl,1,train,True
sub053.pkl-3-1,sub053.pkl-3-1,sub053,,sub053.pkl,1,train,True
sub053.pkl-3-2,sub053.pkl-3-2,sub053,,sub053.pkl,1,train,True
sub053.pkl-4-0,sub053.pkl-4-0,sub053,,sub053.pkl,1,train,True
sub053.pkl-4-1,sub053.pkl-4-1,sub053,,sub053.pkl,1,train,True
sub053.pkl-4-2,sub053.pkl-4-2,sub053,,sub053.pkl,1,train,True
sub053.pkl-5-0,sub053.pkl-5-0,sub053,,sub053.pkl,1,train,True
sub053.pkl-5-1,sub053.pkl-5-1,sub053,,sub053.pkl,1,train,True
sub053.pkl-5-2,sub053.pkl-5-2,sub053,,sub053.pkl,1,train,True
sub053.pkl-6-0,sub053.pkl-6-0,sub053,,sub053.pkl,2,train,True
sub053.pkl-6-1,sub053.pkl-6-1,sub053,,sub053.pkl,2,train,True
sub053.pkl-6-2,sub053.pkl-6-2,sub053,,sub053.pkl,2,train,True
sub053.pkl-7-0,sub053.pkl-7-0,sub053,,sub053.pkl,2,train,True
sub053.pkl-7-1,sub053.pkl-7-1,sub053,,sub053.pkl,2,train,True
sub053.pkl-7-2,sub053.pkl-7-2,sub053,,sub053.pkl,2,train,True
sub053.pkl-8-0,sub053.pkl-8-0,sub053,,sub053.pkl,2,train,True
sub053.pkl-8-1,sub053.pkl-8-1,sub053,,sub053.pkl,2,train,True
sub053.pkl-8-2,sub053.pkl-8-2,sub053,,sub053.pkl,2,train,True
sub053.pkl-9-0,sub053.pkl-9-0,sub053,,sub053.pkl,3,train,True
sub053.pkl-9-1,sub053.pkl-9-1,sub053,,sub053.pkl,3,train,True
sub053.pkl-9-2,sub053.pkl-9-2,sub053,,sub053.pkl,3,train,True
sub053.pkl-10-0,sub053.pkl-10-0,sub053,,sub053.pkl,3,train,True
sub053.pkl-10-1,sub053.pkl-10-1,sub053,,sub053.pkl,3,train,True
sub053.pkl-10-2,sub053.pkl-10-2,sub053,,sub053.pkl,3,train,True
sub053.pkl-11-0,sub053.pkl-11-0,sub053,,sub053.pkl,3,train,True
sub053.pkl-11-1,sub053.pkl-11-1,sub053,,sub053.pkl,3,train,True
sub053.pkl-11-2,sub053.pkl-11-2,sub053,,sub053.pkl,3,train,True
sub053.pkl-12-0,sub053.pkl-12-0,sub053,,sub053.pkl,4,train,True
sub053.pkl-12-1,sub053.pkl-12-1,sub053,,sub053.pkl,4,train,True
sub053.pkl-12-2,sub053.pkl-12-2,sub053,,sub053.pkl,4,train,True
sub053.pkl-13-0,sub053.pkl-13-0,sub053,,sub053.pkl,4,train,True
sub053.pkl-13-1,sub053.pkl-13-1,sub053,,sub053.pkl,4,train,True
sub053.pkl-13-2,sub053.pkl-13-2,sub053,,sub053.pkl,4,train,True
sub053.pkl-14-0,sub053.pkl-14-0,sub053,,sub053.pkl,4,train,True
sub053.pkl-14-1,sub053.pkl-14-1,sub053,,sub053.pkl,4,train,True
sub053.pkl-14-2,sub053.pkl-14-2,sub053,,sub053.pkl,4,train,True
sub053.pkl-15-0,sub053.pkl-15-0,sub053,,sub053.pkl,4,train,True
sub053.pkl-15-1,sub053.pkl-15-1,sub053,,sub053.pkl,4,train,True
sub053.pkl-15-2,sub053.pkl-15-2,sub053,,sub053.pkl,4,train,True
sub053.pkl-16-0,sub053.pkl-16-0,sub053,,sub053.pkl,5,train,True
sub053.pkl-16-1,sub053.pkl-16-1,sub053,,sub053.pkl,5,train,True
sub053.pkl-16-2,sub053.pkl-16-2,sub053,,sub053.pkl,5,train,True
sub053.pkl-17-0,sub053.pkl-17-0,sub053,,sub053.pkl,5,train,True
sub053.pkl-17-1,sub053.pkl-17-1,sub053,,sub053.pkl,5,train,True
sub053.pkl-17-2,sub053.pkl-17-2,sub053,,sub053.pkl,5,train,True
sub053.pkl-18-0,sub053.pkl-18-0,sub053,,sub053.pkl,5,train,True
sub053.pkl-18-1,sub053.pkl-18-1,sub053,,sub053.pkl,5,train,True
sub053.pkl-18-2,sub053.pkl-18-2,sub053,,sub053.pkl,5,train,True
sub053.pkl-19-0,sub053.pkl-19-0,sub053,,sub053.pkl,6,train,True
sub053.pkl-19-1,sub053.pkl-19-1,sub053,,sub053.pkl,6,train,True
sub053.pkl-19-2,sub053.pkl-19-2,sub053,,sub053.pkl,6,train,True
sub053.pkl-20-0,sub053.pkl-20-0,sub053,,sub053.pkl,6,train,True
sub053.pkl-20-1,sub053.pkl-20-1,sub053,,sub053.pkl,6,train,True
sub053.pkl-20-2,sub053.pkl-20-2,sub053,,sub053.pkl,6,train,True
sub053.pkl-21-0,sub053.pkl-21-0,sub053,,sub053.pkl,6,train,True
sub053.pkl-21-1,sub053.pkl-21-1,sub053,,sub053.pkl,6,train,True
sub053.pkl-21-2,sub053.pkl-21-2,sub053,,sub053.pkl,6,train,True
sub053.pkl-22-0,sub053.pkl-22-0,sub053,,sub053.pkl,7,train,True
sub053.pkl-22-1,sub053.pkl-22-1,sub053,,sub053.pkl,7,train,True
sub053.pkl-22-2,sub053.pkl-22-2,sub053,,sub053.pkl,7,train,True
sub053.pkl-23-0,sub053.pkl-23-0,sub053,,sub053.pkl,7,train,True
sub053.pkl-23-1,sub053.pkl-23-1,sub053,,sub053.pkl,7,train,True
sub053.pkl-23-2,sub053.pkl-23-2,sub053,,sub053.pkl,7,train,True
sub053.pkl-24-0,sub053.pkl-24-0,sub053,,sub053.pkl,7,train,True
sub053.pkl-24-1,sub053.pkl-24-1,sub053,,sub053.pkl,7,train,True
sub053.pkl-24-2,sub053.pkl-24-2,sub053,,sub053.pkl,7,train,True
sub053.pkl-25-0,sub053.pkl-25-0,sub053,,sub053.pkl,8,train,True
sub053.pkl-25-1,sub053.pkl-25-1,sub053,,sub053.pkl,8,train,True
sub053.pkl-25-2,sub053.pkl-25-2,sub053,,sub053.pkl,8,train,True
sub053.pkl-26-0,sub053.pkl-26-0,sub053,,sub053.pkl,8,train,True
sub053.pkl-26-1,sub053.pkl-26-1,sub053,,sub053.pkl,8,train,True
sub053.pkl-26-2,sub053.pkl-26-2,sub053,,sub053.pkl,8,train,True
sub053.pkl-27-0,sub053.pkl-27-0,sub053,,sub053.pkl,8,train,True
sub053.pkl-27-1,sub053.pkl-27-1,sub053,,sub053.pkl,8,train,True
sub053.pkl-27-2,sub053.pkl-27-2,sub053,,sub053.pkl,8,train,True
sub054.pkl-0-0,sub054.pkl-0-0,sub054,,sub054.pkl,0,train,True
sub054.pkl-0-1,sub054.pkl-0-1,sub054,,sub054.pkl,0,train,True
sub054.pkl-0-2,sub054.pkl-0-2,sub054,,sub054.pkl,0,train,True
sub054.pkl-1-0,sub054.pkl-1-0,sub054,,sub054.pkl,0,train,True
sub054.pkl-1-1,sub054.pkl-1-1,sub054,,sub054.pkl,0,train,True
sub054.pkl-1-2,sub054.pkl-1-2,sub054,,sub054.pkl,0,train,True
sub054.pkl-2-0,sub054.pkl-2-0,sub054,,sub054.pkl,0,train,True
sub054.pkl-2-1,sub054.pkl-2-1,sub054,,sub054.pkl,0,train,True
sub054.pkl-2-2,sub054.pkl-2-2,sub054,,sub054.pkl,0,train,True
sub054.pkl-3-0,sub054.pkl-3-0,sub054,,sub054.pkl,1,train,True
sub054.pkl-3-1,sub054.pkl-3-1,sub054,,sub054.pkl,1,train,True
sub054.pkl-3-2,sub054.pkl-3-2,sub054,,sub054.pkl,1,train,True
sub054.pkl-4-0,sub054.pkl-4-0,sub054,,sub054.pkl,1,train,True
sub054.pkl-4-1,sub054.pkl-4-1,sub054,,sub054.pkl,1,train,True
sub054.pkl-4-2,sub054.pkl-4-2,sub054,,sub054.pkl,1,train,True
sub054.pkl-5-0,sub054.pkl-5-0,sub054,,sub054.pkl,1,train,True
sub054.pkl-5-1,sub054.pkl-5-1,sub054,,sub054.pkl,1,train,True
sub054.pkl-5-2,sub054.pkl-5-2,sub054,,sub054.pkl,1,train,True
sub054.pkl-6-0,sub054.pkl-6-0,sub054,,sub054.pkl,2,train,True
sub054.pkl-6-1,sub054.pkl-6-1,sub054,,sub054.pkl,2,train,True
sub054.pkl-6-2,sub054.pkl-6-2,sub054,,sub054.pkl,2,train,True
sub054.pkl-7-0,sub054.pkl-7-0,sub054,,sub054.pkl,2,train,True
sub054.pkl-7-1,sub054.pkl-7-1,sub054,,sub054.pkl,2,train,True
sub054.pkl-7-2,sub054.pkl-7-2,sub054,,sub054.pkl,2,train,True
sub054.pkl-8-0,sub054.pkl-8-0,sub054,,sub054.pkl,2,train,True
sub054.pkl-8-1,sub054.pkl-8-1,sub054,,sub054.pkl,2,train,True
sub054.pkl-8-2,sub054.pkl-8-2,sub054,,sub054.pkl,2,train,True
sub054.pkl-9-0,sub054.pkl-9-0,sub054,,sub054.pkl,3,train,True
sub054.pkl-9-1,sub054.pkl-9-1,sub054,,sub054.pkl,3,train,True
sub054.pkl-9-2,sub054.pkl-9-2,sub054,,sub054.pkl,3,train,True
sub054.pkl-10-0,sub054.pkl-10-0,sub054,,sub054.pkl,3,train,True
sub054.pkl-10-1,sub054.pkl-10-1,sub054,,sub054.pkl,3,train,True
sub054.pkl-10-2,sub054.pkl-10-2,sub054,,sub054.pkl,3,train,True
sub054.pkl-11-0,sub054.pkl-11-0,sub054,,sub054.pkl,3,train,True
sub054.pkl-11-1,sub054.pkl-11-1,sub054,,sub054.pkl,3,train,True
sub054.pkl-11-2,sub054.pkl-11-2,sub054,,sub054.pkl,3,train,True
sub054.pkl-12-0,sub054.pkl-12-0,sub054,,sub054.pkl,4,train,True
sub054.pkl-12-1,sub054.pkl-12-1,sub054,,sub054.pkl,4,train,True
sub054.pkl-12-2,sub054.pkl-12-2,sub054,,sub054.pkl,4,train,True
sub054.pkl-13-0,sub054.pkl-13-0,sub054,,sub054.pkl,4,train,True
sub054.pkl-13-1,sub054.pkl-13-1,sub054,,sub054.pkl,4,train,True
sub054.pkl-13-2,sub054.pkl-13-2,sub054,,sub054.pkl,4,train,True
sub054.pkl-14-0,sub054.pkl-14-0,sub054,,sub054.pkl,4,train,True
sub054.pkl-14-1,sub054.pkl-14-1,sub054,,sub054.pkl,4,train,True
sub054.pkl-14-2,sub054.pkl-14-2,sub054,,sub054.pkl,4,train,True
sub054.pkl-15-0,sub054.pkl-15-0,sub054,,sub054.pkl,4,train,True
sub054.pkl-15-1,sub054.pkl-15-1,sub054,,sub054.pkl,4,train,True
sub054.pkl-15-2,sub054.pkl-15-2,sub054,,sub054.pkl,4,train,True
sub054.pkl-16-0,sub054.pkl-16-0,sub054,,sub054.pkl,5,train,True
sub054.pkl-16-1,sub054.pkl-16-1,sub054,,sub054.pkl,5,train,True
sub054.pkl-16-2,sub054.pkl-16-2,sub054,,sub054.pkl,5,train,True
sub054.pkl-17-0,sub054.pkl-17-0,sub054,,sub054.pkl,5,train,True
sub054.pkl-17-1,sub054.pkl-17-1,sub054,,sub054.pkl,5,train,True
sub054.pkl-17-2,sub054.pkl-17-2,sub054,,sub054.pkl,5,train,True
sub054.pkl-18-0,sub054.pkl-18-0,sub054,,sub054.pkl,5,train,True
sub054.pkl-18-1,sub054.pkl-18-1,sub054,,sub054.pkl,5,train,True
sub054.pkl-18-2,sub054.pkl-18-2,sub054,,sub054.pkl,5,train,True
sub054.pkl-19-0,sub054.pkl-19-0,sub054,,sub054.pkl,6,train,True
sub054.pkl-19-1,sub054.pkl-19-1,sub054,,sub054.pkl,6,train,True
sub054.pkl-19-2,sub054.pkl-19-2,sub054,,sub054.pkl,6,train,True
sub054.pkl-20-0,sub054.pkl-20-0,sub054,,sub054.pkl,6,train,True
sub054.pkl-20-1,sub054.pkl-20-1,sub054,,sub054.pkl,6,train,True
sub054.pkl-20-2,sub054.pkl-20-2,sub054,,sub054.pkl,6,train,True
sub054.pkl-21-0,sub054.pkl-21-0,sub054,,sub054.pkl,6,train,True
sub054.pkl-21-1,sub054.pkl-21-1,sub054,,sub054.pkl,6,train,True
sub054.pkl-21-2,sub054.pkl-21-2,sub054,,sub054.pkl,6,train,True
sub054.pkl-22-0,sub054.pkl-22-0,sub054,,sub054.pkl,7,train,True
sub054.pkl-22-1,sub054.pkl-22-1,sub054,,sub054.pkl,7,train,True
sub054.pkl-22-2,sub054.pkl-22-2,sub054,,sub054.pkl,7,train,True
sub054.pkl-23-0,sub054.pkl-23-0,sub054,,sub054.pkl,7,train,True
sub054.pkl-23-1,sub054.pkl-23-1,sub054,,sub054.pkl,7,train,True
sub054.pkl-23-2,sub054.pkl-23-2,sub054,,sub054.pkl,7,train,True
sub054.pkl-24-0,sub054.pkl-24-0,sub054,,sub054.pkl,7,train,True
sub054.pkl-24-1,sub054.pkl-24-1,sub054,,sub054.pkl,7,train,True
sub054.pkl-24-2,sub054.pkl-24-2,sub054,,sub054.pkl,7,train,True
sub054.pkl-25-0,sub054.pkl-25-0,sub054,,sub054.pkl,8,train,True
sub054.pkl-25-1,sub054.pkl-25-1,sub054,,sub054.pkl,8,train,True
sub054.pkl-25-2,sub054.pkl-25-2,sub054,,sub054.pkl,8,train,True
sub054.pkl-26-0,sub054.pkl-26-0,sub054,,sub054.pkl,8,train,True
sub054.pkl-26-1,sub054.pkl-26-1,sub054,,sub054.pkl,8,train,True
sub054.pkl-26-2,sub054.pkl-26-2,sub054,,sub054.pkl,8,train,True
sub054.pkl-27-0,sub054.pkl-27-0,sub054,,sub054.pkl,8,train,True
sub054.pkl-27-1,sub054.pkl-27-1,sub054,,sub054.pkl,8,train,True
sub054.pkl-27-2,sub054.pkl-27-2,sub054,,sub054.pkl,8,train,True
sub055.pkl-0-0,sub055.pkl-0-0,sub055,,sub055.pkl,0,train,True
sub055.pkl-0-1,sub055.pkl-0-1,sub055,,sub055.pkl,0,train,True
sub055.pkl-0-2,sub055.pkl-0-2,sub055,,sub055.pkl,0,train,True
sub055.pkl-1-0,sub055.pkl-1-0,sub055,,sub055.pkl,0,train,True
sub055.pkl-1-1,sub055.pkl-1-1,sub055,,sub055.pkl,0,train,True
sub055.pkl-1-2,sub055.pkl-1-2,sub055,,sub055.pkl,0,train,True
sub055.pkl-2-0,sub055.pkl-2-0,sub055,,sub055.pkl,0,train,True
sub055.pkl-2-1,sub055.pkl-2-1,sub055,,sub055.pkl,0,train,True
sub055.pkl-2-2,sub055.pkl-2-2,sub055,,sub055.pkl,0,train,True
sub055.pkl-3-0,sub055.pkl-3-0,sub055,,sub055.pkl,1,train,True
sub055.pkl-3-1,sub055.pkl-3-1,sub055,,sub055.pkl,1,train,True
sub055.pkl-3-2,sub055.pkl-3-2,sub055,,sub055.pkl,1,train,True
sub055.pkl-4-0,sub055.pkl-4-0,sub055,,sub055.pkl,1,train,True
sub055.pkl-4-1,sub055.pkl-4-1,sub055,,sub055.pkl,1,train,True
sub055.pkl-4-2,sub055.pkl-4-2,sub055,,sub055.pkl,1,train,True
sub055.pkl-5-0,sub055.pkl-5-0,sub055,,sub055.pkl,1,train,True
sub055.pkl-5-1,sub055.pkl-5-1,sub055,,sub055.pkl,1,train,True
sub055.pkl-5-2,sub055.pkl-5-2,sub055,,sub055.pkl,1,train,True
sub055.pkl-6-0,sub055.pkl-6-0,sub055,,sub055.pkl,2,train,True
sub055.pkl-6-1,sub055.pkl-6-1,sub055,,sub055.pkl,2,train,True
sub055.pkl-6-2,sub055.pkl-6-2,sub055,,sub055.pkl,2,train,True
sub055.pkl-7-0,sub055.pkl-7-0,sub055,,sub055.pkl,2,train,True
sub055.pkl-7-1,sub055.pkl-7-1,sub055,,sub055.pkl,2,train,True
sub055.pkl-7-2,sub055.pkl-7-2,sub055,,sub055.pkl,2,train,True
sub055.pkl-8-0,sub055.pkl-8-0,sub055,,sub055.pkl,2,train,True
sub055.pkl-8-1,sub055.pkl-8-1,sub055,,sub055.pkl,2,train,True
sub055.pkl-8-2,sub055.pkl-8-2,sub055,,sub055.pkl,2,train,True
sub055.pkl-9-0,sub055.pkl-9-0,sub055,,sub055.pkl,3,train,True
sub055.pkl-9-1,sub055.pkl-9-1,sub055,,sub055.pkl,3,train,True
sub055.pkl-9-2,sub055.pkl-9-2,sub055,,sub055.pkl,3,train,True
sub055.pkl-10-0,sub055.pkl-10-0,sub055,,sub055.pkl,3,train,True
sub055.pkl-10-1,sub055.pkl-10-1,sub055,,sub055.pkl,3,train,True
sub055.pkl-10-2,sub055.pkl-10-2,sub055,,sub055.pkl,3,train,True
sub055.pkl-11-0,sub055.pkl-11-0,sub055,,sub055.pkl,3,train,True
sub055.pkl-11-1,sub055.pkl-11-1,sub055,,sub055.pkl,3,train,True
sub055.pkl-11-2,sub055.pkl-11-2,sub055,,sub055.pkl,3,train,True
sub055.pkl-12-0,sub055.pkl-12-0,sub055,,sub055.pkl,4,train,True
sub055.pkl-12-1,sub055.pkl-12-1,sub055,,sub055.pkl,4,train,True
sub055.pkl-12-2,sub055.pkl-12-2,sub055,,sub055.pkl,4,train,True
sub055.pkl-13-0,sub055.pkl-13-0,sub055,,sub055.pkl,4,train,True
sub055.pkl-13-1,sub055.pkl-13-1,sub055,,sub055.pkl,4,train,True
sub055.pkl-13-2,sub055.pkl-13-2,sub055,,sub055.pkl,4,train,True
sub055.pkl-14-0,sub055.pkl-14-0,sub055,,sub055.pkl,4,train,True
sub055.pkl-14-1,sub055.pkl-14-1,sub055,,sub055.pkl,4,train,True
sub055.pkl-14-2,sub055.pkl-14-2,sub055,,sub055.pkl,4,train,True
sub055.pkl-15-0,sub055.pkl-15-0,sub055,,sub055.pkl,4,train,True
sub055.pkl-15-1,sub055.pkl-15-1,sub055,,sub055.pkl,4,train,True
sub055.pkl-15-2,sub055.pkl-15-2,sub055,,sub055.pkl,4,train,True
sub055.pkl-16-0,sub055.pkl-16-0,sub055,,sub055.pkl,5,train,True
sub055.pkl-16-1,sub055.pkl-16-1,sub055,,sub055.pkl,5,train,True
sub055.pkl-16-2,sub055.pkl-16-2,sub055,,sub055.pkl,5,train,True
sub055.pkl-17-0,sub055.pkl-17-0,sub055,,sub055.pkl,5,train,True
sub055.pkl-17-1,sub055.pkl-17-1,sub055,,sub055.pkl,5,train,True
sub055.pkl-17-2,sub055.pkl-17-2,sub055,,sub055.pkl,5,train,True
sub055.pkl-18-0,sub055.pkl-18-0,sub055,,sub055.pkl,5,train,True
sub055.pkl-18-1,sub055.pkl-18-1,sub055,,sub055.pkl,5,train,True
sub055.pkl-18-2,sub055.pkl-18-2,sub055,,sub055.pkl,5,train,True
sub055.pkl-19-0,sub055.pkl-19-0,sub055,,sub055.pkl,6,train,True
sub055.pkl-19-1,sub055.pkl-19-1,sub055,,sub055.pkl,6,train,True
sub055.pkl-19-2,sub055.pkl-19-2,sub055,,sub055.pkl,6,train,True
sub055.pkl-20-0,sub055.pkl-20-0,sub055,,sub055.pkl,6,train,True
sub055.pkl-20-1,sub055.pkl-20-1,sub055,,sub055.pkl,6,train,True
sub055.pkl-20-2,sub055.pkl-20-2,sub055,,sub055.pkl,6,train,True
sub055.pkl-21-0,sub055.pkl-21-0,sub055,,sub055.pkl,6,train,True
sub055.pkl-21-1,sub055.pkl-21-1,sub055,,sub055.pkl,6,train,True
sub055.pkl-21-2,sub055.pkl-21-2,sub055,,sub055.pkl,6,train,True
sub055.pkl-22-0,sub055.pkl-22-0,sub055,,sub055.pkl,7,train,True
sub055.pkl-22-1,sub055.pkl-22-1,sub055,,sub055.pkl,7,train,True
sub055.pkl-22-2,sub055.pkl-22-2,sub055,,sub055.pkl,7,train,True
sub055.pkl-23-0,sub055.pkl-23-0,sub055,,sub055.pkl,7,train,True
sub055.pkl-23-1,sub055.pkl-23-1,sub055,,sub055.pkl,7,train,True
sub055.pkl-23-2,sub055.pkl-23-2,sub055,,sub055.pkl,7,train,True
sub055.pkl-24-0,sub055.pkl-24-0,sub055,,sub055.pkl,7,train,True
sub055.pkl-24-1,sub055.pkl-24-1,sub055,,sub055.pkl,7,train,True
sub055.pkl-24-2,sub055.pkl-24-2,sub055,,sub055.pkl,7,train,True
sub055.pkl-25-0,sub055.pkl-25-0,sub055,,sub055.pkl,8,train,True
sub055.pkl-25-1,sub055.pkl-25-1,sub055,,sub055.pkl,8,train,True
sub055.pkl-25-2,sub055.pkl-25-2,sub055,,sub055.pkl,8,train,True
sub055.pkl-26-0,sub055.pkl-26-0,sub055,,sub055.pkl,8,train,True
sub055.pkl-26-1,sub055.pkl-26-1,sub055,,sub055.pkl,8,train,True
sub055.pkl-26-2,sub055.pkl-26-2,sub055,,sub055.pkl,8,train,True
sub055.pkl-27-0,sub055.pkl-27-0,sub055,,sub055.pkl,8,train,True
sub055.pkl-27-1,sub055.pkl-27-1,sub055,,sub055.pkl,8,train,True
sub055.pkl-27-2,sub055.pkl-27-2,sub055,,sub055.pkl,8,train,True
sub056.pkl-0-0,sub056.pkl-0-0,sub056,,sub056.pkl,0,train,True
sub056.pkl-0-1,sub056.pkl-0-1,sub056,,sub056.pkl,0,train,True
sub056.pkl-0-2,sub056.pkl-0-2,sub056,,sub056.pkl,0,train,True
sub056.pkl-1-0,sub056.pkl-1-0,sub056,,sub056.pkl,0,train,True
sub056.pkl-1-1,sub056.pkl-1-1,sub056,,sub056.pkl,0,train,True
sub056.pkl-1-2,sub056.pkl-1-2,sub056,,sub056.pkl,0,train,True
sub056.pkl-2-0,sub056.pkl-2-0,sub056,,sub056.pkl,0,train,True
sub056.pkl-2-1,sub056.pkl-2-1,sub056,,sub056.pkl,0,train,True
sub056.pkl-2-2,sub056.pkl-2-2,sub056,,sub056.pkl,0,train,True
sub056.pkl-3-0,sub056.pkl-3-0,sub056,,sub056.pkl,1,train,True
sub056.pkl-3-1,sub056.pkl-3-1,sub056,,sub056.pkl,1,train,True
sub056.pkl-3-2,sub056.pkl-3-2,sub056,,sub056.pkl,1,train,True
sub056.pkl-4-0,sub056.pkl-4-0,sub056,,sub056.pkl,1,train,True
sub056.pkl-4-1,sub056.pkl-4-1,sub056,,sub056.pkl,1,train,True
sub056.pkl-4-2,sub056.pkl-4-2,sub056,,sub056.pkl,1,train,True
sub056.pkl-5-0,sub056.pkl-5-0,sub056,,sub056.pkl,1,train,True
sub056.pkl-5-1,sub056.pkl-5-1,sub056,,sub056.pkl,1,train,True
sub056.pkl-5-2,sub056.pkl-5-2,sub056,,sub056.pkl,1,train,True
sub056.pkl-6-0,sub056.pkl-6-0,sub056,,sub056.pkl,2,train,True
sub056.pkl-6-1,sub056.pkl-6-1,sub056,,sub056.pkl,2,train,True
sub056.pkl-6-2,sub056.pkl-6-2,sub056,,sub056.pkl,2,train,True
sub056.pkl-7-0,sub056.pkl-7-0,sub056,,sub056.pkl,2,train,True
sub056.pkl-7-1,sub056.pkl-7-1,sub056,,sub056.pkl,2,train,True
sub056.pkl-7-2,sub056.pkl-7-2,sub056,,sub056.pkl,2,train,True
sub056.pkl-8-0,sub056.pkl-8-0,sub056,,sub056.pkl,2,train,True
sub056.pkl-8-1,sub056.pkl-8-1,sub056,,sub056.pkl,2,train,True
sub056.pkl-8-2,sub056.pkl-8-2,sub056,,sub056.pkl,2,train,True
sub056.pkl-9-0,sub056.pkl-9-0,sub056,,sub056.pkl,3,train,True
sub056.pkl-9-1,sub056.pkl-9-1,sub056,,sub056.pkl,3,train,True
sub056.pkl-9-2,sub056.pkl-9-2,sub056,,sub056.pkl,3,train,True
sub056.pkl-10-0,sub056.pkl-10-0,sub056,,sub056.pkl,3,train,True
sub056.pkl-10-1,sub056.pkl-10-1,sub056,,sub056.pkl,3,train,True
sub056.pkl-10-2,sub056.pkl-10-2,sub056,,sub056.pkl,3,train,True
sub056.pkl-11-0,sub056.pkl-11-0,sub056,,sub056.pkl,3,train,True
sub056.pkl-11-1,sub056.pkl-11-1,sub056,,sub056.pkl,3,train,True
sub056.pkl-11-2,sub056.pkl-11-2,sub056,,sub056.pkl,3,train,True
sub056.pkl-12-0,sub056.pkl-12-0,sub056,,sub056.pkl,4,train,True
sub056.pkl-12-1,sub056.pkl-12-1,sub056,,sub056.pkl,4,train,True
sub056.pkl-12-2,sub056.pkl-12-2,sub056,,sub056.pkl,4,train,True
sub056.pkl-13-0,sub056.pkl-13-0,sub056,,sub056.pkl,4,train,True
sub056.pkl-13-1,sub056.pkl-13-1,sub056,,sub056.pkl,4,train,True
sub056.pkl-13-2,sub056.pkl-13-2,sub056,,sub056.pkl,4,train,True
sub056.pkl-14-0,sub056.pkl-14-0,sub056,,sub056.pkl,4,train,True
sub056.pkl-14-1,sub056.pkl-14-1,sub056,,sub056.pkl,4,train,True
sub056.pkl-14-2,sub056.pkl-14-2,sub056,,sub056.pkl,4,train,True
sub056.pkl-15-0,sub056.pkl-15-0,sub056,,sub056.pkl,4,train,True
sub056.pkl-15-1,sub056.pkl-15-1,sub056,,sub056.pkl,4,train,True
sub056.pkl-15-2,sub056.pkl-15-2,sub056,,sub056.pkl,4,train,True
sub056.pkl-16-0,sub056.pkl-16-0,sub056,,sub056.pkl,5,train,True
sub056.pkl-16-1,sub056.pkl-16-1,sub056,,sub056.pkl,5,train,True
sub056.pkl-16-2,sub056.pkl-16-2,sub056,,sub056.pkl,5,train,True
sub056.pkl-17-0,sub056.pkl-17-0,sub056,,sub056.pkl,5,train,True
sub056.pkl-17-1,sub056.pkl-17-1,sub056,,sub056.pkl,5,train,True
sub056.pkl-17-2,sub056.pkl-17-2,sub056,,sub056.pkl,5,train,True
sub056.pkl-18-0,sub056.pkl-18-0,sub056,,sub056.pkl,5,train,True
sub056.pkl-18-1,sub056.pkl-18-1,sub056,,sub056.pkl,5,train,True
sub056.pkl-18-2,sub056.pkl-18-2,sub056,,sub056.pkl,5,train,True
sub056.pkl-19-0,sub056.pkl-19-0,sub056,,sub056.pkl,6,train,True
sub056.pkl-19-1,sub056.pkl-19-1,sub056,,sub056.pkl,6,train,True
sub056.pkl-19-2,sub056.pkl-19-2,sub056,,sub056.pkl,6,train,True
sub056.pkl-20-0,sub056.pkl-20-0,sub056,,sub056.pkl,6,train,True
sub056.pkl-20-1,sub056.pkl-20-1,sub056,,sub056.pkl,6,train,True
sub056.pkl-20-2,sub056.pkl-20-2,sub056,,sub056.pkl,6,train,True
sub056.pkl-21-0,sub056.pkl-21-0,sub056,,sub056.pkl,6,train,True
sub056.pkl-21-1,sub056.pkl-21-1,sub056,,sub056.pkl,6,train,True
sub056.pkl-21-2,sub056.pkl-21-2,sub056,,sub056.pkl,6,train,True
sub056.pkl-22-0,sub056.pkl-22-0,sub056,,sub056.pkl,7,train,True
sub056.pkl-22-1,sub056.pkl-22-1,sub056,,sub056.pkl,7,train,True
sub056.pkl-22-2,sub056.pkl-22-2,sub056,,sub056.pkl,7,train,True
sub056.pkl-23-0,sub056.pkl-23-0,sub056,,sub056.pkl,7,train,True
sub056.pkl-23-1,sub056.pkl-23-1,sub056,,sub056.pkl,7,train,True
sub056.pkl-23-2,sub056.pkl-23-2,sub056,,sub056.pkl,7,train,True
sub056.pkl-24-0,sub056.pkl-24-0,sub056,,sub056.pkl,7,train,True
sub056.pkl-24-1,sub056.pkl-24-1,sub056,,sub056.pkl,7,train,True
sub056.pkl-24-2,sub056.pkl-24-2,sub056,,sub056.pkl,7,train,True
sub056.pkl-25-0,sub056.pkl-25-0,sub056,,sub056.pkl,8,train,True
sub056.pkl-25-1,sub056.pkl-25-1,sub056,,sub056.pkl,8,train,True
sub056.pkl-25-2,sub056.pkl-25-2,sub056,,sub056.pkl,8,train,True
sub056.pkl-26-0,sub056.pkl-26-0,sub056,,sub056.pkl,8,train,True
sub056.pkl-26-1,sub056.pkl-26-1,sub056,,sub056.pkl,8,train,True
sub056.pkl-26-2,sub056.pkl-26-2,sub056,,sub056.pkl,8,train,True
sub056.pkl-27-0,sub056.pkl-27-0,sub056,,sub056.pkl,8,train,True
sub056.pkl-27-1,sub056.pkl-27-1,sub056,,sub056.pkl,8,train,True
sub056.pkl-27-2,sub056.pkl-27-2,sub056,,sub056.pkl,8,train,True
sub057.pkl-0-0,sub057.pkl-0-0,sub057,,sub057.pkl,0,train,True
sub057.pkl-0-1,sub057.pkl-0-1,sub057,,sub057.pkl,0,train,True
sub057.pkl-0-2,sub057.pkl-0-2,sub057,,sub057.pkl,0,train,True
sub057.pkl-1-0,sub057.pkl-1-0,sub057,,sub057.pkl,0,train,True
sub057.pkl-1-1,sub057.pkl-1-1,sub057,,sub057.pkl,0,train,True
sub057.pkl-1-2,sub057.pkl-1-2,sub057,,sub057.pkl,0,train,True
sub057.pkl-2-0,sub057.pkl-2-0,sub057,,sub057.pkl,0,train,True
sub057.pkl-2-1,sub057.pkl-2-1,sub057,,sub057.pkl,0,train,True
sub057.pkl-2-2,sub057.pkl-2-2,sub057,,sub057.pkl,0,train,True
sub057.pkl-3-0,sub057.pkl-3-0,sub057,,sub057.pkl,1,train,True
sub057.pkl-3-1,sub057.pkl-3-1,sub057,,sub057.pkl,1,train,True
sub057.pkl-3-2,sub057.pkl-3-2,sub057,,sub057.pkl,1,train,True
sub057.pkl-4-0,sub057.pkl-4-0,sub057,,sub057.pkl,1,train,True
sub057.pkl-4-1,sub057.pkl-4-1,sub057,,sub057.pkl,1,train,True
sub057.pkl-4-2,sub057.pkl-4-2,sub057,,sub057.pkl,1,train,True
sub057.pkl-5-0,sub057.pkl-5-0,sub057,,sub057.pkl,1,train,True
sub057.pkl-5-1,sub057.pkl-5-1,sub057,,sub057.pkl,1,train,True
sub057.pkl-5-2,sub057.pkl-5-2,sub057,,sub057.pkl,1,train,True
sub057.pkl-6-0,sub057.pkl-6-0,sub057,,sub057.pkl,2,train,True
sub057.pkl-6-1,sub057.pkl-6-1,sub057,,sub057.pkl,2,train,True
sub057.pkl-6-2,sub057.pkl-6-2,sub057,,sub057.pkl,2,train,True
sub057.pkl-7-0,sub057.pkl-7-0,sub057,,sub057.pkl,2,train,True
sub057.pkl-7-1,sub057.pkl-7-1,sub057,,sub057.pkl,2,train,True
sub057.pkl-7-2,sub057.pkl-7-2,sub057,,sub057.pkl,2,train,True
sub057.pkl-8-0,sub057.pkl-8-0,sub057,,sub057.pkl,2,train,True
sub057.pkl-8-1,sub057.pkl-8-1,sub057,,sub057.pkl,2,train,True
sub057.pkl-8-2,sub057.pkl-8-2,sub057,,sub057.pkl,2,train,True
sub057.pkl-9-0,sub057.pkl-9-0,sub057,,sub057.pkl,3,train,True
sub057.pkl-9-1,sub057.pkl-9-1,sub057,,sub057.pkl,3,train,True
sub057.pkl-9-2,sub057.pkl-9-2,sub057,,sub057.pkl,3,train,True
sub057.pkl-10-0,sub057.pkl-10-0,sub057,,sub057.pkl,3,train,True
sub057.pkl-10-1,sub057.pkl-10-1,sub057,,sub057.pkl,3,train,True
sub057.pkl-10-2,sub057.pkl-10-2,sub057,,sub057.pkl,3,train,True
sub057.pkl-11-0,sub057.pkl-11-0,sub057,,sub057.pkl,3,train,True
sub057.pkl-11-1,sub057.pkl-11-1,sub057,,sub057.pkl,3,train,True
sub057.pkl-11-2,sub057.pkl-11-2,sub057,,sub057.pkl,3,train,True
sub057.pkl-12-0,sub057.pkl-12-0,sub057,,sub057.pkl,4,train,True
sub057.pkl-12-1,sub057.pkl-12-1,sub057,,sub057.pkl,4,train,True
sub057.pkl-12-2,sub057.pkl-12-2,sub057,,sub057.pkl,4,train,True
sub057.pkl-13-0,sub057.pkl-13-0,sub057,,sub057.pkl,4,train,True
sub057.pkl-13-1,sub057.pkl-13-1,sub057,,sub057.pkl,4,train,True
sub057.pkl-13-2,sub057.pkl-13-2,sub057,,sub057.pkl,4,train,True
sub057.pkl-14-0,sub057.pkl-14-0,sub057,,sub057.pkl,4,train,True
sub057.pkl-14-1,sub057.pkl-14-1,sub057,,sub057.pkl,4,train,True
sub057.pkl-14-2,sub057.pkl-14-2,sub057,,sub057.pkl,4,train,True
sub057.pkl-15-0,sub057.pkl-15-0,sub057,,sub057.pkl,4,train,True
sub057.pkl-15-1,sub057.pkl-15-1,sub057,,sub057.pkl,4,train,True
sub057.pkl-15-2,sub057.pkl-15-2,sub057,,sub057.pkl,4,train,True
sub057.pkl-16-0,sub057.pkl-16-0,sub057,,sub057.pkl,5,train,True
sub057.pkl-16-1,sub057.pkl-16-1,sub057,,sub057.pkl,5,train,True
sub057.pkl-16-2,sub057.pkl-16-2,sub057,,sub057.pkl,5,train,True
sub057.pkl-17-0,sub057.pkl-17-0,sub057,,sub057.pkl,5,train,True
sub057.pkl-17-1,sub057.pkl-17-1,sub057,,sub057.pkl,5,train,True
sub057.pkl-17-2,sub057.pkl-17-2,sub057,,sub057.pkl,5,train,True
sub057.pkl-18-0,sub057.pkl-18-0,sub057,,sub057.pkl,5,train,True
sub057.pkl-18-1,sub057.pkl-18-1,sub057,,sub057.pkl,5,train,True
sub057.pkl-18-2,sub057.pkl-18-2,sub057,,sub057.pkl,5,train,True
sub057.pkl-19-0,sub057.pkl-19-0,sub057,,sub057.pkl,6,train,True
sub057.pkl-19-1,sub057.pkl-19-1,sub057,,sub057.pkl,6,train,True
sub057.pkl-19-2,sub057.pkl-19-2,sub057,,sub057.pkl,6,train,True
sub057.pkl-20-0,sub057.pkl-20-0,sub057,,sub057.pkl,6,train,True
sub057.pkl-20-1,sub057.pkl-20-1,sub057,,sub057.pkl,6,train,True
sub057.pkl-20-2,sub057.pkl-20-2,sub057,,sub057.pkl,6,train,True
sub057.pkl-21-0,sub057.pkl-21-0,sub057,,sub057.pkl,6,train,True
sub057.pkl-21-1,sub057.pkl-21-1,sub057,,sub057.pkl,6,train,True
sub057.pkl-21-2,sub057.pkl-21-2,sub057,,sub057.pkl,6,train,True
sub057.pkl-22-0,sub057.pkl-22-0,sub057,,sub057.pkl,7,train,True
sub057.pkl-22-1,sub057.pkl-22-1,sub057,,sub057.pkl,7,train,True
sub057.pkl-22-2,sub057.pkl-22-2,sub057,,sub057.pkl,7,train,True
sub057.pkl-23-0,sub057.pkl-23-0,sub057,,sub057.pkl,7,train,True
sub057.pkl-23-1,sub057.pkl-23-1,sub057,,sub057.pkl,7,train,True
sub057.pkl-23-2,sub057.pkl-23-2,sub057,,sub057.pkl,7,train,True
sub057.pkl-24-0,sub057.pkl-24-0,sub057,,sub057.pkl,7,train,True
sub057.pkl-24-1,sub057.pkl-24-1,sub057,,sub057.pkl,7,train,True
sub057.pkl-24-2,sub057.pkl-24-2,sub057,,sub057.pkl,7,train,True
sub057.pkl-25-0,sub057.pkl-25-0,sub057,,sub057.pkl,8,train,True
sub057.pkl-25-1,sub057.pkl-25-1,sub057,,sub057.pkl,8,train,True
sub057.pkl-25-2,sub057.pkl-25-2,sub057,,sub057.pkl,8,train,True
sub057.pkl-26-0,sub057.pkl-26-0,sub057,,sub057.pkl,8,train,True
sub057.pkl-26-1,sub057.pkl-26-1,sub057,,sub057.pkl,8,train,True
sub057.pkl-26-2,sub057.pkl-26-2,sub057,,sub057.pkl,8,train,True
sub057.pkl-27-0,sub057.pkl-27-0,sub057,,sub057.pkl,8,train,True
sub057.pkl-27-1,sub057.pkl-27-1,sub057,,sub057.pkl,8,train,True
sub057.pkl-27-2,sub057.pkl-27-2,sub057,,sub057.pkl,8,train,True
sub058.pkl-0-0,sub058.pkl-0-0,sub058,,sub058.pkl,0,train,True
sub058.pkl-0-1,sub058.pkl-0-1,sub058,,sub058.pkl,0,train,True
sub058.pkl-0-2,sub058.pkl-0-2,sub058,,sub058.pkl,0,train,True
sub058.pkl-1-0,sub058.pkl-1-0,sub058,,sub058.pkl,0,train,True
sub058.pkl-1-1,sub058.pkl-1-1,sub058,,sub058.pkl,0,train,True
sub058.pkl-1-2,sub058.pkl-1-2,sub058,,sub058.pkl,0,train,True
sub058.pkl-2-0,sub058.pkl-2-0,sub058,,sub058.pkl,0,train,True
sub058.pkl-2-1,sub058.pkl-2-1,sub058,,sub058.pkl,0,train,True
sub058.pkl-2-2,sub058.pkl-2-2,sub058,,sub058.pkl,0,train,True
sub058.pkl-3-0,sub058.pkl-3-0,sub058,,sub058.pkl,1,train,True
sub058.pkl-3-1,sub058.pkl-3-1,sub058,,sub058.pkl,1,train,True
sub058.pkl-3-2,sub058.pkl-3-2,sub058,,sub058.pkl,1,train,True
sub058.pkl-4-0,sub058.pkl-4-0,sub058,,sub058.pkl,1,train,True
sub058.pkl-4-1,sub058.pkl-4-1,sub058,,sub058.pkl,1,train,True
sub058.pkl-4-2,sub058.pkl-4-2,sub058,,sub058.pkl,1,train,True
sub058.pkl-5-0,sub058.pkl-5-0,sub058,,sub058.pkl,1,train,True
sub058.pkl-5-1,sub058.pkl-5-1,sub058,,sub058.pkl,1,train,True
sub058.pkl-5-2,sub058.pkl-5-2,sub058,,sub058.pkl,1,train,True
sub058.pkl-6-0,sub058.pkl-6-0,sub058,,sub058.pkl,2,train,True
sub058.pkl-6-1,sub058.pkl-6-1,sub058,,sub058.pkl,2,train,True
sub058.pkl-6-2,sub058.pkl-6-2,sub058,,sub058.pkl,2,train,True
sub058.pkl-7-0,sub058.pkl-7-0,sub058,,sub058.pkl,2,train,True
sub058.pkl-7-1,sub058.pkl-7-1,sub058,,sub058.pkl,2,train,True
sub058.pkl-7-2,sub058.pkl-7-2,sub058,,sub058.pkl,2,train,True
sub058.pkl-8-0,sub058.pkl-8-0,sub058,,sub058.pkl,2,train,True
sub058.pkl-8-1,sub058.pkl-8-1,sub058,,sub058.pkl,2,train,True
sub058.pkl-8-2,sub058.pkl-8-2,sub058,,sub058.pkl,2,train,True
sub058.pkl-9-0,sub058.pkl-9-0,sub058,,sub058.pkl,3,train,True
sub058.pkl-9-1,sub058.pkl-9-1,sub058,,sub058.pkl,3,train,True
sub058.pkl-9-2,sub058.pkl-9-2,sub058,,sub058.pkl,3,train,True
sub058.pkl-10-0,sub058.pkl-10-0,sub058,,sub058.pkl,3,train,True
sub058.pkl-10-1,sub058.pkl-10-1,sub058,,sub058.pkl,3,train,True
sub058.pkl-10-2,sub058.pkl-10-2,sub058,,sub058.pkl,3,train,True
sub058.pkl-11-0,sub058.pkl-11-0,sub058,,sub058.pkl,3,train,True
sub058.pkl-11-1,sub058.pkl-11-1,sub058,,sub058.pkl,3,train,True
sub058.pkl-11-2,sub058.pkl-11-2,sub058,,sub058.pkl,3,train,True
sub058.pkl-12-0,sub058.pkl-12-0,sub058,,sub058.pkl,4,train,True
sub058.pkl-12-1,sub058.pkl-12-1,sub058,,sub058.pkl,4,train,True
sub058.pkl-12-2,sub058.pkl-12-2,sub058,,sub058.pkl,4,train,True
sub058.pkl-13-0,sub058.pkl-13-0,sub058,,sub058.pkl,4,train,True
sub058.pkl-13-1,sub058.pkl-13-1,sub058,,sub058.pkl,4,train,True
sub058.pkl-13-2,sub058.pkl-13-2,sub058,,sub058.pkl,4,train,True
sub058.pkl-14-0,sub058.pkl-14-0,sub058,,sub058.pkl,4,train,True
sub058.pkl-14-1,sub058.pkl-14-1,sub058,,sub058.pkl,4,train,True
sub058.pkl-14-2,sub058.pkl-14-2,sub058,,sub058.pkl,4,train,True
sub058.pkl-15-0,sub058.pkl-15-0,sub058,,sub058.pkl,4,train,True
sub058.pkl-15-1,sub058.pkl-15-1,sub058,,sub058.pkl,4,train,True
sub058.pkl-15-2,sub058.pkl-15-2,sub058,,sub058.pkl,4,train,True
sub058.pkl-16-0,sub058.pkl-16-0,sub058,,sub058.pkl,5,train,True
sub058.pkl-16-1,sub058.pkl-16-1,sub058,,sub058.pkl,5,train,True
sub058.pkl-16-2,sub058.pkl-16-2,sub058,,sub058.pkl,5,train,True
sub058.pkl-17-0,sub058.pkl-17-0,sub058,,sub058.pkl,5,train,True
sub058.pkl-17-1,sub058.pkl-17-1,sub058,,sub058.pkl,5,train,True
sub058.pkl-17-2,sub058.pkl-17-2,sub058,,sub058.pkl,5,train,True
sub058.pkl-18-0,sub058.pkl-18-0,sub058,,sub058.pkl,5,train,True
sub058.pkl-18-1,sub058.pkl-18-1,sub058,,sub058.pkl,5,train,True
sub058.pkl-18-2,sub058.pkl-18-2,sub058,,sub058.pkl,5,train,True
sub058.pkl-19-0,sub058.pkl-19-0,sub058,,sub058.pkl,6,train,True
sub058.pkl-19-1,sub058.pkl-19-1,sub058,,sub058.pkl,6,train,True
sub058.pkl-19-2,sub058.pkl-19-2,sub058,,sub058.pkl,6,train,True
sub058.pkl-20-0,sub058.pkl-20-0,sub058,,sub058.pkl,6,train,True
sub058.pkl-20-1,sub058.pkl-20-1,sub058,,sub058.pkl,6,train,True
sub058.pkl-20-2,sub058.pkl-20-2,sub058,,sub058.pkl,6,train,True
sub058.pkl-21-0,sub058.pkl-21-0,sub058,,sub058.pkl,6,train,True
sub058.pkl-21-1,sub058.pkl-21-1,sub058,,sub058.pkl,6,train,True
sub058.pkl-21-2,sub058.pkl-21-2,sub058,,sub058.pkl,6,train,True
sub058.pkl-22-0,sub058.pkl-22-0,sub058,,sub058.pkl,7,train,True
sub058.pkl-22-1,sub058.pkl-22-1,sub058,,sub058.pkl,7,train,True
sub058.pkl-22-2,sub058.pkl-22-2,sub058,,sub058.pkl,7,train,True
sub058.pkl-23-0,sub058.pkl-23-0,sub058,,sub058.pkl,7,train,True
sub058.pkl-23-1,sub058.pkl-23-1,sub058,,sub058.pkl,7,train,True
sub058.pkl-23-2,sub058.pkl-23-2,sub058,,sub058.pkl,7,train,True
sub058.pkl-24-0,sub058.pkl-24-0,sub058,,sub058.pkl,7,train,True
sub058.pkl-24-1,sub058.pkl-24-1,sub058,,sub058.pkl,7,train,True
sub058.pkl-24-2,sub058.pkl-24-2,sub058,,sub058.pkl,7,train,True
sub058.pkl-25-0,sub058.pkl-25-0,sub058,,sub058.pkl,8,train,True
sub058.pkl-25-1,sub058.pkl-25-1,sub058,,sub058.pkl,8,train,True
sub058.pkl-25-2,sub058.pkl-25-2,sub058,,sub058.pkl,8,train,True
sub058.pkl-26-0,sub058.pkl-26-0,sub058,,sub058.pkl,8,train,True
sub058.pkl-26-1,sub058.pkl-26-1,sub058,,sub058.pkl,8,train,True
sub058.pkl-26-2,sub058.pkl-26-2,sub058,,sub058.pkl,8,train,True
sub058.pkl-27-0,sub058.pkl-27-0,sub058,,sub058.pkl,8,train,True
sub058.pkl-27-1,sub058.pkl-27-1,sub058,,sub058.pkl,8,train,True
sub058.pkl-27-2,sub058.pkl-27-2,sub058,,sub058.pkl,8,train,True
sub059.pkl-0-0,sub059.pkl-0-0,sub059,,sub059.pkl,0,train,True
sub059.pkl-0-1,sub059.pkl-0-1,sub059,,sub059.pkl,0,train,True
sub059.pkl-0-2,sub059.pkl-0-2,sub059,,sub059.pkl,0,train,True
sub059.pkl-1-0,sub059.pkl-1-0,sub059,,sub059.pkl,0,train,True
sub059.pkl-1-1,sub059.pkl-1-1,sub059,,sub059.pkl,0,train,True
sub059.pkl-1-2,sub059.pkl-1-2,sub059,,sub059.pkl,0,train,True
sub059.pkl-2-0,sub059.pkl-2-0,sub059,,sub059.pkl,0,train,True
sub059.pkl-2-1,sub059.pkl-2-1,sub059,,sub059.pkl,0,train,True
sub059.pkl-2-2,sub059.pkl-2-2,sub059,,sub059.pkl,0,train,True
sub059.pkl-3-0,sub059.pkl-3-0,sub059,,sub059.pkl,1,train,True
sub059.pkl-3-1,sub059.pkl-3-1,sub059,,sub059.pkl,1,train,True
sub059.pkl-3-2,sub059.pkl-3-2,sub059,,sub059.pkl,1,train,True
sub059.pkl-4-0,sub059.pkl-4-0,sub059,,sub059.pkl,1,train,True
sub059.pkl-4-1,sub059.pkl-4-1,sub059,,sub059.pkl,1,train,True
sub059.pkl-4-2,sub059.pkl-4-2,sub059,,sub059.pkl,1,train,True
sub059.pkl-5-0,sub059.pkl-5-0,sub059,,sub059.pkl,1,train,True
sub059.pkl-5-1,sub059.pkl-5-1,sub059,,sub059.pkl,1,train,True
sub059.pkl-5-2,sub059.pkl-5-2,sub059,,sub059.pkl,1,train,True
sub059.pkl-6-0,sub059.pkl-6-0,sub059,,sub059.pkl,2,train,True
sub059.pkl-6-1,sub059.pkl-6-1,sub059,,sub059.pkl,2,train,True
sub059.pkl-6-2,sub059.pkl-6-2,sub059,,sub059.pkl,2,train,True
sub059.pkl-7-0,sub059.pkl-7-0,sub059,,sub059.pkl,2,train,True
sub059.pkl-7-1,sub059.pkl-7-1,sub059,,sub059.pkl,2,train,True
sub059.pkl-7-2,sub059.pkl-7-2,sub059,,sub059.pkl,2,train,True
sub059.pkl-8-0,sub059.pkl-8-0,sub059,,sub059.pkl,2,train,True
sub059.pkl-8-1,sub059.pkl-8-1,sub059,,sub059.pkl,2,train,True
sub059.pkl-8-2,sub059.pkl-8-2,sub059,,sub059.pkl,2,train,True
sub059.pkl-9-0,sub059.pkl-9-0,sub059,,sub059.pkl,3,train,True
sub059.pkl-9-1,sub059.pkl-9-1,sub059,,sub059.pkl,3,train,True
sub059.pkl-9-2,sub059.pkl-9-2,sub059,,sub059.pkl,3,train,True
sub059.pkl-10-0,sub059.pkl-10-0,sub059,,sub059.pkl,3,train,True
sub059.pkl-10-1,sub059.pkl-10-1,sub059,,sub059.pkl,3,train,True
sub059.pkl-10-2,sub059.pkl-10-2,sub059,,sub059.pkl,3,train,True
sub059.pkl-11-0,sub059.pkl-11-0,sub059,,sub059.pkl,3,train,True
sub059.pkl-11-1,sub059.pkl-11-1,sub059,,sub059.pkl,3,train,True
sub059.pkl-11-2,sub059.pkl-11-2,sub059,,sub059.pkl,3,train,True
sub059.pkl-12-0,sub059.pkl-12-0,sub059,,sub059.pkl,4,train,True
sub059.pkl-12-1,sub059.pkl-12-1,sub059,,sub059.pkl,4,train,True
sub059.pkl-12-2,sub059.pkl-12-2,sub059,,sub059.pkl,4,train,True
sub059.pkl-13-0,sub059.pkl-13-0,sub059,,sub059.pkl,4,train,True
sub059.pkl-13-1,sub059.pkl-13-1,sub059,,sub059.pkl,4,train,True
sub059.pkl-13-2,sub059.pkl-13-2,sub059,,sub059.pkl,4,train,True
sub059.pkl-14-0,sub059.pkl-14-0,sub059,,sub059.pkl,4,train,True
sub059.pkl-14-1,sub059.pkl-14-1,sub059,,sub059.pkl,4,train,True
sub059.pkl-14-2,sub059.pkl-14-2,sub059,,sub059.pkl,4,train,True
sub059.pkl-15-0,sub059.pkl-15-0,sub059,,sub059.pkl,4,train,True
sub059.pkl-15-1,sub059.pkl-15-1,sub059,,sub059.pkl,4,train,True
sub059.pkl-15-2,sub059.pkl-15-2,sub059,,sub059.pkl,4,train,True
sub059.pkl-16-0,sub059.pkl-16-0,sub059,,sub059.pkl,5,train,True
sub059.pkl-16-1,sub059.pkl-16-1,sub059,,sub059.pkl,5,train,True
sub059.pkl-16-2,sub059.pkl-16-2,sub059,,sub059.pkl,5,train,True
sub059.pkl-17-0,sub059.pkl-17-0,sub059,,sub059.pkl,5,train,True
sub059.pkl-17-1,sub059.pkl-17-1,sub059,,sub059.pkl,5,train,True
sub059.pkl-17-2,sub059.pkl-17-2,sub059,,sub059.pkl,5,train,True
sub059.pkl-18-0,sub059.pkl-18-0,sub059,,sub059.pkl,5,train,True
sub059.pkl-18-1,sub059.pkl-18-1,sub059,,sub059.pkl,5,train,True
sub059.pkl-18-2,sub059.pkl-18-2,sub059,,sub059.pkl,5,train,True
sub059.pkl-19-0,sub059.pkl-19-0,sub059,,sub059.pkl,6,train,True
sub059.pkl-19-1,sub059.pkl-19-1,sub059,,sub059.pkl,6,train,True
sub059.pkl-19-2,sub059.pkl-19-2,sub059,,sub059.pkl,6,train,True
sub059.pkl-20-0,sub059.pkl-20-0,sub059,,sub059.pkl,6,train,True
sub059.pkl-20-1,sub059.pkl-20-1,sub059,,sub059.pkl,6,train,True
sub059.pkl-20-2,sub059.pkl-20-2,sub059,,sub059.pkl,6,train,True
sub059.pkl-21-0,sub059.pkl-21-0,sub059,,sub059.pkl,6,train,True
sub059.pkl-21-1,sub059.pkl-21-1,sub059,,sub059.pkl,6,train,True
sub059.pkl-21-2,sub059.pkl-21-2,sub059,,sub059.pkl,6,train,True
sub059.pkl-22-0,sub059.pkl-22-0,sub059,,sub059.pkl,7,train,True
sub059.pkl-22-1,sub059.pkl-22-1,sub059,,sub059.pkl,7,train,True
sub059.pkl-22-2,sub059.pkl-22-2,sub059,,sub059.pkl,7,train,True
sub059.pkl-23-0,sub059.pkl-23-0,sub059,,sub059.pkl,7,train,True
sub059.pkl-23-1,sub059.pkl-23-1,sub059,,sub059.pkl,7,train,True
sub059.pkl-23-2,sub059.pkl-23-2,sub059,,sub059.pkl,7,train,True
sub059.pkl-24-0,sub059.pkl-24-0,sub059,,sub059.pkl,7,train,True
sub059.pkl-24-1,sub059.pkl-24-1,sub059,,sub059.pkl,7,train,True
sub059.pkl-24-2,sub059.pkl-24-2,sub059,,sub059.pkl,7,train,True
sub059.pkl-25-0,sub059.pkl-25-0,sub059,,sub059.pkl,8,train,True
sub059.pkl-25-1,sub059.pkl-25-1,sub059,,sub059.pkl,8,train,True
sub059.pkl-25-2,sub059.pkl-25-2,sub059,,sub059.pkl,8,train,True
sub059.pkl-26-0,sub059.pkl-26-0,sub059,,sub059.pkl,8,train,True
sub059.pkl-26-1,sub059.pkl-26-1,sub059,,sub059.pkl,8,train,True
sub059.pkl-26-2,sub059.pkl-26-2,sub059,,sub059.pkl,8,train,True
sub059.pkl-27-0,sub059.pkl-27-0,sub059,,sub059.pkl,8,train,True
sub059.pkl-27-1,sub059.pkl-27-1,sub059,,sub059.pkl,8,train,True
sub059.pkl-27-2,sub059.pkl-27-2,sub059,,sub059.pkl,8,train,True
sub060.pkl-0-0,sub060.pkl-0-0,sub060,,sub060.pkl,0,train,True
sub060.pkl-0-1,sub060.pkl-0-1,sub060,,sub060.pkl,0,train,True
sub060.pkl-0-2,sub060.pkl-0-2,sub060,,sub060.pkl,0,train,True
sub060.pkl-1-0,sub060.pkl-1-0,sub060,,sub060.pkl,0,train,True
sub060.pkl-1-1,sub060.pkl-1-1,sub060,,sub060.pkl,0,train,True
sub060.pkl-1-2,sub060.pkl-1-2,sub060,,sub060.pkl,0,train,True
sub060.pkl-2-0,sub060.pkl-2-0,sub060,,sub060.pkl,0,train,True
sub060.pkl-2-1,sub060.pkl-2-1,sub060,,sub060.pkl,0,train,True
sub060.pkl-2-2,sub060.pkl-2-2,sub060,,sub060.pkl,0,train,True
sub060.pkl-3-0,sub060.pkl-3-0,sub060,,sub060.pkl,1,train,True
sub060.pkl-3-1,sub060.pkl-3-1,sub060,,sub060.pkl,1,train,True
sub060.pkl-3-2,sub060.pkl-3-2,sub060,,sub060.pkl,1,train,True
sub060.pkl-4-0,sub060.pkl-4-0,sub060,,sub060.pkl,1,train,True
sub060.pkl-4-1,sub060.pkl-4-1,sub060,,sub060.pkl,1,train,True
sub060.pkl-4-2,sub060.pkl-4-2,sub060,,sub060.pkl,1,train,True
sub060.pkl-5-0,sub060.pkl-5-0,sub060,,sub060.pkl,1,train,True
sub060.pkl-5-1,sub060.pkl-5-1,sub060,,sub060.pkl,1,train,True
sub060.pkl-5-2,sub060.pkl-5-2,sub060,,sub060.pkl,1,train,True
sub060.pkl-6-0,sub060.pkl-6-0,sub060,,sub060.pkl,2,train,True
sub060.pkl-6-1,sub060.pkl-6-1,sub060,,sub060.pkl,2,train,True
sub060.pkl-6-2,sub060.pkl-6-2,sub060,,sub060.pkl,2,train,True
sub060.pkl-7-0,sub060.pkl-7-0,sub060,,sub060.pkl,2,train,True
sub060.pkl-7-1,sub060.pkl-7-1,sub060,,sub060.pkl,2,train,True
sub060.pkl-7-2,sub060.pkl-7-2,sub060,,sub060.pkl,2,train,True
sub060.pkl-8-0,sub060.pkl-8-0,sub060,,sub060.pkl,2,train,True
sub060.pkl-8-1,sub060.pkl-8-1,sub060,,sub060.pkl,2,train,True
sub060.pkl-8-2,sub060.pkl-8-2,sub060,,sub060.pkl,2,train,True
sub060.pkl-9-0,sub060.pkl-9-0,sub060,,sub060.pkl,3,train,True
sub060.pkl-9-1,sub060.pkl-9-1,sub060,,sub060.pkl,3,train,True
sub060.pkl-9-2,sub060.pkl-9-2,sub060,,sub060.pkl,3,train,True
sub060.pkl-10-0,sub060.pkl-10-0,sub060,,sub060.pkl,3,train,True
sub060.pkl-10-1,sub060.pkl-10-1,sub060,,sub060.pkl,3,train,True
sub060.pkl-10-2,sub060.pkl-10-2,sub060,,sub060.pkl,3,train,True
sub060.pkl-11-0,sub060.pkl-11-0,sub060,,sub060.pkl,3,train,True
sub060.pkl-11-1,sub060.pkl-11-1,sub060,,sub060.pkl,3,train,True
sub060.pkl-11-2,sub060.pkl-11-2,sub060,,sub060.pkl,3,train,True
sub060.pkl-12-0,sub060.pkl-12-0,sub060,,sub060.pkl,4,train,True
sub060.pkl-12-1,sub060.pkl-12-1,sub060,,sub060.pkl,4,train,True
sub060.pkl-12-2,sub060.pkl-12-2,sub060,,sub060.pkl,4,train,True
sub060.pkl-13-0,sub060.pkl-13-0,sub060,,sub060.pkl,4,train,True
sub060.pkl-13-1,sub060.pkl-13-1,sub060,,sub060.pkl,4,train,True
sub060.pkl-13-2,sub060.pkl-13-2,sub060,,sub060.pkl,4,train,True
sub060.pkl-14-0,sub060.pkl-14-0,sub060,,sub060.pkl,4,train,True
sub060.pkl-14-1,sub060.pkl-14-1,sub060,,sub060.pkl,4,train,True
sub060.pkl-14-2,sub060.pkl-14-2,sub060,,sub060.pkl,4,train,True
sub060.pkl-15-0,sub060.pkl-15-0,sub060,,sub060.pkl,4,train,True
sub060.pkl-15-1,sub060.pkl-15-1,sub060,,sub060.pkl,4,train,True
sub060.pkl-15-2,sub060.pkl-15-2,sub060,,sub060.pkl,4,train,True
sub060.pkl-16-0,sub060.pkl-16-0,sub060,,sub060.pkl,5,train,True
sub060.pkl-16-1,sub060.pkl-16-1,sub060,,sub060.pkl,5,train,True
sub060.pkl-16-2,sub060.pkl-16-2,sub060,,sub060.pkl,5,train,True
sub060.pkl-17-0,sub060.pkl-17-0,sub060,,sub060.pkl,5,train,True
sub060.pkl-17-1,sub060.pkl-17-1,sub060,,sub060.pkl,5,train,True
sub060.pkl-17-2,sub060.pkl-17-2,sub060,,sub060.pkl,5,train,True
sub060.pkl-18-0,sub060.pkl-18-0,sub060,,sub060.pkl,5,train,True
sub060.pkl-18-1,sub060.pkl-18-1,sub060,,sub060.pkl,5,train,True
sub060.pkl-18-2,sub060.pkl-18-2,sub060,,sub060.pkl,5,train,True
sub060.pkl-19-0,sub060.pkl-19-0,sub060,,sub060.pkl,6,train,True
sub060.pkl-19-1,sub060.pkl-19-1,sub060,,sub060.pkl,6,train,True
sub060.pkl-19-2,sub060.pkl-19-2,sub060,,sub060.pkl,6,train,True
sub060.pkl-20-0,sub060.pkl-20-0,sub060,,sub060.pkl,6,train,True
sub060.pkl-20-1,sub060.pkl-20-1,sub060,,sub060.pkl,6,train,True
sub060.pkl-20-2,sub060.pkl-20-2,sub060,,sub060.pkl,6,train,True
sub060.pkl-21-0,sub060.pkl-21-0,sub060,,sub060.pkl,6,train,True
sub060.pkl-21-1,sub060.pkl-21-1,sub060,,sub060.pkl,6,train,True
sub060.pkl-21-2,sub060.pkl-21-2,sub060,,sub060.pkl,6,train,True
sub060.pkl-22-0,sub060.pkl-22-0,sub060,,sub060.pkl,7,train,True
sub060.pkl-22-1,sub060.pkl-22-1,sub060,,sub060.pkl,7,train,True
sub060.pkl-22-2,sub060.pkl-22-2,sub060,,sub060.pkl,7,train,True
sub060.pkl-23-0,sub060.pkl-23-0,sub060,,sub060.pkl,7,train,True
sub060.pkl-23-1,sub060.pkl-23-1,sub060,,sub060.pkl,7,train,True
sub060.pkl-23-2,sub060.pkl-23-2,sub060,,sub060.pkl,7,train,True
sub060.pkl-24-0,sub060.pkl-24-0,sub060,,sub060.pkl,7,train,True
sub060.pkl-24-1,sub060.pkl-24-1,sub060,,sub060.pkl,7,train,True
sub060.pkl-24-2,sub060.pkl-24-2,sub060,,sub060.pkl,7,train,True
sub060.pkl-25-0,sub060.pkl-25-0,sub060,,sub060.pkl,8,train,True
sub060.pkl-25-1,sub060.pkl-25-1,sub060,,sub060.pkl,8,train,True
sub060.pkl-25-2,sub060.pkl-25-2,sub060,,sub060.pkl,8,train,True
sub060.pkl-26-0,sub060.pkl-26-0,sub060,,sub060.pkl,8,train,True
sub060.pkl-26-1,sub060.pkl-26-1,sub060,,sub060.pkl,8,train,True
sub060.pkl-26-2,sub060.pkl-26-2,sub060,,sub060.pkl,8,train,True
sub060.pkl-27-0,sub060.pkl-27-0,sub060,,sub060.pkl,8,train,True
sub060.pkl-27-1,sub060.pkl-27-1,sub060,,sub060.pkl,8,train,True
sub060.pkl-27-2,sub060.pkl-27-2,sub060,,sub060.pkl,8,train,True
sub061.pkl-0-0,sub061.pkl-0-0,sub061,,sub061.pkl,0,train,True
sub061.pkl-0-1,sub061.pkl-0-1,sub061,,sub061.pkl,0,train,True
sub061.pkl-0-2,sub061.pkl-0-2,sub061,,sub061.pkl,0,train,True
sub061.pkl-1-0,sub061.pkl-1-0,sub061,,sub061.pkl,0,train,True
sub061.pkl-1-1,sub061.pkl-1-1,sub061,,sub061.pkl,0,train,True
sub061.pkl-1-2,sub061.pkl-1-2,sub061,,sub061.pkl,0,train,True
sub061.pkl-2-0,sub061.pkl-2-0,sub061,,sub061.pkl,0,train,True
sub061.pkl-2-1,sub061.pkl-2-1,sub061,,sub061.pkl,0,train,True
sub061.pkl-2-2,sub061.pkl-2-2,sub061,,sub061.pkl,0,train,True
sub061.pkl-3-0,sub061.pkl-3-0,sub061,,sub061.pkl,1,train,True
sub061.pkl-3-1,sub061.pkl-3-1,sub061,,sub061.pkl,1,train,True
sub061.pkl-3-2,sub061.pkl-3-2,sub061,,sub061.pkl,1,train,True
sub061.pkl-4-0,sub061.pkl-4-0,sub061,,sub061.pkl,1,train,True
sub061.pkl-4-1,sub061.pkl-4-1,sub061,,sub061.pkl,1,train,True
sub061.pkl-4-2,sub061.pkl-4-2,sub061,,sub061.pkl,1,train,True
sub061.pkl-5-0,sub061.pkl-5-0,sub061,,sub061.pkl,1,train,True
sub061.pkl-5-1,sub061.pkl-5-1,sub061,,sub061.pkl,1,train,True
sub061.pkl-5-2,sub061.pkl-5-2,sub061,,sub061.pkl,1,train,True
sub061.pkl-6-0,sub061.pkl-6-0,sub061,,sub061.pkl,2,train,True
sub061.pkl-6-1,sub061.pkl-6-1,sub061,,sub061.pkl,2,train,True
sub061.pkl-6-2,sub061.pkl-6-2,sub061,,sub061.pkl,2,train,True
sub061.pkl-7-0,sub061.pkl-7-0,sub061,,sub061.pkl,2,train,True
sub061.pkl-7-1,sub061.pkl-7-1,sub061,,sub061.pkl,2,train,True
sub061.pkl-7-2,sub061.pkl-7-2,sub061,,sub061.pkl,2,train,True
sub061.pkl-8-0,sub061.pkl-8-0,sub061,,sub061.pkl,2,train,True
sub061.pkl-8-1,sub061.pkl-8-1,sub061,,sub061.pkl,2,train,True
sub061.pkl-8-2,sub061.pkl-8-2,sub061,,sub061.pkl,2,train,True
sub061.pkl-9-0,sub061.pkl-9-0,sub061,,sub061.pkl,3,train,True
sub061.pkl-9-1,sub061.pkl-9-1,sub061,,sub061.pkl,3,train,True
sub061.pkl-9-2,sub061.pkl-9-2,sub061,,sub061.pkl,3,train,True
sub061.pkl-10-0,sub061.pkl-10-0,sub061,,sub061.pkl,3,train,True
sub061.pkl-10-1,sub061.pkl-10-1,sub061,,sub061.pkl,3,train,True
sub061.pkl-10-2,sub061.pkl-10-2,sub061,,sub061.pkl,3,train,True
sub061.pkl-11-0,sub061.pkl-11-0,sub061,,sub061.pkl,3,train,True
sub061.pkl-11-1,sub061.pkl-11-1,sub061,,sub061.pkl,3,train,True
sub061.pkl-11-2,sub061.pkl-11-2,sub061,,sub061.pkl,3,train,True
sub061.pkl-12-0,sub061.pkl-12-0,sub061,,sub061.pkl,4,train,True
sub061.pkl-12-1,sub061.pkl-12-1,sub061,,sub061.pkl,4,train,True
sub061.pkl-12-2,sub061.pkl-12-2,sub061,,sub061.pkl,4,train,True
sub061.pkl-13-0,sub061.pkl-13-0,sub061,,sub061.pkl,4,train,True
sub061.pkl-13-1,sub061.pkl-13-1,sub061,,sub061.pkl,4,train,True
sub061.pkl-13-2,sub061.pkl-13-2,sub061,,sub061.pkl,4,train,True
sub061.pkl-14-0,sub061.pkl-14-0,sub061,,sub061.pkl,4,train,True
sub061.pkl-14-1,sub061.pkl-14-1,sub061,,sub061.pkl,4,train,True
sub061.pkl-14-2,sub061.pkl-14-2,sub061,,sub061.pkl,4,train,True
sub061.pkl-15-0,sub061.pkl-15-0,sub061,,sub061.pkl,4,train,True
sub061.pkl-15-1,sub061.pkl-15-1,sub061,,sub061.pkl,4,train,True
sub061.pkl-15-2,sub061.pkl-15-2,sub061,,sub061.pkl,4,train,True
sub061.pkl-16-0,sub061.pkl-16-0,sub061,,sub061.pkl,5,train,True
sub061.pkl-16-1,sub061.pkl-16-1,sub061,,sub061.pkl,5,train,True
sub061.pkl-16-2,sub061.pkl-16-2,sub061,,sub061.pkl,5,train,True
sub061.pkl-17-0,sub061.pkl-17-0,sub061,,sub061.pkl,5,train,True
sub061.pkl-17-1,sub061.pkl-17-1,sub061,,sub061.pkl,5,train,True
sub061.pkl-17-2,sub061.pkl-17-2,sub061,,sub061.pkl,5,train,True
sub061.pkl-18-0,sub061.pkl-18-0,sub061,,sub061.pkl,5,train,True
sub061.pkl-18-1,sub061.pkl-18-1,sub061,,sub061.pkl,5,train,True
sub061.pkl-18-2,sub061.pkl-18-2,sub061,,sub061.pkl,5,train,True
sub061.pkl-19-0,sub061.pkl-19-0,sub061,,sub061.pkl,6,train,True
sub061.pkl-19-1,sub061.pkl-19-1,sub061,,sub061.pkl,6,train,True
sub061.pkl-19-2,sub061.pkl-19-2,sub061,,sub061.pkl,6,train,True
sub061.pkl-20-0,sub061.pkl-20-0,sub061,,sub061.pkl,6,train,True
sub061.pkl-20-1,sub061.pkl-20-1,sub061,,sub061.pkl,6,train,True
sub061.pkl-20-2,sub061.pkl-20-2,sub061,,sub061.pkl,6,train,True
sub061.pkl-21-0,sub061.pkl-21-0,sub061,,sub061.pkl,6,train,True
sub061.pkl-21-1,sub061.pkl-21-1,sub061,,sub061.pkl,6,train,True
sub061.pkl-21-2,sub061.pkl-21-2,sub061,,sub061.pkl,6,train,True
sub061.pkl-22-0,sub061.pkl-22-0,sub061,,sub061.pkl,7,train,True
sub061.pkl-22-1,sub061.pkl-22-1,sub061,,sub061.pkl,7,train,True
sub061.pkl-22-2,sub061.pkl-22-2,sub061,,sub061.pkl,7,train,True
sub061.pkl-23-0,sub061.pkl-23-0,sub061,,sub061.pkl,7,train,True
sub061.pkl-23-1,sub061.pkl-23-1,sub061,,sub061.pkl,7,train,True
sub061.pkl-23-2,sub061.pkl-23-2,sub061,,sub061.pkl,7,train,True
sub061.pkl-24-0,sub061.pkl-24-0,sub061,,sub061.pkl,7,train,True
sub061.pkl-24-1,sub061.pkl-24-1,sub061,,sub061.pkl,7,train,True
sub061.pkl-24-2,sub061.pkl-24-2,sub061,,sub061.pkl,7,train,True
sub061.pkl-25-0,sub061.pkl-25-0,sub061,,sub061.pkl,8,train,True
sub061.pkl-25-1,sub061.pkl-25-1,sub061,,sub061.pkl,8,train,True
sub061.pkl-25-2,sub061.pkl-25-2,sub061,,sub061.pkl,8,train,True
sub061.pkl-26-0,sub061.pkl-26-0,sub061,,sub061.pkl,8,train,True
sub061.pkl-26-1,sub061.pkl-26-1,sub061,,sub061.pkl,8,train,True
sub061.pkl-26-2,sub061.pkl-26-2,sub061,,sub061.pkl,8,train,True
sub061.pkl-27-0,sub061.pkl-27-0,sub061,,sub061.pkl,8,train,True
sub061.pkl-27-1,sub061.pkl-27-1,sub061,,sub061.pkl,8,train,True
sub061.pkl-27-2,sub061.pkl-27-2,sub061,,sub061.pkl,8,train,True
sub062.pkl-0-0,sub062.pkl-0-0,sub062,,sub062.pkl,0,train,True
sub062.pkl-0-1,sub062.pkl-0-1,sub062,,sub062.pkl,0,train,True
sub062.pkl-0-2,sub062.pkl-0-2,sub062,,sub062.pkl,0,train,True
sub062.pkl-1-0,sub062.pkl-1-0,sub062,,sub062.pkl,0,train,True
sub062.pkl-1-1,sub062.pkl-1-1,sub062,,sub062.pkl,0,train,True
sub062.pkl-1-2,sub062.pkl-1-2,sub062,,sub062.pkl,0,train,True
sub062.pkl-2-0,sub062.pkl-2-0,sub062,,sub062.pkl,0,train,True
sub062.pkl-2-1,sub062.pkl-2-1,sub062,,sub062.pkl,0,train,True
sub062.pkl-2-2,sub062.pkl-2-2,sub062,,sub062.pkl,0,train,True
sub062.pkl-3-0,sub062.pkl-3-0,sub062,,sub062.pkl,1,train,True
sub062.pkl-3-1,sub062.pkl-3-1,sub062,,sub062.pkl,1,train,True
sub062.pkl-3-2,sub062.pkl-3-2,sub062,,sub062.pkl,1,train,True
sub062.pkl-4-0,sub062.pkl-4-0,sub062,,sub062.pkl,1,train,True
sub062.pkl-4-1,sub062.pkl-4-1,sub062,,sub062.pkl,1,train,True
sub062.pkl-4-2,sub062.pkl-4-2,sub062,,sub062.pkl,1,train,True
sub062.pkl-5-0,sub062.pkl-5-0,sub062,,sub062.pkl,1,train,True
sub062.pkl-5-1,sub062.pkl-5-1,sub062,,sub062.pkl,1,train,True
sub062.pkl-5-2,sub062.pkl-5-2,sub062,,sub062.pkl,1,train,True
sub062.pkl-6-0,sub062.pkl-6-0,sub062,,sub062.pkl,2,train,True
sub062.pkl-6-1,sub062.pkl-6-1,sub062,,sub062.pkl,2,train,True
sub062.pkl-6-2,sub062.pkl-6-2,sub062,,sub062.pkl,2,train,True
sub062.pkl-7-0,sub062.pkl-7-0,sub062,,sub062.pkl,2,train,True
sub062.pkl-7-1,sub062.pkl-7-1,sub062,,sub062.pkl,2,train,True
sub062.pkl-7-2,sub062.pkl-7-2,sub062,,sub062.pkl,2,train,True
sub062.pkl-8-0,sub062.pkl-8-0,sub062,,sub062.pkl,2,train,True
sub062.pkl-8-1,sub062.pkl-8-1,sub062,,sub062.pkl,2,train,True
sub062.pkl-8-2,sub062.pkl-8-2,sub062,,sub062.pkl,2,train,True
sub062.pkl-9-0,sub062.pkl-9-0,sub062,,sub062.pkl,3,train,True
sub062.pkl-9-1,sub062.pkl-9-1,sub062,,sub062.pkl,3,train,True
sub062.pkl-9-2,sub062.pkl-9-2,sub062,,sub062.pkl,3,train,True
sub062.pkl-10-0,sub062.pkl-10-0,sub062,,sub062.pkl,3,train,True
sub062.pkl-10-1,sub062.pkl-10-1,sub062,,sub062.pkl,3,train,True
sub062.pkl-10-2,sub062.pkl-10-2,sub062,,sub062.pkl,3,train,True
sub062.pkl-11-0,sub062.pkl-11-0,sub062,,sub062.pkl,3,train,True
sub062.pkl-11-1,sub062.pkl-11-1,sub062,,sub062.pkl,3,train,True
sub062.pkl-11-2,sub062.pkl-11-2,sub062,,sub062.pkl,3,train,True
sub062.pkl-12-0,sub062.pkl-12-0,sub062,,sub062.pkl,4,train,True
sub062.pkl-12-1,sub062.pkl-12-1,sub062,,sub062.pkl,4,train,True
sub062.pkl-12-2,sub062.pkl-12-2,sub062,,sub062.pkl,4,train,True
sub062.pkl-13-0,sub062.pkl-13-0,sub062,,sub062.pkl,4,train,True
sub062.pkl-13-1,sub062.pkl-13-1,sub062,,sub062.pkl,4,train,True
sub062.pkl-13-2,sub062.pkl-13-2,sub062,,sub062.pkl,4,train,True
sub062.pkl-14-0,sub062.pkl-14-0,sub062,,sub062.pkl,4,train,True
sub062.pkl-14-1,sub062.pkl-14-1,sub062,,sub062.pkl,4,train,True
sub062.pkl-14-2,sub062.pkl-14-2,sub062,,sub062.pkl,4,train,True
sub062.pkl-15-0,sub062.pkl-15-0,sub062,,sub062.pkl,4,train,True
sub062.pkl-15-1,sub062.pkl-15-1,sub062,,sub062.pkl,4,train,True
sub062.pkl-15-2,sub062.pkl-15-2,sub062,,sub062.pkl,4,train,True
sub062.pkl-16-0,sub062.pkl-16-0,sub062,,sub062.pkl,5,train,True
sub062.pkl-16-1,sub062.pkl-16-1,sub062,,sub062.pkl,5,train,True
sub062.pkl-16-2,sub062.pkl-16-2,sub062,,sub062.pkl,5,train,True
sub062.pkl-17-0,sub062.pkl-17-0,sub062,,sub062.pkl,5,train,True
sub062.pkl-17-1,sub062.pkl-17-1,sub062,,sub062.pkl,5,train,True
sub062.pkl-17-2,sub062.pkl-17-2,sub062,,sub062.pkl,5,train,True
sub062.pkl-18-0,sub062.pkl-18-0,sub062,,sub062.pkl,5,train,True
sub062.pkl-18-1,sub062.pkl-18-1,sub062,,sub062.pkl,5,train,True
sub062.pkl-18-2,sub062.pkl-18-2,sub062,,sub062.pkl,5,train,True
sub062.pkl-19-0,sub062.pkl-19-0,sub062,,sub062.pkl,6,train,True
sub062.pkl-19-1,sub062.pkl-19-1,sub062,,sub062.pkl,6,train,True
sub062.pkl-19-2,sub062.pkl-19-2,sub062,,sub062.pkl,6,train,True
sub062.pkl-20-0,sub062.pkl-20-0,sub062,,sub062.pkl,6,train,True
sub062.pkl-20-1,sub062.pkl-20-1,sub062,,sub062.pkl,6,train,True
sub062.pkl-20-2,sub062.pkl-20-2,sub062,,sub062.pkl,6,train,True
sub062.pkl-21-0,sub062.pkl-21-0,sub062,,sub062.pkl,6,train,True
sub062.pkl-21-1,sub062.pkl-21-1,sub062,,sub062.pkl,6,train,True
sub062.pkl-21-2,sub062.pkl-21-2,sub062,,sub062.pkl,6,train,True
sub062.pkl-22-0,sub062.pkl-22-0,sub062,,sub062.pkl,7,train,True
sub062.pkl-22-1,sub062.pkl-22-1,sub062,,sub062.pkl,7,train,True
sub062.pkl-22-2,sub062.pkl-22-2,sub062,,sub062.pkl,7,train,True
sub062.pkl-23-0,sub062.pkl-23-0,sub062,,sub062.pkl,7,train,True
sub062.pkl-23-1,sub062.pkl-23-1,sub062,,sub062.pkl,7,train,True
sub062.pkl-23-2,sub062.pkl-23-2,sub062,,sub062.pkl,7,train,True
sub062.pkl-24-0,sub062.pkl-24-0,sub062,,sub062.pkl,7,train,True
sub062.pkl-24-1,sub062.pkl-24-1,sub062,,sub062.pkl,7,train,True
sub062.pkl-24-2,sub062.pkl-24-2,sub062,,sub062.pkl,7,train,True
sub062.pkl-25-0,sub062.pkl-25-0,sub062,,sub062.pkl,8,train,True
sub062.pkl-25-1,sub062.pkl-25-1,sub062,,sub062.pkl,8,train,True
sub062.pkl-25-2,sub062.pkl-25-2,sub062,,sub062.pkl,8,train,True
sub062.pkl-26-0,sub062.pkl-26-0,sub062,,sub062.pkl,8,train,True
sub062.pkl-26-1,sub062.pkl-26-1,sub062,,sub062.pkl,8,train,True
sub062.pkl-26-2,sub062.pkl-26-2,sub062,,sub062.pkl,8,train,True
sub062.pkl-27-0,sub062.pkl-27-0,sub062,,sub062.pkl,8,train,True
sub062.pkl-27-1,sub062.pkl-27-1,sub062,,sub062.pkl,8,train,True
sub062.pkl-27-2,sub062.pkl-27-2,sub062,,sub062.pkl,8,train,True
sub063.pkl-0-0,sub063.pkl-0-0,sub063,,sub063.pkl,0,train,True
sub063.pkl-0-1,sub063.pkl-0-1,sub063,,sub063.pkl,0,train,True
sub063.pkl-0-2,sub063.pkl-0-2,sub063,,sub063.pkl,0,train,True
sub063.pkl-1-0,sub063.pkl-1-0,sub063,,sub063.pkl,0,train,True
sub063.pkl-1-1,sub063.pkl-1-1,sub063,,sub063.pkl,0,train,True
sub063.pkl-1-2,sub063.pkl-1-2,sub063,,sub063.pkl,0,train,True
sub063.pkl-2-0,sub063.pkl-2-0,sub063,,sub063.pkl,0,train,True
sub063.pkl-2-1,sub063.pkl-2-1,sub063,,sub063.pkl,0,train,True
sub063.pkl-2-2,sub063.pkl-2-2,sub063,,sub063.pkl,0,train,True
sub063.pkl-3-0,sub063.pkl-3-0,sub063,,sub063.pkl,1,train,True
sub063.pkl-3-1,sub063.pkl-3-1,sub063,,sub063.pkl,1,train,True
sub063.pkl-3-2,sub063.pkl-3-2,sub063,,sub063.pkl,1,train,True
sub063.pkl-4-0,sub063.pkl-4-0,sub063,,sub063.pkl,1,train,True
sub063.pkl-4-1,sub063.pkl-4-1,sub063,,sub063.pkl,1,train,True
sub063.pkl-4-2,sub063.pkl-4-2,sub063,,sub063.pkl,1,train,True
sub063.pkl-5-0,sub063.pkl-5-0,sub063,,sub063.pkl,1,train,True
sub063.pkl-5-1,sub063.pkl-5-1,sub063,,sub063.pkl,1,train,True
sub063.pkl-5-2,sub063.pkl-5-2,sub063,,sub063.pkl,1,train,True
sub063.pkl-6-0,sub063.pkl-6-0,sub063,,sub063.pkl,2,train,True
sub063.pkl-6-1,sub063.pkl-6-1,sub063,,sub063.pkl,2,train,True
sub063.pkl-6-2,sub063.pkl-6-2,sub063,,sub063.pkl,2,train,True
sub063.pkl-7-0,sub063.pkl-7-0,sub063,,sub063.pkl,2,train,True
sub063.pkl-7-1,sub063.pkl-7-1,sub063,,sub063.pkl,2,train,True
sub063.pkl-7-2,sub063.pkl-7-2,sub063,,sub063.pkl,2,train,True
sub063.pkl-8-0,sub063.pkl-8-0,sub063,,sub063.pkl,2,train,True
sub063.pkl-8-1,sub063.pkl-8-1,sub063,,sub063.pkl,2,train,True
sub063.pkl-8-2,sub063.pkl-8-2,sub063,,sub063.pkl,2,train,True
sub063.pkl-9-0,sub063.pkl-9-0,sub063,,sub063.pkl,3,train,True
sub063.pkl-9-1,sub063.pkl-9-1,sub063,,sub063.pkl,3,train,True
sub063.pkl-9-2,sub063.pkl-9-2,sub063,,sub063.pkl,3,train,True
sub063.pkl-10-0,sub063.pkl-10-0,sub063,,sub063.pkl,3,train,True
sub063.pkl-10-1,sub063.pkl-10-1,sub063,,sub063.pkl,3,train,True
sub063.pkl-10-2,sub063.pkl-10-2,sub063,,sub063.pkl,3,train,True
sub063.pkl-11-0,sub063.pkl-11-0,sub063,,sub063.pkl,3,train,True
sub063.pkl-11-1,sub063.pkl-11-1,sub063,,sub063.pkl,3,train,True
sub063.pkl-11-2,sub063.pkl-11-2,sub063,,sub063.pkl,3,train,True
sub063.pkl-12-0,sub063.pkl-12-0,sub063,,sub063.pkl,4,train,True
sub063.pkl-12-1,sub063.pkl-12-1,sub063,,sub063.pkl,4,train,True
sub063.pkl-12-2,sub063.pkl-12-2,sub063,,sub063.pkl,4,train,True
sub063.pkl-13-0,sub063.pkl-13-0,sub063,,sub063.pkl,4,train,True
sub063.pkl-13-1,sub063.pkl-13-1,sub063,,sub063.pkl,4,train,True
sub063.pkl-13-2,sub063.pkl-13-2,sub063,,sub063.pkl,4,train,True
sub063.pkl-14-0,sub063.pkl-14-0,sub063,,sub063.pkl,4,train,True
sub063.pkl-14-1,sub063.pkl-14-1,sub063,,sub063.pkl,4,train,True
sub063.pkl-14-2,sub063.pkl-14-2,sub063,,sub063.pkl,4,train,True
sub063.pkl-15-0,sub063.pkl-15-0,sub063,,sub063.pkl,4,train,True
sub063.pkl-15-1,sub063.pkl-15-1,sub063,,sub063.pkl,4,train,True
sub063.pkl-15-2,sub063.pkl-15-2,sub063,,sub063.pkl,4,train,True
sub063.pkl-16-0,sub063.pkl-16-0,sub063,,sub063.pkl,5,train,True
sub063.pkl-16-1,sub063.pkl-16-1,sub063,,sub063.pkl,5,train,True
sub063.pkl-16-2,sub063.pkl-16-2,sub063,,sub063.pkl,5,train,True
sub063.pkl-17-0,sub063.pkl-17-0,sub063,,sub063.pkl,5,train,True
sub063.pkl-17-1,sub063.pkl-17-1,sub063,,sub063.pkl,5,train,True
sub063.pkl-17-2,sub063.pkl-17-2,sub063,,sub063.pkl,5,train,True
sub063.pkl-18-0,sub063.pkl-18-0,sub063,,sub063.pkl,5,train,True
sub063.pkl-18-1,sub063.pkl-18-1,sub063,,sub063.pkl,5,train,True
sub063.pkl-18-2,sub063.pkl-18-2,sub063,,sub063.pkl,5,train,True
sub063.pkl-19-0,sub063.pkl-19-0,sub063,,sub063.pkl,6,train,True
sub063.pkl-19-1,sub063.pkl-19-1,sub063,,sub063.pkl,6,train,True
sub063.pkl-19-2,sub063.pkl-19-2,sub063,,sub063.pkl,6,train,True
sub063.pkl-20-0,sub063.pkl-20-0,sub063,,sub063.pkl,6,train,True
sub063.pkl-20-1,sub063.pkl-20-1,sub063,,sub063.pkl,6,train,True
sub063.pkl-20-2,sub063.pkl-20-2,sub063,,sub063.pkl,6,train,True
sub063.pkl-21-0,sub063.pkl-21-0,sub063,,sub063.pkl,6,train,True
sub063.pkl-21-1,sub063.pkl-21-1,sub063,,sub063.pkl,6,train,True
sub063.pkl-21-2,sub063.pkl-21-2,sub063,,sub063.pkl,6,train,True
sub063.pkl-22-0,sub063.pkl-22-0,sub063,,sub063.pkl,7,train,True
sub063.pkl-22-1,sub063.pkl-22-1,sub063,,sub063.pkl,7,train,True
sub063.pkl-22-2,sub063.pkl-22-2,sub063,,sub063.pkl,7,train,True
sub063.pkl-23-0,sub063.pkl-23-0,sub063,,sub063.pkl,7,train,True
sub063.pkl-23-1,sub063.pkl-23-1,sub063,,sub063.pkl,7,train,True
sub063.pkl-23-2,sub063.pkl-23-2,sub063,,sub063.pkl,7,train,True
sub063.pkl-24-0,sub063.pkl-24-0,sub063,,sub063.pkl,7,train,True
sub063.pkl-24-1,sub063.pkl-24-1,sub063,,sub063.pkl,7,train,True
sub063.pkl-24-2,sub063.pkl-24-2,sub063,,sub063.pkl,7,train,True
sub063.pkl-25-0,sub063.pkl-25-0,sub063,,sub063.pkl,8,train,True
sub063.pkl-25-1,sub063.pkl-25-1,sub063,,sub063.pkl,8,train,True
sub063.pkl-25-2,sub063.pkl-25-2,sub063,,sub063.pkl,8,train,True
sub063.pkl-26-0,sub063.pkl-26-0,sub063,,sub063.pkl,8,train,True
sub063.pkl-26-1,sub063.pkl-26-1,sub063,,sub063.pkl,8,train,True
sub063.pkl-26-2,sub063.pkl-26-2,sub063,,sub063.pkl,8,train,True
sub063.pkl-27-0,sub063.pkl-27-0,sub063,,sub063.pkl,8,train,True
sub063.pkl-27-1,sub063.pkl-27-1,sub063,,sub063.pkl,8,train,True
sub063.pkl-27-2,sub063.pkl-27-2,sub063,,sub063.pkl,8,train,True
sub064.pkl-0-0,sub064.pkl-0-0,sub064,,sub064.pkl,0,train,True
sub064.pkl-0-1,sub064.pkl-0-1,sub064,,sub064.pkl,0,train,True
sub064.pkl-0-2,sub064.pkl-0-2,sub064,,sub064.pkl,0,train,True
sub064.pkl-1-0,sub064.pkl-1-0,sub064,,sub064.pkl,0,train,True
sub064.pkl-1-1,sub064.pkl-1-1,sub064,,sub064.pkl,0,train,True
sub064.pkl-1-2,sub064.pkl-1-2,sub064,,sub064.pkl,0,train,True
sub064.pkl-2-0,sub064.pkl-2-0,sub064,,sub064.pkl,0,train,True
sub064.pkl-2-1,sub064.pkl-2-1,sub064,,sub064.pkl,0,train,True
sub064.pkl-2-2,sub064.pkl-2-2,sub064,,sub064.pkl,0,train,True
sub064.pkl-3-0,sub064.pkl-3-0,sub064,,sub064.pkl,1,train,True
sub064.pkl-3-1,sub064.pkl-3-1,sub064,,sub064.pkl,1,train,True
sub064.pkl-3-2,sub064.pkl-3-2,sub064,,sub064.pkl,1,train,True
sub064.pkl-4-0,sub064.pkl-4-0,sub064,,sub064.pkl,1,train,True
sub064.pkl-4-1,sub064.pkl-4-1,sub064,,sub064.pkl,1,train,True
sub064.pkl-4-2,sub064.pkl-4-2,sub064,,sub064.pkl,1,train,True
sub064.pkl-5-0,sub064.pkl-5-0,sub064,,sub064.pkl,1,train,True
sub064.pkl-5-1,sub064.pkl-5-1,sub064,,sub064.pkl,1,train,True
sub064.pkl-5-2,sub064.pkl-5-2,sub064,,sub064.pkl,1,train,True
sub064.pkl-6-0,sub064.pkl-6-0,sub064,,sub064.pkl,2,train,True
sub064.pkl-6-1,sub064.pkl-6-1,sub064,,sub064.pkl,2,train,True
sub064.pkl-6-2,sub064.pkl-6-2,sub064,,sub064.pkl,2,train,True
sub064.pkl-7-0,sub064.pkl-7-0,sub064,,sub064.pkl,2,train,True
sub064.pkl-7-1,sub064.pkl-7-1,sub064,,sub064.pkl,2,train,True
sub064.pkl-7-2,sub064.pkl-7-2,sub064,,sub064.pkl,2,train,True
sub064.pkl-8-0,sub064.pkl-8-0,sub064,,sub064.pkl,2,train,True
sub064.pkl-8-1,sub064.pkl-8-1,sub064,,sub064.pkl,2,train,True
sub064.pkl-8-2,sub064.pkl-8-2,sub064,,sub064.pkl,2,train,True
sub064.pkl-9-0,sub064.pkl-9-0,sub064,,sub064.pkl,3,train,True
sub064.pkl-9-1,sub064.pkl-9-1,sub064,,sub064.pkl,3,train,True
sub064.pkl-9-2,sub064.pkl-9-2,sub064,,sub064.pkl,3,train,True
sub064.pkl-10-0,sub064.pkl-10-0,sub064,,sub064.pkl,3,train,True
sub064.pkl-10-1,sub064.pkl-10-1,sub064,,sub064.pkl,3,train,True
sub064.pkl-10-2,sub064.pkl-10-2,sub064,,sub064.pkl,3,train,True
sub064.pkl-11-0,sub064.pkl-11-0,sub064,,sub064.pkl,3,train,True
sub064.pkl-11-1,sub064.pkl-11-1,sub064,,sub064.pkl,3,train,True
sub064.pkl-11-2,sub064.pkl-11-2,sub064,,sub064.pkl,3,train,True
sub064.pkl-12-0,sub064.pkl-12-0,sub064,,sub064.pkl,4,train,True
sub064.pkl-12-1,sub064.pkl-12-1,sub064,,sub064.pkl,4,train,True
sub064.pkl-12-2,sub064.pkl-12-2,sub064,,sub064.pkl,4,train,True
sub064.pkl-13-0,sub064.pkl-13-0,sub064,,sub064.pkl,4,train,True
sub064.pkl-13-1,sub064.pkl-13-1,sub064,,sub064.pkl,4,train,True
sub064.pkl-13-2,sub064.pkl-13-2,sub064,,sub064.pkl,4,train,True
sub064.pkl-14-0,sub064.pkl-14-0,sub064,,sub064.pkl,4,train,True
sub064.pkl-14-1,sub064.pkl-14-1,sub064,,sub064.pkl,4,train,True
sub064.pkl-14-2,sub064.pkl-14-2,sub064,,sub064.pkl,4,train,True
sub064.pkl-15-0,sub064.pkl-15-0,sub064,,sub064.pkl,4,train,True
sub064.pkl-15-1,sub064.pkl-15-1,sub064,,sub064.pkl,4,train,True
sub064.pkl-15-2,sub064.pkl-15-2,sub064,,sub064.pkl,4,train,True
sub064.pkl-16-0,sub064.pkl-16-0,sub064,,sub064.pkl,5,train,True
sub064.pkl-16-1,sub064.pkl-16-1,sub064,,sub064.pkl,5,train,True
sub064.pkl-16-2,sub064.pkl-16-2,sub064,,sub064.pkl,5,train,True
sub064.pkl-17-0,sub064.pkl-17-0,sub064,,sub064.pkl,5,train,True
sub064.pkl-17-1,sub064.pkl-17-1,sub064,,sub064.pkl,5,train,True
sub064.pkl-17-2,sub064.pkl-17-2,sub064,,sub064.pkl,5,train,True
sub064.pkl-18-0,sub064.pkl-18-0,sub064,,sub064.pkl,5,train,True
sub064.pkl-18-1,sub064.pkl-18-1,sub064,,sub064.pkl,5,train,True
sub064.pkl-18-2,sub064.pkl-18-2,sub064,,sub064.pkl,5,train,True
sub064.pkl-19-0,sub064.pkl-19-0,sub064,,sub064.pkl,6,train,True
sub064.pkl-19-1,sub064.pkl-19-1,sub064,,sub064.pkl,6,train,True
sub064.pkl-19-2,sub064.pkl-19-2,sub064,,sub064.pkl,6,train,True
sub064.pkl-20-0,sub064.pkl-20-0,sub064,,sub064.pkl,6,train,True
sub064.pkl-20-1,sub064.pkl-20-1,sub064,,sub064.pkl,6,train,True
sub064.pkl-20-2,sub064.pkl-20-2,sub064,,sub064.pkl,6,train,True
sub064.pkl-21-0,sub064.pkl-21-0,sub064,,sub064.pkl,6,train,True
sub064.pkl-21-1,sub064.pkl-21-1,sub064,,sub064.pkl,6,train,True
sub064.pkl-21-2,sub064.pkl-21-2,sub064,,sub064.pkl,6,train,True
sub064.pkl-22-0,sub064.pkl-22-0,sub064,,sub064.pkl,7,train,True
sub064.pkl-22-1,sub064.pkl-22-1,sub064,,sub064.pkl,7,train,True
sub064.pkl-22-2,sub064.pkl-22-2,sub064,,sub064.pkl,7,train,True
sub064.pkl-23-0,sub064.pkl-23-0,sub064,,sub064.pkl,7,train,True
sub064.pkl-23-1,sub064.pkl-23-1,sub064,,sub064.pkl,7,train,True
sub064.pkl-23-2,sub064.pkl-23-2,sub064,,sub064.pkl,7,train,True
sub064.pkl-24-0,sub064.pkl-24-0,sub064,,sub064.pkl,7,train,True
sub064.pkl-24-1,sub064.pkl-24-1,sub064,,sub064.pkl,7,train,True
sub064.pkl-24-2,sub064.pkl-24-2,sub064,,sub064.pkl,7,train,True
sub064.pkl-25-0,sub064.pkl-25-0,sub064,,sub064.pkl,8,train,True
sub064.pkl-25-1,sub064.pkl-25-1,sub064,,sub064.pkl,8,train,True
sub064.pkl-25-2,sub064.pkl-25-2,sub064,,sub064.pkl,8,train,True
sub064.pkl-26-0,sub064.pkl-26-0,sub064,,sub064.pkl,8,train,True
sub064.pkl-26-1,sub064.pkl-26-1,sub064,,sub064.pkl,8,train,True
sub064.pkl-26-2,sub064.pkl-26-2,sub064,,sub064.pkl,8,train,True
sub064.pkl-27-0,sub064.pkl-27-0,sub064,,sub064.pkl,8,train,True
sub064.pkl-27-1,sub064.pkl-27-1,sub064,,sub064.pkl,8,train,True
sub064.pkl-27-2,sub064.pkl-27-2,sub064,,sub064.pkl,8,train,True
sub065.pkl-0-0,sub065.pkl-0-0,sub065,,sub065.pkl,0,train,True
sub065.pkl-0-1,sub065.pkl-0-1,sub065,,sub065.pkl,0,train,True
sub065.pkl-0-2,sub065.pkl-0-2,sub065,,sub065.pkl,0,train,True
sub065.pkl-1-0,sub065.pkl-1-0,sub065,,sub065.pkl,0,train,True
sub065.pkl-1-1,sub065.pkl-1-1,sub065,,sub065.pkl,0,train,True
sub065.pkl-1-2,sub065.pkl-1-2,sub065,,sub065.pkl,0,train,True
sub065.pkl-2-0,sub065.pkl-2-0,sub065,,sub065.pkl,0,train,True
sub065.pkl-2-1,sub065.pkl-2-1,sub065,,sub065.pkl,0,train,True
sub065.pkl-2-2,sub065.pkl-2-2,sub065,,sub065.pkl,0,train,True
sub065.pkl-3-0,sub065.pkl-3-0,sub065,,sub065.pkl,1,train,True
sub065.pkl-3-1,sub065.pkl-3-1,sub065,,sub065.pkl,1,train,True
sub065.pkl-3-2,sub065.pkl-3-2,sub065,,sub065.pkl,1,train,True
sub065.pkl-4-0,sub065.pkl-4-0,sub065,,sub065.pkl,1,train,True
sub065.pkl-4-1,sub065.pkl-4-1,sub065,,sub065.pkl,1,train,True
sub065.pkl-4-2,sub065.pkl-4-2,sub065,,sub065.pkl,1,train,True
sub065.pkl-5-0,sub065.pkl-5-0,sub065,,sub065.pkl,1,train,True
sub065.pkl-5-1,sub065.pkl-5-1,sub065,,sub065.pkl,1,train,True
sub065.pkl-5-2,sub065.pkl-5-2,sub065,,sub065.pkl,1,train,True
sub065.pkl-6-0,sub065.pkl-6-0,sub065,,sub065.pkl,2,train,True
sub065.pkl-6-1,sub065.pkl-6-1,sub065,,sub065.pkl,2,train,True
sub065.pkl-6-2,sub065.pkl-6-2,sub065,,sub065.pkl,2,train,True
sub065.pkl-7-0,sub065.pkl-7-0,sub065,,sub065.pkl,2,train,True
sub065.pkl-7-1,sub065.pkl-7-1,sub065,,sub065.pkl,2,train,True
sub065.pkl-7-2,sub065.pkl-7-2,sub065,,sub065.pkl,2,train,True
sub065.pkl-8-0,sub065.pkl-8-0,sub065,,sub065.pkl,2,train,True
sub065.pkl-8-1,sub065.pkl-8-1,sub065,,sub065.pkl,2,train,True
sub065.pkl-8-2,sub065.pkl-8-2,sub065,,sub065.pkl,2,train,True
sub065.pkl-9-0,sub065.pkl-9-0,sub065,,sub065.pkl,3,train,True
sub065.pkl-9-1,sub065.pkl-9-1,sub065,,sub065.pkl,3,train,True
sub065.pkl-9-2,sub065.pkl-9-2,sub065,,sub065.pkl,3,train,True
sub065.pkl-10-0,sub065.pkl-10-0,sub065,,sub065.pkl,3,train,True
sub065.pkl-10-1,sub065.pkl-10-1,sub065,,sub065.pkl,3,train,True
sub065.pkl-10-2,sub065.pkl-10-2,sub065,,sub065.pkl,3,train,True
sub065.pkl-11-0,sub065.pkl-11-0,sub065,,sub065.pkl,3,train,True
sub065.pkl-11-1,sub065.pkl-11-1,sub065,,sub065.pkl,3,train,True
sub065.pkl-11-2,sub065.pkl-11-2,sub065,,sub065.pkl,3,train,True
sub065.pkl-12-0,sub065.pkl-12-0,sub065,,sub065.pkl,4,train,True
sub065.pkl-12-1,sub065.pkl-12-1,sub065,,sub065.pkl,4,train,True
sub065.pkl-12-2,sub065.pkl-12-2,sub065,,sub065.pkl,4,train,True
sub065.pkl-13-0,sub065.pkl-13-0,sub065,,sub065.pkl,4,train,True
sub065.pkl-13-1,sub065.pkl-13-1,sub065,,sub065.pkl,4,train,True
sub065.pkl-13-2,sub065.pkl-13-2,sub065,,sub065.pkl,4,train,True
sub065.pkl-14-0,sub065.pkl-14-0,sub065,,sub065.pkl,4,train,True
sub065.pkl-14-1,sub065.pkl-14-1,sub065,,sub065.pkl,4,train,True
sub065.pkl-14-2,sub065.pkl-14-2,sub065,,sub065.pkl,4,train,True
sub065.pkl-15-0,sub065.pkl-15-0,sub065,,sub065.pkl,4,train,True
sub065.pkl-15-1,sub065.pkl-15-1,sub065,,sub065.pkl,4,train,True
sub065.pkl-15-2,sub065.pkl-15-2,sub065,,sub065.pkl,4,train,True
sub065.pkl-16-0,sub065.pkl-16-0,sub065,,sub065.pkl,5,train,True
sub065.pkl-16-1,sub065.pkl-16-1,sub065,,sub065.pkl,5,train,True
sub065.pkl-16-2,sub065.pkl-16-2,sub065,,sub065.pkl,5,train,True
sub065.pkl-17-0,sub065.pkl-17-0,sub065,,sub065.pkl,5,train,True
sub065.pkl-17-1,sub065.pkl-17-1,sub065,,sub065.pkl,5,train,True
sub065.pkl-17-2,sub065.pkl-17-2,sub065,,sub065.pkl,5,train,True
sub065.pkl-18-0,sub065.pkl-18-0,sub065,,sub065.pkl,5,train,True
sub065.pkl-18-1,sub065.pkl-18-1,sub065,,sub065.pkl,5,train,True
sub065.pkl-18-2,sub065.pkl-18-2,sub065,,sub065.pkl,5,train,True
sub065.pkl-19-0,sub065.pkl-19-0,sub065,,sub065.pkl,6,train,True
sub065.pkl-19-1,sub065.pkl-19-1,sub065,,sub065.pkl,6,train,True
sub065.pkl-19-2,sub065.pkl-19-2,sub065,,sub065.pkl,6,train,True
sub065.pkl-20-0,sub065.pkl-20-0,sub065,,sub065.pkl,6,train,True
sub065.pkl-20-1,sub065.pkl-20-1,sub065,,sub065.pkl,6,train,True
sub065.pkl-20-2,sub065.pkl-20-2,sub065,,sub065.pkl,6,train,True
sub065.pkl-21-0,sub065.pkl-21-0,sub065,,sub065.pkl,6,train,True
sub065.pkl-21-1,sub065.pkl-21-1,sub065,,sub065.pkl,6,train,True
sub065.pkl-21-2,sub065.pkl-21-2,sub065,,sub065.pkl,6,train,True
sub065.pkl-22-0,sub065.pkl-22-0,sub065,,sub065.pkl,7,train,True
sub065.pkl-22-1,sub065.pkl-22-1,sub065,,sub065.pkl,7,train,True
sub065.pkl-22-2,sub065.pkl-22-2,sub065,,sub065.pkl,7,train,True
sub065.pkl-23-0,sub065.pkl-23-0,sub065,,sub065.pkl,7,train,True
sub065.pkl-23-1,sub065.pkl-23-1,sub065,,sub065.pkl,7,train,True
sub065.pkl-23-2,sub065.pkl-23-2,sub065,,sub065.pkl,7,train,True
sub065.pkl-24-0,sub065.pkl-24-0,sub065,,sub065.pkl,7,train,True
sub065.pkl-24-1,sub065.pkl-24-1,sub065,,sub065.pkl,7,train,True
sub065.pkl-24-2,sub065.pkl-24-2,sub065,,sub065.pkl,7,train,True
sub065.pkl-25-0,sub065.pkl-25-0,sub065,,sub065.pkl,8,train,True
sub065.pkl-25-1,sub065.pkl-25-1,sub065,,sub065.pkl,8,train,True
sub065.pkl-25-2,sub065.pkl-25-2,sub065,,sub065.pkl,8,train,True
sub065.pkl-26-0,sub065.pkl-26-0,sub065,,sub065.pkl,8,train,True
sub065.pkl-26-1,sub065.pkl-26-1,sub065,,sub065.pkl,8,train,True
sub065.pkl-26-2,sub065.pkl-26-2,sub065,,sub065.pkl,8,train,True
sub065.pkl-27-0,sub065.pkl-27-0,sub065,,sub065.pkl,8,train,True
sub065.pkl-27-1,sub065.pkl-27-1,sub065,,sub065.pkl,8,train,True
sub065.pkl-27-2,sub065.pkl-27-2,sub065,,sub065.pkl,8,train,True
sub066.pkl-0-0,sub066.pkl-0-0,sub066,,sub066.pkl,0,train,True
sub066.pkl-0-1,sub066.pkl-0-1,sub066,,sub066.pkl,0,train,True
sub066.pkl-0-2,sub066.pkl-0-2,sub066,,sub066.pkl,0,train,True
sub066.pkl-1-0,sub066.pkl-1-0,sub066,,sub066.pkl,0,train,True
sub066.pkl-1-1,sub066.pkl-1-1,sub066,,sub066.pkl,0,train,True
sub066.pkl-1-2,sub066.pkl-1-2,sub066,,sub066.pkl,0,train,True
sub066.pkl-2-0,sub066.pkl-2-0,sub066,,sub066.pkl,0,train,True
sub066.pkl-2-1,sub066.pkl-2-1,sub066,,sub066.pkl,0,train,True
sub066.pkl-2-2,sub066.pkl-2-2,sub066,,sub066.pkl,0,train,True
sub066.pkl-3-0,sub066.pkl-3-0,sub066,,sub066.pkl,1,train,True
sub066.pkl-3-1,sub066.pkl-3-1,sub066,,sub066.pkl,1,train,True
sub066.pkl-3-2,sub066.pkl-3-2,sub066,,sub066.pkl,1,train,True
sub066.pkl-4-0,sub066.pkl-4-0,sub066,,sub066.pkl,1,train,True
sub066.pkl-4-1,sub066.pkl-4-1,sub066,,sub066.pkl,1,train,True
sub066.pkl-4-2,sub066.pkl-4-2,sub066,,sub066.pkl,1,train,True
sub066.pkl-5-0,sub066.pkl-5-0,sub066,,sub066.pkl,1,train,True
sub066.pkl-5-1,sub066.pkl-5-1,sub066,,sub066.pkl,1,train,True
sub066.pkl-5-2,sub066.pkl-5-2,sub066,,sub066.pkl,1,train,True
sub066.pkl-6-0,sub066.pkl-6-0,sub066,,sub066.pkl,2,train,True
sub066.pkl-6-1,sub066.pkl-6-1,sub066,,sub066.pkl,2,train,True
sub066.pkl-6-2,sub066.pkl-6-2,sub066,,sub066.pkl,2,train,True
sub066.pkl-7-0,sub066.pkl-7-0,sub066,,sub066.pkl,2,train,True
sub066.pkl-7-1,sub066.pkl-7-1,sub066,,sub066.pkl,2,train,True
sub066.pkl-7-2,sub066.pkl-7-2,sub066,,sub066.pkl,2,train,True
sub066.pkl-8-0,sub066.pkl-8-0,sub066,,sub066.pkl,2,train,True
sub066.pkl-8-1,sub066.pkl-8-1,sub066,,sub066.pkl,2,train,True
sub066.pkl-8-2,sub066.pkl-8-2,sub066,,sub066.pkl,2,train,True
sub066.pkl-9-0,sub066.pkl-9-0,sub066,,sub066.pkl,3,train,True
sub066.pkl-9-1,sub066.pkl-9-1,sub066,,sub066.pkl,3,train,True
sub066.pkl-9-2,sub066.pkl-9-2,sub066,,sub066.pkl,3,train,True
sub066.pkl-10-0,sub066.pkl-10-0,sub066,,sub066.pkl,3,train,True
sub066.pkl-10-1,sub066.pkl-10-1,sub066,,sub066.pkl,3,train,True
sub066.pkl-10-2,sub066.pkl-10-2,sub066,,sub066.pkl,3,train,True
sub066.pkl-11-0,sub066.pkl-11-0,sub066,,sub066.pkl,3,train,True
sub066.pkl-11-1,sub066.pkl-11-1,sub066,,sub066.pkl,3,train,True
sub066.pkl-11-2,sub066.pkl-11-2,sub066,,sub066.pkl,3,train,True
sub066.pkl-12-0,sub066.pkl-12-0,sub066,,sub066.pkl,4,train,True
sub066.pkl-12-1,sub066.pkl-12-1,sub066,,sub066.pkl,4,train,True
sub066.pkl-12-2,sub066.pkl-12-2,sub066,,sub066.pkl,4,train,True
sub066.pkl-13-0,sub066.pkl-13-0,sub066,,sub066.pkl,4,train,True
sub066.pkl-13-1,sub066.pkl-13-1,sub066,,sub066.pkl,4,train,True
sub066.pkl-13-2,sub066.pkl-13-2,sub066,,sub066.pkl,4,train,True
sub066.pkl-14-0,sub066.pkl-14-0,sub066,,sub066.pkl,4,train,True
sub066.pkl-14-1,sub066.pkl-14-1,sub066,,sub066.pkl,4,train,True
sub066.pkl-14-2,sub066.pkl-14-2,sub066,,sub066.pkl,4,train,True
sub066.pkl-15-0,sub066.pkl-15-0,sub066,,sub066.pkl,4,train,True
sub066.pkl-15-1,sub066.pkl-15-1,sub066,,sub066.pkl,4,train,True
sub066.pkl-15-2,sub066.pkl-15-2,sub066,,sub066.pkl,4,train,True
sub066.pkl-16-0,sub066.pkl-16-0,sub066,,sub066.pkl,5,train,True
sub066.pkl-16-1,sub066.pkl-16-1,sub066,,sub066.pkl,5,train,True
sub066.pkl-16-2,sub066.pkl-16-2,sub066,,sub066.pkl,5,train,True
sub066.pkl-17-0,sub066.pkl-17-0,sub066,,sub066.pkl,5,train,True
sub066.pkl-17-1,sub066.pkl-17-1,sub066,,sub066.pkl,5,train,True
sub066.pkl-17-2,sub066.pkl-17-2,sub066,,sub066.pkl,5,train,True
sub066.pkl-18-0,sub066.pkl-18-0,sub066,,sub066.pkl,5,train,True
sub066.pkl-18-1,sub066.pkl-18-1,sub066,,sub066.pkl,5,train,True
sub066.pkl-18-2,sub066.pkl-18-2,sub066,,sub066.pkl,5,train,True
sub066.pkl-19-0,sub066.pkl-19-0,sub066,,sub066.pkl,6,train,True
sub066.pkl-19-1,sub066.pkl-19-1,sub066,,sub066.pkl,6,train,True
sub066.pkl-19-2,sub066.pkl-19-2,sub066,,sub066.pkl,6,train,True
sub066.pkl-20-0,sub066.pkl-20-0,sub066,,sub066.pkl,6,train,True
sub066.pkl-20-1,sub066.pkl-20-1,sub066,,sub066.pkl,6,train,True
sub066.pkl-20-2,sub066.pkl-20-2,sub066,,sub066.pkl,6,train,True
sub066.pkl-21-0,sub066.pkl-21-0,sub066,,sub066.pkl,6,train,True
sub066.pkl-21-1,sub066.pkl-21-1,sub066,,sub066.pkl,6,train,True
sub066.pkl-21-2,sub066.pkl-21-2,sub066,,sub066.pkl,6,train,True
sub066.pkl-22-0,sub066.pkl-22-0,sub066,,sub066.pkl,7,train,True
sub066.pkl-22-1,sub066.pkl-22-1,sub066,,sub066.pkl,7,train,True
sub066.pkl-22-2,sub066.pkl-22-2,sub066,,sub066.pkl,7,train,True
sub066.pkl-23-0,sub066.pkl-23-0,sub066,,sub066.pkl,7,train,True
sub066.pkl-23-1,sub066.pkl-23-1,sub066,,sub066.pkl,7,train,True
sub066.pkl-23-2,sub066.pkl-23-2,sub066,,sub066.pkl,7,train,True
sub066.pkl-24-0,sub066.pkl-24-0,sub066,,sub066.pkl,7,train,True
sub066.pkl-24-1,sub066.pkl-24-1,sub066,,sub066.pkl,7,train,True
sub066.pkl-24-2,sub066.pkl-24-2,sub066,,sub066.pkl,7,train,True
sub066.pkl-25-0,sub066.pkl-25-0,sub066,,sub066.pkl,8,train,True
sub066.pkl-25-1,sub066.pkl-25-1,sub066,,sub066.pkl,8,train,True
sub066.pkl-25-2,sub066.pkl-25-2,sub066,,sub066.pkl,8,train,True
sub066.pkl-26-0,sub066.pkl-26-0,sub066,,sub066.pkl,8,train,True
sub066.pkl-26-1,sub066.pkl-26-1,sub066,,sub066.pkl,8,train,True
sub066.pkl-26-2,sub066.pkl-26-2,sub066,,sub066.pkl,8,train,True
sub066.pkl-27-0,sub066.pkl-27-0,sub066,,sub066.pkl,8,train,True
sub066.pkl-27-1,sub066.pkl-27-1,sub066,,sub066.pkl,8,train,True
sub066.pkl-27-2,sub066.pkl-27-2,sub066,,sub066.pkl,8,train,True
sub067.pkl-0-0,sub067.pkl-0-0,sub067,,sub067.pkl,0,train,True
sub067.pkl-0-1,sub067.pkl-0-1,sub067,,sub067.pkl,0,train,True
sub067.pkl-0-2,sub067.pkl-0-2,sub067,,sub067.pkl,0,train,True
sub067.pkl-1-0,sub067.pkl-1-0,sub067,,sub067.pkl,0,train,True
sub067.pkl-1-1,sub067.pkl-1-1,sub067,,sub067.pkl,0,train,True
sub067.pkl-1-2,sub067.pkl-1-2,sub067,,sub067.pkl,0,train,True
sub067.pkl-2-0,sub067.pkl-2-0,sub067,,sub067.pkl,0,train,True
sub067.pkl-2-1,sub067.pkl-2-1,sub067,,sub067.pkl,0,train,True
sub067.pkl-2-2,sub067.pkl-2-2,sub067,,sub067.pkl,0,train,True
sub067.pkl-3-0,sub067.pkl-3-0,sub067,,sub067.pkl,1,train,True
sub067.pkl-3-1,sub067.pkl-3-1,sub067,,sub067.pkl,1,train,True
sub067.pkl-3-2,sub067.pkl-3-2,sub067,,sub067.pkl,1,train,True
sub067.pkl-4-0,sub067.pkl-4-0,sub067,,sub067.pkl,1,train,True
sub067.pkl-4-1,sub067.pkl-4-1,sub067,,sub067.pkl,1,train,True
sub067.pkl-4-2,sub067.pkl-4-2,sub067,,sub067.pkl,1,train,True
sub067.pkl-5-0,sub067.pkl-5-0,sub067,,sub067.pkl,1,train,True
sub067.pkl-5-1,sub067.pkl-5-1,sub067,,sub067.pkl,1,train,True
sub067.pkl-5-2,sub067.pkl-5-2,sub067,,sub067.pkl,1,train,True
sub067.pkl-6-0,sub067.pkl-6-0,sub067,,sub067.pkl,2,train,True
sub067.pkl-6-1,sub067.pkl-6-1,sub067,,sub067.pkl,2,train,True
sub067.pkl-6-2,sub067.pkl-6-2,sub067,,sub067.pkl,2,train,True
sub067.pkl-7-0,sub067.pkl-7-0,sub067,,sub067.pkl,2,train,True
sub067.pkl-7-1,sub067.pkl-7-1,sub067,,sub067.pkl,2,train,True
sub067.pkl-7-2,sub067.pkl-7-2,sub067,,sub067.pkl,2,train,True
sub067.pkl-8-0,sub067.pkl-8-0,sub067,,sub067.pkl,2,train,True
sub067.pkl-8-1,sub067.pkl-8-1,sub067,,sub067.pkl,2,train,True
sub067.pkl-8-2,sub067.pkl-8-2,sub067,,sub067.pkl,2,train,True
sub067.pkl-9-0,sub067.pkl-9-0,sub067,,sub067.pkl,3,train,True
sub067.pkl-9-1,sub067.pkl-9-1,sub067,,sub067.pkl,3,train,True
sub067.pkl-9-2,sub067.pkl-9-2,sub067,,sub067.pkl,3,train,True
sub067.pkl-10-0,sub067.pkl-10-0,sub067,,sub067.pkl,3,train,True
sub067.pkl-10-1,sub067.pkl-10-1,sub067,,sub067.pkl,3,train,True
sub067.pkl-10-2,sub067.pkl-10-2,sub067,,sub067.pkl,3,train,True
sub067.pkl-11-0,sub067.pkl-11-0,sub067,,sub067.pkl,3,train,True
sub067.pkl-11-1,sub067.pkl-11-1,sub067,,sub067.pkl,3,train,True
sub067.pkl-11-2,sub067.pkl-11-2,sub067,,sub067.pkl,3,train,True
sub067.pkl-12-0,sub067.pkl-12-0,sub067,,sub067.pkl,4,train,True
sub067.pkl-12-1,sub067.pkl-12-1,sub067,,sub067.pkl,4,train,True
sub067.pkl-12-2,sub067.pkl-12-2,sub067,,sub067.pkl,4,train,True
sub067.pkl-13-0,sub067.pkl-13-0,sub067,,sub067.pkl,4,train,True
sub067.pkl-13-1,sub067.pkl-13-1,sub067,,sub067.pkl,4,train,True
sub067.pkl-13-2,sub067.pkl-13-2,sub067,,sub067.pkl,4,train,True
sub067.pkl-14-0,sub067.pkl-14-0,sub067,,sub067.pkl,4,train,True
sub067.pkl-14-1,sub067.pkl-14-1,sub067,,sub067.pkl,4,train,True
sub067.pkl-14-2,sub067.pkl-14-2,sub067,,sub067.pkl,4,train,True
sub067.pkl-15-0,sub067.pkl-15-0,sub067,,sub067.pkl,4,train,True
sub067.pkl-15-1,sub067.pkl-15-1,sub067,,sub067.pkl,4,train,True
sub067.pkl-15-2,sub067.pkl-15-2,sub067,,sub067.pkl,4,train,True
sub067.pkl-16-0,sub067.pkl-16-0,sub067,,sub067.pkl,5,train,True
sub067.pkl-16-1,sub067.pkl-16-1,sub067,,sub067.pkl,5,train,True
sub067.pkl-16-2,sub067.pkl-16-2,sub067,,sub067.pkl,5,train,True
sub067.pkl-17-0,sub067.pkl-17-0,sub067,,sub067.pkl,5,train,True
sub067.pkl-17-1,sub067.pkl-17-1,sub067,,sub067.pkl,5,train,True
sub067.pkl-17-2,sub067.pkl-17-2,sub067,,sub067.pkl,5,train,True
sub067.pkl-18-0,sub067.pkl-18-0,sub067,,sub067.pkl,5,train,True
sub067.pkl-18-1,sub067.pkl-18-1,sub067,,sub067.pkl,5,train,True
sub067.pkl-18-2,sub067.pkl-18-2,sub067,,sub067.pkl,5,train,True
sub067.pkl-19-0,sub067.pkl-19-0,sub067,,sub067.pkl,6,train,True
sub067.pkl-19-1,sub067.pkl-19-1,sub067,,sub067.pkl,6,train,True
sub067.pkl-19-2,sub067.pkl-19-2,sub067,,sub067.pkl,6,train,True
sub067.pkl-20-0,sub067.pkl-20-0,sub067,,sub067.pkl,6,train,True
sub067.pkl-20-1,sub067.pkl-20-1,sub067,,sub067.pkl,6,train,True
sub067.pkl-20-2,sub067.pkl-20-2,sub067,,sub067.pkl,6,train,True
sub067.pkl-21-0,sub067.pkl-21-0,sub067,,sub067.pkl,6,train,True
sub067.pkl-21-1,sub067.pkl-21-1,sub067,,sub067.pkl,6,train,True
sub067.pkl-21-2,sub067.pkl-21-2,sub067,,sub067.pkl,6,train,True
sub067.pkl-22-0,sub067.pkl-22-0,sub067,,sub067.pkl,7,train,True
sub067.pkl-22-1,sub067.pkl-22-1,sub067,,sub067.pkl,7,train,True
sub067.pkl-22-2,sub067.pkl-22-2,sub067,,sub067.pkl,7,train,True
sub067.pkl-23-0,sub067.pkl-23-0,sub067,,sub067.pkl,7,train,True
sub067.pkl-23-1,sub067.pkl-23-1,sub067,,sub067.pkl,7,train,True
sub067.pkl-23-2,sub067.pkl-23-2,sub067,,sub067.pkl,7,train,True
sub067.pkl-24-0,sub067.pkl-24-0,sub067,,sub067.pkl,7,train,True
sub067.pkl-24-1,sub067.pkl-24-1,sub067,,sub067.pkl,7,train,True
sub067.pkl-24-2,sub067.pkl-24-2,sub067,,sub067.pkl,7,train,True
sub067.pkl-25-0,sub067.pkl-25-0,sub067,,sub067.pkl,8,train,True
sub067.pkl-25-1,sub067.pkl-25-1,sub067,,sub067.pkl,8,train,True
sub067.pkl-25-2,sub067.pkl-25-2,sub067,,sub067.pkl,8,train,True
sub067.pkl-26-0,sub067.pkl-26-0,sub067,,sub067.pkl,8,train,True
sub067.pkl-26-1,sub067.pkl-26-1,sub067,,sub067.pkl,8,train,True
sub067.pkl-26-2,sub067.pkl-26-2,sub067,,sub067.pkl,8,train,True
sub067.pkl-27-0,sub067.pkl-27-0,sub067,,sub067.pkl,8,train,True
sub067.pkl-27-1,sub067.pkl-27-1,sub067,,sub067.pkl,8,train,True
sub067.pkl-27-2,sub067.pkl-27-2,sub067,,sub067.pkl,8,train,True
sub068.pkl-0-0,sub068.pkl-0-0,sub068,,sub068.pkl,0,train,True
sub068.pkl-0-1,sub068.pkl-0-1,sub068,,sub068.pkl,0,train,True
sub068.pkl-0-2,sub068.pkl-0-2,sub068,,sub068.pkl,0,train,True
sub068.pkl-1-0,sub068.pkl-1-0,sub068,,sub068.pkl,0,train,True
sub068.pkl-1-1,sub068.pkl-1-1,sub068,,sub068.pkl,0,train,True
sub068.pkl-1-2,sub068.pkl-1-2,sub068,,sub068.pkl,0,train,True
sub068.pkl-2-0,sub068.pkl-2-0,sub068,,sub068.pkl,0,train,True
sub068.pkl-2-1,sub068.pkl-2-1,sub068,,sub068.pkl,0,train,True
sub068.pkl-2-2,sub068.pkl-2-2,sub068,,sub068.pkl,0,train,True
sub068.pkl-3-0,sub068.pkl-3-0,sub068,,sub068.pkl,1,train,True
sub068.pkl-3-1,sub068.pkl-3-1,sub068,,sub068.pkl,1,train,True
sub068.pkl-3-2,sub068.pkl-3-2,sub068,,sub068.pkl,1,train,True
sub068.pkl-4-0,sub068.pkl-4-0,sub068,,sub068.pkl,1,train,True
sub068.pkl-4-1,sub068.pkl-4-1,sub068,,sub068.pkl,1,train,True
sub068.pkl-4-2,sub068.pkl-4-2,sub068,,sub068.pkl,1,train,True
sub068.pkl-5-0,sub068.pkl-5-0,sub068,,sub068.pkl,1,train,True
sub068.pkl-5-1,sub068.pkl-5-1,sub068,,sub068.pkl,1,train,True
sub068.pkl-5-2,sub068.pkl-5-2,sub068,,sub068.pkl,1,train,True
sub068.pkl-6-0,sub068.pkl-6-0,sub068,,sub068.pkl,2,train,True
sub068.pkl-6-1,sub068.pkl-6-1,sub068,,sub068.pkl,2,train,True
sub068.pkl-6-2,sub068.pkl-6-2,sub068,,sub068.pkl,2,train,True
sub068.pkl-7-0,sub068.pkl-7-0,sub068,,sub068.pkl,2,train,True
sub068.pkl-7-1,sub068.pkl-7-1,sub068,,sub068.pkl,2,train,True
sub068.pkl-7-2,sub068.pkl-7-2,sub068,,sub068.pkl,2,train,True
sub068.pkl-8-0,sub068.pkl-8-0,sub068,,sub068.pkl,2,train,True
sub068.pkl-8-1,sub068.pkl-8-1,sub068,,sub068.pkl,2,train,True
sub068.pkl-8-2,sub068.pkl-8-2,sub068,,sub068.pkl,2,train,True
sub068.pkl-9-0,sub068.pkl-9-0,sub068,,sub068.pkl,3,train,True
sub068.pkl-9-1,sub068.pkl-9-1,sub068,,sub068.pkl,3,train,True
sub068.pkl-9-2,sub068.pkl-9-2,sub068,,sub068.pkl,3,train,True
sub068.pkl-10-0,sub068.pkl-10-0,sub068,,sub068.pkl,3,train,True
sub068.pkl-10-1,sub068.pkl-10-1,sub068,,sub068.pkl,3,train,True
sub068.pkl-10-2,sub068.pkl-10-2,sub068,,sub068.pkl,3,train,True
sub068.pkl-11-0,sub068.pkl-11-0,sub068,,sub068.pkl,3,train,True
sub068.pkl-11-1,sub068.pkl-11-1,sub068,,sub068.pkl,3,train,True
sub068.pkl-11-2,sub068.pkl-11-2,sub068,,sub068.pkl,3,train,True
sub068.pkl-12-0,sub068.pkl-12-0,sub068,,sub068.pkl,4,train,True
sub068.pkl-12-1,sub068.pkl-12-1,sub068,,sub068.pkl,4,train,True
sub068.pkl-12-2,sub068.pkl-12-2,sub068,,sub068.pkl,4,train,True
sub068.pkl-13-0,sub068.pkl-13-0,sub068,,sub068.pkl,4,train,True
sub068.pkl-13-1,sub068.pkl-13-1,sub068,,sub068.pkl,4,train,True
sub068.pkl-13-2,sub068.pkl-13-2,sub068,,sub068.pkl,4,train,True
sub068.pkl-14-0,sub068.pkl-14-0,sub068,,sub068.pkl,4,train,True
sub068.pkl-14-1,sub068.pkl-14-1,sub068,,sub068.pkl,4,train,True
sub068.pkl-14-2,sub068.pkl-14-2,sub068,,sub068.pkl,4,train,True
sub068.pkl-15-0,sub068.pkl-15-0,sub068,,sub068.pkl,4,train,True
sub068.pkl-15-1,sub068.pkl-15-1,sub068,,sub068.pkl,4,train,True
sub068.pkl-15-2,sub068.pkl-15-2,sub068,,sub068.pkl,4,train,True
sub068.pkl-16-0,sub068.pkl-16-0,sub068,,sub068.pkl,5,train,True
sub068.pkl-16-1,sub068.pkl-16-1,sub068,,sub068.pkl,5,train,True
sub068.pkl-16-2,sub068.pkl-16-2,sub068,,sub068.pkl,5,train,True
sub068.pkl-17-0,sub068.pkl-17-0,sub068,,sub068.pkl,5,train,True
sub068.pkl-17-1,sub068.pkl-17-1,sub068,,sub068.pkl,5,train,True
sub068.pkl-17-2,sub068.pkl-17-2,sub068,,sub068.pkl,5,train,True
sub068.pkl-18-0,sub068.pkl-18-0,sub068,,sub068.pkl,5,train,True
sub068.pkl-18-1,sub068.pkl-18-1,sub068,,sub068.pkl,5,train,True
sub068.pkl-18-2,sub068.pkl-18-2,sub068,,sub068.pkl,5,train,True
sub068.pkl-19-0,sub068.pkl-19-0,sub068,,sub068.pkl,6,train,True
sub068.pkl-19-1,sub068.pkl-19-1,sub068,,sub068.pkl,6,train,True
sub068.pkl-19-2,sub068.pkl-19-2,sub068,,sub068.pkl,6,train,True
sub068.pkl-20-0,sub068.pkl-20-0,sub068,,sub068.pkl,6,train,True
sub068.pkl-20-1,sub068.pkl-20-1,sub068,,sub068.pkl,6,train,True
sub068.pkl-20-2,sub068.pkl-20-2,sub068,,sub068.pkl,6,train,True
sub068.pkl-21-0,sub068.pkl-21-0,sub068,,sub068.pkl,6,train,True
sub068.pkl-21-1,sub068.pkl-21-1,sub068,,sub068.pkl,6,train,True
sub068.pkl-21-2,sub068.pkl-21-2,sub068,,sub068.pkl,6,train,True
sub068.pkl-22-0,sub068.pkl-22-0,sub068,,sub068.pkl,7,train,True
sub068.pkl-22-1,sub068.pkl-22-1,sub068,,sub068.pkl,7,train,True
sub068.pkl-22-2,sub068.pkl-22-2,sub068,,sub068.pkl,7,train,True
sub068.pkl-23-0,sub068.pkl-23-0,sub068,,sub068.pkl,7,train,True
sub068.pkl-23-1,sub068.pkl-23-1,sub068,,sub068.pkl,7,train,True
sub068.pkl-23-2,sub068.pkl-23-2,sub068,,sub068.pkl,7,train,True
sub068.pkl-24-0,sub068.pkl-24-0,sub068,,sub068.pkl,7,train,True
sub068.pkl-24-1,sub068.pkl-24-1,sub068,,sub068.pkl,7,train,True
sub068.pkl-24-2,sub068.pkl-24-2,sub068,,sub068.pkl,7,train,True
sub068.pkl-25-0,sub068.pkl-25-0,sub068,,sub068.pkl,8,train,True
sub068.pkl-25-1,sub068.pkl-25-1,sub068,,sub068.pkl,8,train,True
sub068.pkl-25-2,sub068.pkl-25-2,sub068,,sub068.pkl,8,train,True
sub068.pkl-26-0,sub068.pkl-26-0,sub068,,sub068.pkl,8,train,True
sub068.pkl-26-1,sub068.pkl-26-1,sub068,,sub068.pkl,8,train,True
sub068.pkl-26-2,sub068.pkl-26-2,sub068,,sub068.pkl,8,train,True
sub068.pkl-27-0,sub068.pkl-27-0,sub068,,sub068.pkl,8,train,True
sub068.pkl-27-1,sub068.pkl-27-1,sub068,,sub068.pkl,8,train,True
sub068.pkl-27-2,sub068.pkl-27-2,sub068,,sub068.pkl,8,train,True
sub069.pkl-0-0,sub069.pkl-0-0,sub069,,sub069.pkl,0,train,True
sub069.pkl-0-1,sub069.pkl-0-1,sub069,,sub069.pkl,0,train,True
sub069.pkl-0-2,sub069.pkl-0-2,sub069,,sub069.pkl,0,train,True
sub069.pkl-1-0,sub069.pkl-1-0,sub069,,sub069.pkl,0,train,True
sub069.pkl-1-1,sub069.pkl-1-1,sub069,,sub069.pkl,0,train,True
sub069.pkl-1-2,sub069.pkl-1-2,sub069,,sub069.pkl,0,train,True
sub069.pkl-2-0,sub069.pkl-2-0,sub069,,sub069.pkl,0,train,True
sub069.pkl-2-1,sub069.pkl-2-1,sub069,,sub069.pkl,0,train,True
sub069.pkl-2-2,sub069.pkl-2-2,sub069,,sub069.pkl,0,train,True
sub069.pkl-3-0,sub069.pkl-3-0,sub069,,sub069.pkl,1,train,True
sub069.pkl-3-1,sub069.pkl-3-1,sub069,,sub069.pkl,1,train,True
sub069.pkl-3-2,sub069.pkl-3-2,sub069,,sub069.pkl,1,train,True
sub069.pkl-4-0,sub069.pkl-4-0,sub069,,sub069.pkl,1,train,True
sub069.pkl-4-1,sub069.pkl-4-1,sub069,,sub069.pkl,1,train,True
sub069.pkl-4-2,sub069.pkl-4-2,sub069,,sub069.pkl,1,train,True
sub069.pkl-5-0,sub069.pkl-5-0,sub069,,sub069.pkl,1,train,True
sub069.pkl-5-1,sub069.pkl-5-1,sub069,,sub069.pkl,1,train,True
sub069.pkl-5-2,sub069.pkl-5-2,sub069,,sub069.pkl,1,train,True
sub069.pkl-6-0,sub069.pkl-6-0,sub069,,sub069.pkl,2,train,True
sub069.pkl-6-1,sub069.pkl-6-1,sub069,,sub069.pkl,2,train,True
sub069.pkl-6-2,sub069.pkl-6-2,sub069,,sub069.pkl,2,train,True
sub069.pkl-7-0,sub069.pkl-7-0,sub069,,sub069.pkl,2,train,True
sub069.pkl-7-1,sub069.pkl-7-1,sub069,,sub069.pkl,2,train,True
sub069.pkl-7-2,sub069.pkl-7-2,sub069,,sub069.pkl,2,train,True
sub069.pkl-8-0,sub069.pkl-8-0,sub069,,sub069.pkl,2,train,True
sub069.pkl-8-1,sub069.pkl-8-1,sub069,,sub069.pkl,2,train,True
sub069.pkl-8-2,sub069.pkl-8-2,sub069,,sub069.pkl,2,train,True
sub069.pkl-9-0,sub069.pkl-9-0,sub069,,sub069.pkl,3,train,True
sub069.pkl-9-1,sub069.pkl-9-1,sub069,,sub069.pkl,3,train,True
sub069.pkl-9-2,sub069.pkl-9-2,sub069,,sub069.pkl,3,train,True
sub069.pkl-10-0,sub069.pkl-10-0,sub069,,sub069.pkl,3,train,True
sub069.pkl-10-1,sub069.pkl-10-1,sub069,,sub069.pkl,3,train,True
sub069.pkl-10-2,sub069.pkl-10-2,sub069,,sub069.pkl,3,train,True
sub069.pkl-11-0,sub069.pkl-11-0,sub069,,sub069.pkl,3,train,True
sub069.pkl-11-1,sub069.pkl-11-1,sub069,,sub069.pkl,3,train,True
sub069.pkl-11-2,sub069.pkl-11-2,sub069,,sub069.pkl,3,train,True
sub069.pkl-12-0,sub069.pkl-12-0,sub069,,sub069.pkl,4,train,True
sub069.pkl-12-1,sub069.pkl-12-1,sub069,,sub069.pkl,4,train,True
sub069.pkl-12-2,sub069.pkl-12-2,sub069,,sub069.pkl,4,train,True
sub069.pkl-13-0,sub069.pkl-13-0,sub069,,sub069.pkl,4,train,True
sub069.pkl-13-1,sub069.pkl-13-1,sub069,,sub069.pkl,4,train,True
sub069.pkl-13-2,sub069.pkl-13-2,sub069,,sub069.pkl,4,train,True
sub069.pkl-14-0,sub069.pkl-14-0,sub069,,sub069.pkl,4,train,True
sub069.pkl-14-1,sub069.pkl-14-1,sub069,,sub069.pkl,4,train,True
sub069.pkl-14-2,sub069.pkl-14-2,sub069,,sub069.pkl,4,train,True
sub069.pkl-15-0,sub069.pkl-15-0,sub069,,sub069.pkl,4,train,True
sub069.pkl-15-1,sub069.pkl-15-1,sub069,,sub069.pkl,4,train,True
sub069.pkl-15-2,sub069.pkl-15-2,sub069,,sub069.pkl,4,train,True
sub069.pkl-16-0,sub069.pkl-16-0,sub069,,sub069.pkl,5,train,True
sub069.pkl-16-1,sub069.pkl-16-1,sub069,,sub069.pkl,5,train,True
sub069.pkl-16-2,sub069.pkl-16-2,sub069,,sub069.pkl,5,train,True
sub069.pkl-17-0,sub069.pkl-17-0,sub069,,sub069.pkl,5,train,True
sub069.pkl-17-1,sub069.pkl-17-1,sub069,,sub069.pkl,5,train,True
sub069.pkl-17-2,sub069.pkl-17-2,sub069,,sub069.pkl,5,train,True
sub069.pkl-18-0,sub069.pkl-18-0,sub069,,sub069.pkl,5,train,True
sub069.pkl-18-1,sub069.pkl-18-1,sub069,,sub069.pkl,5,train,True
sub069.pkl-18-2,sub069.pkl-18-2,sub069,,sub069.pkl,5,train,True
sub069.pkl-19-0,sub069.pkl-19-0,sub069,,sub069.pkl,6,train,True
sub069.pkl-19-1,sub069.pkl-19-1,sub069,,sub069.pkl,6,train,True
sub069.pkl-19-2,sub069.pkl-19-2,sub069,,sub069.pkl,6,train,True
sub069.pkl-20-0,sub069.pkl-20-0,sub069,,sub069.pkl,6,train,True
sub069.pkl-20-1,sub069.pkl-20-1,sub069,,sub069.pkl,6,train,True
sub069.pkl-20-2,sub069.pkl-20-2,sub069,,sub069.pkl,6,train,True
sub069.pkl-21-0,sub069.pkl-21-0,sub069,,sub069.pkl,6,train,True
sub069.pkl-21-1,sub069.pkl-21-1,sub069,,sub069.pkl,6,train,True
sub069.pkl-21-2,sub069.pkl-21-2,sub069,,sub069.pkl,6,train,True
sub069.pkl-22-0,sub069.pkl-22-0,sub069,,sub069.pkl,7,train,True
sub069.pkl-22-1,sub069.pkl-22-1,sub069,,sub069.pkl,7,train,True
sub069.pkl-22-2,sub069.pkl-22-2,sub069,,sub069.pkl,7,train,True
sub069.pkl-23-0,sub069.pkl-23-0,sub069,,sub069.pkl,7,train,True
sub069.pkl-23-1,sub069.pkl-23-1,sub069,,sub069.pkl,7,train,True
sub069.pkl-23-2,sub069.pkl-23-2,sub069,,sub069.pkl,7,train,True
sub069.pkl-24-0,sub069.pkl-24-0,sub069,,sub069.pkl,7,train,True
sub069.pkl-24-1,sub069.pkl-24-1,sub069,,sub069.pkl,7,train,True
sub069.pkl-24-2,sub069.pkl-24-2,sub069,,sub069.pkl,7,train,True
sub069.pkl-25-0,sub069.pkl-25-0,sub069,,sub069.pkl,8,train,True
sub069.pkl-25-1,sub069.pkl-25-1,sub069,,sub069.pkl,8,train,True
sub069.pkl-25-2,sub069.pkl-25-2,sub069,,sub069.pkl,8,train,True
sub069.pkl-26-0,sub069.pkl-26-0,sub069,,sub069.pkl,8,train,True
sub069.pkl-26-1,sub069.pkl-26-1,sub069,,sub069.pkl,8,train,True
sub069.pkl-26-2,sub069.pkl-26-2,sub069,,sub069.pkl,8,train,True
sub069.pkl-27-0,sub069.pkl-27-0,sub069,,sub069.pkl,8,train,True
sub069.pkl-27-1,sub069.pkl-27-1,sub069,,sub069.pkl,8,train,True
sub069.pkl-27-2,sub069.pkl-27-2,sub069,,sub069.pkl,8,train,True
sub070.pkl-0-0,sub070.pkl-0-0,sub070,,sub070.pkl,0,train,True
sub070.pkl-0-1,sub070.pkl-0-1,sub070,,sub070.pkl,0,train,True
sub070.pkl-0-2,sub070.pkl-0-2,sub070,,sub070.pkl,0,train,True
sub070.pkl-1-0,sub070.pkl-1-0,sub070,,sub070.pkl,0,train,True
sub070.pkl-1-1,sub070.pkl-1-1,sub070,,sub070.pkl,0,train,True
sub070.pkl-1-2,sub070.pkl-1-2,sub070,,sub070.pkl,0,train,True
sub070.pkl-2-0,sub070.pkl-2-0,sub070,,sub070.pkl,0,train,True
sub070.pkl-2-1,sub070.pkl-2-1,sub070,,sub070.pkl,0,train,True
sub070.pkl-2-2,sub070.pkl-2-2,sub070,,sub070.pkl,0,train,True
sub070.pkl-3-0,sub070.pkl-3-0,sub070,,sub070.pkl,1,train,True
sub070.pkl-3-1,sub070.pkl-3-1,sub070,,sub070.pkl,1,train,True
sub070.pkl-3-2,sub070.pkl-3-2,sub070,,sub070.pkl,1,train,True
sub070.pkl-4-0,sub070.pkl-4-0,sub070,,sub070.pkl,1,train,True
sub070.pkl-4-1,sub070.pkl-4-1,sub070,,sub070.pkl,1,train,True
sub070.pkl-4-2,sub070.pkl-4-2,sub070,,sub070.pkl,1,train,True
sub070.pkl-5-0,sub070.pkl-5-0,sub070,,sub070.pkl,1,train,True
sub070.pkl-5-1,sub070.pkl-5-1,sub070,,sub070.pkl,1,train,True
sub070.pkl-5-2,sub070.pkl-5-2,sub070,,sub070.pkl,1,train,True
sub070.pkl-6-0,sub070.pkl-6-0,sub070,,sub070.pkl,2,train,True
sub070.pkl-6-1,sub070.pkl-6-1,sub070,,sub070.pkl,2,train,True
sub070.pkl-6-2,sub070.pkl-6-2,sub070,,sub070.pkl,2,train,True
sub070.pkl-7-0,sub070.pkl-7-0,sub070,,sub070.pkl,2,train,True
sub070.pkl-7-1,sub070.pkl-7-1,sub070,,sub070.pkl,2,train,True
sub070.pkl-7-2,sub070.pkl-7-2,sub070,,sub070.pkl,2,train,True
sub070.pkl-8-0,sub070.pkl-8-0,sub070,,sub070.pkl,2,train,True
sub070.pkl-8-1,sub070.pkl-8-1,sub070,,sub070.pkl,2,train,True
sub070.pkl-8-2,sub070.pkl-8-2,sub070,,sub070.pkl,2,train,True
sub070.pkl-9-0,sub070.pkl-9-0,sub070,,sub070.pkl,3,train,True
sub070.pkl-9-1,sub070.pkl-9-1,sub070,,sub070.pkl,3,train,True
sub070.pkl-9-2,sub070.pkl-9-2,sub070,,sub070.pkl,3,train,True
sub070.pkl-10-0,sub070.pkl-10-0,sub070,,sub070.pkl,3,train,True
sub070.pkl-10-1,sub070.pkl-10-1,sub070,,sub070.pkl,3,train,True
sub070.pkl-10-2,sub070.pkl-10-2,sub070,,sub070.pkl,3,train,True
sub070.pkl-11-0,sub070.pkl-11-0,sub070,,sub070.pkl,3,train,True
sub070.pkl-11-1,sub070.pkl-11-1,sub070,,sub070.pkl,3,train,True
sub070.pkl-11-2,sub070.pkl-11-2,sub070,,sub070.pkl,3,train,True
sub070.pkl-12-0,sub070.pkl-12-0,sub070,,sub070.pkl,4,train,True
sub070.pkl-12-1,sub070.pkl-12-1,sub070,,sub070.pkl,4,train,True
sub070.pkl-12-2,sub070.pkl-12-2,sub070,,sub070.pkl,4,train,True
sub070.pkl-13-0,sub070.pkl-13-0,sub070,,sub070.pkl,4,train,True
sub070.pkl-13-1,sub070.pkl-13-1,sub070,,sub070.pkl,4,train,True
sub070.pkl-13-2,sub070.pkl-13-2,sub070,,sub070.pkl,4,train,True
sub070.pkl-14-0,sub070.pkl-14-0,sub070,,sub070.pkl,4,train,True
sub070.pkl-14-1,sub070.pkl-14-1,sub070,,sub070.pkl,4,train,True
sub070.pkl-14-2,sub070.pkl-14-2,sub070,,sub070.pkl,4,train,True
sub070.pkl-15-0,sub070.pkl-15-0,sub070,,sub070.pkl,4,train,True
sub070.pkl-15-1,sub070.pkl-15-1,sub070,,sub070.pkl,4,train,True
sub070.pkl-15-2,sub070.pkl-15-2,sub070,,sub070.pkl,4,train,True
sub070.pkl-16-0,sub070.pkl-16-0,sub070,,sub070.pkl,5,train,True
sub070.pkl-16-1,sub070.pkl-16-1,sub070,,sub070.pkl,5,train,True
sub070.pkl-16-2,sub070.pkl-16-2,sub070,,sub070.pkl,5,train,True
sub070.pkl-17-0,sub070.pkl-17-0,sub070,,sub070.pkl,5,train,True
sub070.pkl-17-1,sub070.pkl-17-1,sub070,,sub070.pkl,5,train,True
sub070.pkl-17-2,sub070.pkl-17-2,sub070,,sub070.pkl,5,train,True
sub070.pkl-18-0,sub070.pkl-18-0,sub070,,sub070.pkl,5,train,True
sub070.pkl-18-1,sub070.pkl-18-1,sub070,,sub070.pkl,5,train,True
sub070.pkl-18-2,sub070.pkl-18-2,sub070,,sub070.pkl,5,train,True
sub070.pkl-19-0,sub070.pkl-19-0,sub070,,sub070.pkl,6,train,True
sub070.pkl-19-1,sub070.pkl-19-1,sub070,,sub070.pkl,6,train,True
sub070.pkl-19-2,sub070.pkl-19-2,sub070,,sub070.pkl,6,train,True
sub070.pkl-20-0,sub070.pkl-20-0,sub070,,sub070.pkl,6,train,True
sub070.pkl-20-1,sub070.pkl-20-1,sub070,,sub070.pkl,6,train,True
sub070.pkl-20-2,sub070.pkl-20-2,sub070,,sub070.pkl,6,train,True
sub070.pkl-21-0,sub070.pkl-21-0,sub070,,sub070.pkl,6,train,True
sub070.pkl-21-1,sub070.pkl-21-1,sub070,,sub070.pkl,6,train,True
sub070.pkl-21-2,sub070.pkl-21-2,sub070,,sub070.pkl,6,train,True
sub070.pkl-22-0,sub070.pkl-22-0,sub070,,sub070.pkl,7,train,True
sub070.pkl-22-1,sub070.pkl-22-1,sub070,,sub070.pkl,7,train,True
sub070.pkl-22-2,sub070.pkl-22-2,sub070,,sub070.pkl,7,train,True
sub070.pkl-23-0,sub070.pkl-23-0,sub070,,sub070.pkl,7,train,True
sub070.pkl-23-1,sub070.pkl-23-1,sub070,,sub070.pkl,7,train,True
sub070.pkl-23-2,sub070.pkl-23-2,sub070,,sub070.pkl,7,train,True
sub070.pkl-24-0,sub070.pkl-24-0,sub070,,sub070.pkl,7,train,True
sub070.pkl-24-1,sub070.pkl-24-1,sub070,,sub070.pkl,7,train,True
sub070.pkl-24-2,sub070.pkl-24-2,sub070,,sub070.pkl,7,train,True
sub070.pkl-25-0,sub070.pkl-25-0,sub070,,sub070.pkl,8,train,True
sub070.pkl-25-1,sub070.pkl-25-1,sub070,,sub070.pkl,8,train,True
sub070.pkl-25-2,sub070.pkl-25-2,sub070,,sub070.pkl,8,train,True
sub070.pkl-26-0,sub070.pkl-26-0,sub070,,sub070.pkl,8,train,True
sub070.pkl-26-1,sub070.pkl-26-1,sub070,,sub070.pkl,8,train,True
sub070.pkl-26-2,sub070.pkl-26-2,sub070,,sub070.pkl,8,train,True
sub070.pkl-27-0,sub070.pkl-27-0,sub070,,sub070.pkl,8,train,True
sub070.pkl-27-1,sub070.pkl-27-1,sub070,,sub070.pkl,8,train,True
sub070.pkl-27-2,sub070.pkl-27-2,sub070,,sub070.pkl,8,train,True
sub071.pkl-0-0,sub071.pkl-0-0,sub071,,sub071.pkl,0,train,True
sub071.pkl-0-1,sub071.pkl-0-1,sub071,,sub071.pkl,0,train,True
sub071.pkl-0-2,sub071.pkl-0-2,sub071,,sub071.pkl,0,train,True
sub071.pkl-1-0,sub071.pkl-1-0,sub071,,sub071.pkl,0,train,True
sub071.pkl-1-1,sub071.pkl-1-1,sub071,,sub071.pkl,0,train,True
sub071.pkl-1-2,sub071.pkl-1-2,sub071,,sub071.pkl,0,train,True
sub071.pkl-2-0,sub071.pkl-2-0,sub071,,sub071.pkl,0,train,True
sub071.pkl-2-1,sub071.pkl-2-1,sub071,,sub071.pkl,0,train,True
sub071.pkl-2-2,sub071.pkl-2-2,sub071,,sub071.pkl,0,train,True
sub071.pkl-3-0,sub071.pkl-3-0,sub071,,sub071.pkl,1,train,True
sub071.pkl-3-1,sub071.pkl-3-1,sub071,,sub071.pkl,1,train,True
sub071.pkl-3-2,sub071.pkl-3-2,sub071,,sub071.pkl,1,train,True
sub071.pkl-4-0,sub071.pkl-4-0,sub071,,sub071.pkl,1,train,True
sub071.pkl-4-1,sub071.pkl-4-1,sub071,,sub071.pkl,1,train,True
sub071.pkl-4-2,sub071.pkl-4-2,sub071,,sub071.pkl,1,train,True
sub071.pkl-5-0,sub071.pkl-5-0,sub071,,sub071.pkl,1,train,True
sub071.pkl-5-1,sub071.pkl-5-1,sub071,,sub071.pkl,1,train,True
sub071.pkl-5-2,sub071.pkl-5-2,sub071,,sub071.pkl,1,train,True
sub071.pkl-6-0,sub071.pkl-6-0,sub071,,sub071.pkl,2,train,True
sub071.pkl-6-1,sub071.pkl-6-1,sub071,,sub071.pkl,2,train,True
sub071.pkl-6-2,sub071.pkl-6-2,sub071,,sub071.pkl,2,train,True
sub071.pkl-7-0,sub071.pkl-7-0,sub071,,sub071.pkl,2,train,True
sub071.pkl-7-1,sub071.pkl-7-1,sub071,,sub071.pkl,2,train,True
sub071.pkl-7-2,sub071.pkl-7-2,sub071,,sub071.pkl,2,train,True
sub071.pkl-8-0,sub071.pkl-8-0,sub071,,sub071.pkl,2,train,True
sub071.pkl-8-1,sub071.pkl-8-1,sub071,,sub071.pkl,2,train,True
sub071.pkl-8-2,sub071.pkl-8-2,sub071,,sub071.pkl,2,train,True
sub071.pkl-9-0,sub071.pkl-9-0,sub071,,sub071.pkl,3,train,True
sub071.pkl-9-1,sub071.pkl-9-1,sub071,,sub071.pkl,3,train,True
sub071.pkl-9-2,sub071.pkl-9-2,sub071,,sub071.pkl,3,train,True
sub071.pkl-10-0,sub071.pkl-10-0,sub071,,sub071.pkl,3,train,True
sub071.pkl-10-1,sub071.pkl-10-1,sub071,,sub071.pkl,3,train,True
sub071.pkl-10-2,sub071.pkl-10-2,sub071,,sub071.pkl,3,train,True
sub071.pkl-11-0,sub071.pkl-11-0,sub071,,sub071.pkl,3,train,True
sub071.pkl-11-1,sub071.pkl-11-1,sub071,,sub071.pkl,3,train,True
sub071.pkl-11-2,sub071.pkl-11-2,sub071,,sub071.pkl,3,train,True
sub071.pkl-12-0,sub071.pkl-12-0,sub071,,sub071.pkl,4,train,True
sub071.pkl-12-1,sub071.pkl-12-1,sub071,,sub071.pkl,4,train,True
sub071.pkl-12-2,sub071.pkl-12-2,sub071,,sub071.pkl,4,train,True
sub071.pkl-13-0,sub071.pkl-13-0,sub071,,sub071.pkl,4,train,True
sub071.pkl-13-1,sub071.pkl-13-1,sub071,,sub071.pkl,4,train,True
sub071.pkl-13-2,sub071.pkl-13-2,sub071,,sub071.pkl,4,train,True
sub071.pkl-14-0,sub071.pkl-14-0,sub071,,sub071.pkl,4,train,True
sub071.pkl-14-1,sub071.pkl-14-1,sub071,,sub071.pkl,4,train,True
sub071.pkl-14-2,sub071.pkl-14-2,sub071,,sub071.pkl,4,train,True
sub071.pkl-15-0,sub071.pkl-15-0,sub071,,sub071.pkl,4,train,True
sub071.pkl-15-1,sub071.pkl-15-1,sub071,,sub071.pkl,4,train,True
sub071.pkl-15-2,sub071.pkl-15-2,sub071,,sub071.pkl,4,train,True
sub071.pkl-16-0,sub071.pkl-16-0,sub071,,sub071.pkl,5,train,True
sub071.pkl-16-1,sub071.pkl-16-1,sub071,,sub071.pkl,5,train,True
sub071.pkl-16-2,sub071.pkl-16-2,sub071,,sub071.pkl,5,train,True
sub071.pkl-17-0,sub071.pkl-17-0,sub071,,sub071.pkl,5,train,True
sub071.pkl-17-1,sub071.pkl-17-1,sub071,,sub071.pkl,5,train,True
sub071.pkl-17-2,sub071.pkl-17-2,sub071,,sub071.pkl,5,train,True
sub071.pkl-18-0,sub071.pkl-18-0,sub071,,sub071.pkl,5,train,True
sub071.pkl-18-1,sub071.pkl-18-1,sub071,,sub071.pkl,5,train,True
sub071.pkl-18-2,sub071.pkl-18-2,sub071,,sub071.pkl,5,train,True
sub071.pkl-19-0,sub071.pkl-19-0,sub071,,sub071.pkl,6,train,True
sub071.pkl-19-1,sub071.pkl-19-1,sub071,,sub071.pkl,6,train,True
sub071.pkl-19-2,sub071.pkl-19-2,sub071,,sub071.pkl,6,train,True
sub071.pkl-20-0,sub071.pkl-20-0,sub071,,sub071.pkl,6,train,True
sub071.pkl-20-1,sub071.pkl-20-1,sub071,,sub071.pkl,6,train,True
sub071.pkl-20-2,sub071.pkl-20-2,sub071,,sub071.pkl,6,train,True
sub071.pkl-21-0,sub071.pkl-21-0,sub071,,sub071.pkl,6,train,True
sub071.pkl-21-1,sub071.pkl-21-1,sub071,,sub071.pkl,6,train,True
sub071.pkl-21-2,sub071.pkl-21-2,sub071,,sub071.pkl,6,train,True
sub071.pkl-22-0,sub071.pkl-22-0,sub071,,sub071.pkl,7,train,True
sub071.pkl-22-1,sub071.pkl-22-1,sub071,,sub071.pkl,7,train,True
sub071.pkl-22-2,sub071.pkl-22-2,sub071,,sub071.pkl,7,train,True
sub071.pkl-23-0,sub071.pkl-23-0,sub071,,sub071.pkl,7,train,True
sub071.pkl-23-1,sub071.pkl-23-1,sub071,,sub071.pkl,7,train,True
sub071.pkl-23-2,sub071.pkl-23-2,sub071,,sub071.pkl,7,train,True
sub071.pkl-24-0,sub071.pkl-24-0,sub071,,sub071.pkl,7,train,True
sub071.pkl-24-1,sub071.pkl-24-1,sub071,,sub071.pkl,7,train,True
sub071.pkl-24-2,sub071.pkl-24-2,sub071,,sub071.pkl,7,train,True
sub071.pkl-25-0,sub071.pkl-25-0,sub071,,sub071.pkl,8,train,True
sub071.pkl-25-1,sub071.pkl-25-1,sub071,,sub071.pkl,8,train,True
sub071.pkl-25-2,sub071.pkl-25-2,sub071,,sub071.pkl,8,train,True
sub071.pkl-26-0,sub071.pkl-26-0,sub071,,sub071.pkl,8,train,True
sub071.pkl-26-1,sub071.pkl-26-1,sub071,,sub071.pkl,8,train,True
sub071.pkl-26-2,sub071.pkl-26-2,sub071,,sub071.pkl,8,train,True
sub071.pkl-27-0,sub071.pkl-27-0,sub071,,sub071.pkl,8,train,True
sub071.pkl-27-1,sub071.pkl-27-1,sub071,,sub071.pkl,8,train,True
sub071.pkl-27-2,sub071.pkl-27-2,sub071,,sub071.pkl,8,train,True
sub072.pkl-0-0,sub072.pkl-0-0,sub072,,sub072.pkl,0,train,True
sub072.pkl-0-1,sub072.pkl-0-1,sub072,,sub072.pkl,0,train,True
sub072.pkl-0-2,sub072.pkl-0-2,sub072,,sub072.pkl,0,train,True
sub072.pkl-1-0,sub072.pkl-1-0,sub072,,sub072.pkl,0,train,True
sub072.pkl-1-1,sub072.pkl-1-1,sub072,,sub072.pkl,0,train,True
sub072.pkl-1-2,sub072.pkl-1-2,sub072,,sub072.pkl,0,train,True
sub072.pkl-2-0,sub072.pkl-2-0,sub072,,sub072.pkl,0,train,True
sub072.pkl-2-1,sub072.pkl-2-1,sub072,,sub072.pkl,0,train,True
sub072.pkl-2-2,sub072.pkl-2-2,sub072,,sub072.pkl,0,train,True
sub072.pkl-3-0,sub072.pkl-3-0,sub072,,sub072.pkl,1,train,True
sub072.pkl-3-1,sub072.pkl-3-1,sub072,,sub072.pkl,1,train,True
sub072.pkl-3-2,sub072.pkl-3-2,sub072,,sub072.pkl,1,train,True
sub072.pkl-4-0,sub072.pkl-4-0,sub072,,sub072.pkl,1,train,True
sub072.pkl-4-1,sub072.pkl-4-1,sub072,,sub072.pkl,1,train,True
sub072.pkl-4-2,sub072.pkl-4-2,sub072,,sub072.pkl,1,train,True
sub072.pkl-5-0,sub072.pkl-5-0,sub072,,sub072.pkl,1,train,True
sub072.pkl-5-1,sub072.pkl-5-1,sub072,,sub072.pkl,1,train,True
sub072.pkl-5-2,sub072.pkl-5-2,sub072,,sub072.pkl,1,train,True
sub072.pkl-6-0,sub072.pkl-6-0,sub072,,sub072.pkl,2,train,True
sub072.pkl-6-1,sub072.pkl-6-1,sub072,,sub072.pkl,2,train,True
sub072.pkl-6-2,sub072.pkl-6-2,sub072,,sub072.pkl,2,train,True
sub072.pkl-7-0,sub072.pkl-7-0,sub072,,sub072.pkl,2,train,True
sub072.pkl-7-1,sub072.pkl-7-1,sub072,,sub072.pkl,2,train,True
sub072.pkl-7-2,sub072.pkl-7-2,sub072,,sub072.pkl,2,train,True
sub072.pkl-8-0,sub072.pkl-8-0,sub072,,sub072.pkl,2,train,True
sub072.pkl-8-1,sub072.pkl-8-1,sub072,,sub072.pkl,2,train,True
sub072.pkl-8-2,sub072.pkl-8-2,sub072,,sub072.pkl,2,train,True
sub072.pkl-9-0,sub072.pkl-9-0,sub072,,sub072.pkl,3,train,True
sub072.pkl-9-1,sub072.pkl-9-1,sub072,,sub072.pkl,3,train,True
sub072.pkl-9-2,sub072.pkl-9-2,sub072,,sub072.pkl,3,train,True
sub072.pkl-10-0,sub072.pkl-10-0,sub072,,sub072.pkl,3,train,True
sub072.pkl-10-1,sub072.pkl-10-1,sub072,,sub072.pkl,3,train,True
sub072.pkl-10-2,sub072.pkl-10-2,sub072,,sub072.pkl,3,train,True
sub072.pkl-11-0,sub072.pkl-11-0,sub072,,sub072.pkl,3,train,True
sub072.pkl-11-1,sub072.pkl-11-1,sub072,,sub072.pkl,3,train,True
sub072.pkl-11-2,sub072.pkl-11-2,sub072,,sub072.pkl,3,train,True
sub072.pkl-12-0,sub072.pkl-12-0,sub072,,sub072.pkl,4,train,True
sub072.pkl-12-1,sub072.pkl-12-1,sub072,,sub072.pkl,4,train,True
sub072.pkl-12-2,sub072.pkl-12-2,sub072,,sub072.pkl,4,train,True
sub072.pkl-13-0,sub072.pkl-13-0,sub072,,sub072.pkl,4,train,True
sub072.pkl-13-1,sub072.pkl-13-1,sub072,,sub072.pkl,4,train,True
sub072.pkl-13-2,sub072.pkl-13-2,sub072,,sub072.pkl,4,train,True
sub072.pkl-14-0,sub072.pkl-14-0,sub072,,sub072.pkl,4,train,True
sub072.pkl-14-1,sub072.pkl-14-1,sub072,,sub072.pkl,4,train,True
sub072.pkl-14-2,sub072.pkl-14-2,sub072,,sub072.pkl,4,train,True
sub072.pkl-15-0,sub072.pkl-15-0,sub072,,sub072.pkl,4,train,True
sub072.pkl-15-1,sub072.pkl-15-1,sub072,,sub072.pkl,4,train,True
sub072.pkl-15-2,sub072.pkl-15-2,sub072,,sub072.pkl,4,train,True
sub072.pkl-16-0,sub072.pkl-16-0,sub072,,sub072.pkl,5,train,True
sub072.pkl-16-1,sub072.pkl-16-1,sub072,,sub072.pkl,5,train,True
sub072.pkl-16-2,sub072.pkl-16-2,sub072,,sub072.pkl,5,train,True
sub072.pkl-17-0,sub072.pkl-17-0,sub072,,sub072.pkl,5,train,True
sub072.pkl-17-1,sub072.pkl-17-1,sub072,,sub072.pkl,5,train,True
sub072.pkl-17-2,sub072.pkl-17-2,sub072,,sub072.pkl,5,train,True
sub072.pkl-18-0,sub072.pkl-18-0,sub072,,sub072.pkl,5,train,True
sub072.pkl-18-1,sub072.pkl-18-1,sub072,,sub072.pkl,5,train,True
sub072.pkl-18-2,sub072.pkl-18-2,sub072,,sub072.pkl,5,train,True
sub072.pkl-19-0,sub072.pkl-19-0,sub072,,sub072.pkl,6,train,True
sub072.pkl-19-1,sub072.pkl-19-1,sub072,,sub072.pkl,6,train,True
sub072.pkl-19-2,sub072.pkl-19-2,sub072,,sub072.pkl,6,train,True
sub072.pkl-20-0,sub072.pkl-20-0,sub072,,sub072.pkl,6,train,True
sub072.pkl-20-1,sub072.pkl-20-1,sub072,,sub072.pkl,6,train,True
sub072.pkl-20-2,sub072.pkl-20-2,sub072,,sub072.pkl,6,train,True
sub072.pkl-21-0,sub072.pkl-21-0,sub072,,sub072.pkl,6,train,True
sub072.pkl-21-1,sub072.pkl-21-1,sub072,,sub072.pkl,6,train,True
sub072.pkl-21-2,sub072.pkl-21-2,sub072,,sub072.pkl,6,train,True
sub072.pkl-22-0,sub072.pkl-22-0,sub072,,sub072.pkl,7,train,True
sub072.pkl-22-1,sub072.pkl-22-1,sub072,,sub072.pkl,7,train,True
sub072.pkl-22-2,sub072.pkl-22-2,sub072,,sub072.pkl,7,train,True
sub072.pkl-23-0,sub072.pkl-23-0,sub072,,sub072.pkl,7,train,True
sub072.pkl-23-1,sub072.pkl-23-1,sub072,,sub072.pkl,7,train,True
sub072.pkl-23-2,sub072.pkl-23-2,sub072,,sub072.pkl,7,train,True
sub072.pkl-24-0,sub072.pkl-24-0,sub072,,sub072.pkl,7,train,True
sub072.pkl-24-1,sub072.pkl-24-1,sub072,,sub072.pkl,7,train,True
sub072.pkl-24-2,sub072.pkl-24-2,sub072,,sub072.pkl,7,train,True
sub072.pkl-25-0,sub072.pkl-25-0,sub072,,sub072.pkl,8,train,True
sub072.pkl-25-1,sub072.pkl-25-1,sub072,,sub072.pkl,8,train,True
sub072.pkl-25-2,sub072.pkl-25-2,sub072,,sub072.pkl,8,train,True
sub072.pkl-26-0,sub072.pkl-26-0,sub072,,sub072.pkl,8,train,True
sub072.pkl-26-1,sub072.pkl-26-1,sub072,,sub072.pkl,8,train,True
sub072.pkl-26-2,sub072.pkl-26-2,sub072,,sub072.pkl,8,train,True
sub072.pkl-27-0,sub072.pkl-27-0,sub072,,sub072.pkl,8,train,True
sub072.pkl-27-1,sub072.pkl-27-1,sub072,,sub072.pkl,8,train,True
sub072.pkl-27-2,sub072.pkl-27-2,sub072,,sub072.pkl,8,train,True
sub073.pkl-0-0,sub073.pkl-0-0,sub073,,sub073.pkl,0,train,True
sub073.pkl-0-1,sub073.pkl-0-1,sub073,,sub073.pkl,0,train,True
sub073.pkl-0-2,sub073.pkl-0-2,sub073,,sub073.pkl,0,train,True
sub073.pkl-1-0,sub073.pkl-1-0,sub073,,sub073.pkl,0,train,True
sub073.pkl-1-1,sub073.pkl-1-1,sub073,,sub073.pkl,0,train,True
sub073.pkl-1-2,sub073.pkl-1-2,sub073,,sub073.pkl,0,train,True
sub073.pkl-2-0,sub073.pkl-2-0,sub073,,sub073.pkl,0,train,True
sub073.pkl-2-1,sub073.pkl-2-1,sub073,,sub073.pkl,0,train,True
sub073.pkl-2-2,sub073.pkl-2-2,sub073,,sub073.pkl,0,train,True
sub073.pkl-3-0,sub073.pkl-3-0,sub073,,sub073.pkl,1,train,True
sub073.pkl-3-1,sub073.pkl-3-1,sub073,,sub073.pkl,1,train,True
sub073.pkl-3-2,sub073.pkl-3-2,sub073,,sub073.pkl,1,train,True
sub073.pkl-4-0,sub073.pkl-4-0,sub073,,sub073.pkl,1,train,True
sub073.pkl-4-1,sub073.pkl-4-1,sub073,,sub073.pkl,1,train,True
sub073.pkl-4-2,sub073.pkl-4-2,sub073,,sub073.pkl,1,train,True
sub073.pkl-5-0,sub073.pkl-5-0,sub073,,sub073.pkl,1,train,True
sub073.pkl-5-1,sub073.pkl-5-1,sub073,,sub073.pkl,1,train,True
sub073.pkl-5-2,sub073.pkl-5-2,sub073,,sub073.pkl,1,train,True
sub073.pkl-6-0,sub073.pkl-6-0,sub073,,sub073.pkl,2,train,True
sub073.pkl-6-1,sub073.pkl-6-1,sub073,,sub073.pkl,2,train,True
sub073.pkl-6-2,sub073.pkl-6-2,sub073,,sub073.pkl,2,train,True
sub073.pkl-7-0,sub073.pkl-7-0,sub073,,sub073.pkl,2,train,True
sub073.pkl-7-1,sub073.pkl-7-1,sub073,,sub073.pkl,2,train,True
sub073.pkl-7-2,sub073.pkl-7-2,sub073,,sub073.pkl,2,train,True
sub073.pkl-8-0,sub073.pkl-8-0,sub073,,sub073.pkl,2,train,True
sub073.pkl-8-1,sub073.pkl-8-1,sub073,,sub073.pkl,2,train,True
sub073.pkl-8-2,sub073.pkl-8-2,sub073,,sub073.pkl,2,train,True
sub073.pkl-9-0,sub073.pkl-9-0,sub073,,sub073.pkl,3,train,True
sub073.pkl-9-1,sub073.pkl-9-1,sub073,,sub073.pkl,3,train,True
sub073.pkl-9-2,sub073.pkl-9-2,sub073,,sub073.pkl,3,train,True
sub073.pkl-10-0,sub073.pkl-10-0,sub073,,sub073.pkl,3,train,True
sub073.pkl-10-1,sub073.pkl-10-1,sub073,,sub073.pkl,3,train,True
sub073.pkl-10-2,sub073.pkl-10-2,sub073,,sub073.pkl,3,train,True
sub073.pkl-11-0,sub073.pkl-11-0,sub073,,sub073.pkl,3,train,True
sub073.pkl-11-1,sub073.pkl-11-1,sub073,,sub073.pkl,3,train,True
sub073.pkl-11-2,sub073.pkl-11-2,sub073,,sub073.pkl,3,train,True
sub073.pkl-12-0,sub073.pkl-12-0,sub073,,sub073.pkl,4,train,True
sub073.pkl-12-1,sub073.pkl-12-1,sub073,,sub073.pkl,4,train,True
sub073.pkl-12-2,sub073.pkl-12-2,sub073,,sub073.pkl,4,train,True
sub073.pkl-13-0,sub073.pkl-13-0,sub073,,sub073.pkl,4,train,True
sub073.pkl-13-1,sub073.pkl-13-1,sub073,,sub073.pkl,4,train,True
sub073.pkl-13-2,sub073.pkl-13-2,sub073,,sub073.pkl,4,train,True
sub073.pkl-14-0,sub073.pkl-14-0,sub073,,sub073.pkl,4,train,True
sub073.pkl-14-1,sub073.pkl-14-1,sub073,,sub073.pkl,4,train,True
sub073.pkl-14-2,sub073.pkl-14-2,sub073,,sub073.pkl,4,train,True
sub073.pkl-15-0,sub073.pkl-15-0,sub073,,sub073.pkl,4,train,True
sub073.pkl-15-1,sub073.pkl-15-1,sub073,,sub073.pkl,4,train,True
sub073.pkl-15-2,sub073.pkl-15-2,sub073,,sub073.pkl,4,train,True
sub073.pkl-16-0,sub073.pkl-16-0,sub073,,sub073.pkl,5,train,True
sub073.pkl-16-1,sub073.pkl-16-1,sub073,,sub073.pkl,5,train,True
sub073.pkl-16-2,sub073.pkl-16-2,sub073,,sub073.pkl,5,train,True
sub073.pkl-17-0,sub073.pkl-17-0,sub073,,sub073.pkl,5,train,True
sub073.pkl-17-1,sub073.pkl-17-1,sub073,,sub073.pkl,5,train,True
sub073.pkl-17-2,sub073.pkl-17-2,sub073,,sub073.pkl,5,train,True
sub073.pkl-18-0,sub073.pkl-18-0,sub073,,sub073.pkl,5,train,True
sub073.pkl-18-1,sub073.pkl-18-1,sub073,,sub073.pkl,5,train,True
sub073.pkl-18-2,sub073.pkl-18-2,sub073,,sub073.pkl,5,train,True
sub073.pkl-19-0,sub073.pkl-19-0,sub073,,sub073.pkl,6,train,True
sub073.pkl-19-1,sub073.pkl-19-1,sub073,,sub073.pkl,6,train,True
sub073.pkl-19-2,sub073.pkl-19-2,sub073,,sub073.pkl,6,train,True
sub073.pkl-20-0,sub073.pkl-20-0,sub073,,sub073.pkl,6,train,True
sub073.pkl-20-1,sub073.pkl-20-1,sub073,,sub073.pkl,6,train,True
sub073.pkl-20-2,sub073.pkl-20-2,sub073,,sub073.pkl,6,train,True
sub073.pkl-21-0,sub073.pkl-21-0,sub073,,sub073.pkl,6,train,True
sub073.pkl-21-1,sub073.pkl-21-1,sub073,,sub073.pkl,6,train,True
sub073.pkl-21-2,sub073.pkl-21-2,sub073,,sub073.pkl,6,train,True
sub073.pkl-22-0,sub073.pkl-22-0,sub073,,sub073.pkl,7,train,True
sub073.pkl-22-1,sub073.pkl-22-1,sub073,,sub073.pkl,7,train,True
sub073.pkl-22-2,sub073.pkl-22-2,sub073,,sub073.pkl,7,train,True
sub073.pkl-23-0,sub073.pkl-23-0,sub073,,sub073.pkl,7,train,True
sub073.pkl-23-1,sub073.pkl-23-1,sub073,,sub073.pkl,7,train,True
sub073.pkl-23-2,sub073.pkl-23-2,sub073,,sub073.pkl,7,train,True
sub073.pkl-24-0,sub073.pkl-24-0,sub073,,sub073.pkl,7,train,True
sub073.pkl-24-1,sub073.pkl-24-1,sub073,,sub073.pkl,7,train,True
sub073.pkl-24-2,sub073.pkl-24-2,sub073,,sub073.pkl,7,train,True
sub073.pkl-25-0,sub073.pkl-25-0,sub073,,sub073.pkl,8,train,True
sub073.pkl-25-1,sub073.pkl-25-1,sub073,,sub073.pkl,8,train,True
sub073.pkl-25-2,sub073.pkl-25-2,sub073,,sub073.pkl,8,train,True
sub073.pkl-26-0,sub073.pkl-26-0,sub073,,sub073.pkl,8,train,True
sub073.pkl-26-1,sub073.pkl-26-1,sub073,,sub073.pkl,8,train,True
sub073.pkl-26-2,sub073.pkl-26-2,sub073,,sub073.pkl,8,train,True
sub073.pkl-27-0,sub073.pkl-27-0,sub073,,sub073.pkl,8,train,True
sub073.pkl-27-1,sub073.pkl-27-1,sub073,,sub073.pkl,8,train,True
sub073.pkl-27-2,sub073.pkl-27-2,sub073,,sub073.pkl,8,train,True
sub074.pkl-0-0,sub074.pkl-0-0,sub074,,sub074.pkl,0,train,True
sub074.pkl-0-1,sub074.pkl-0-1,sub074,,sub074.pkl,0,train,True
sub074.pkl-0-2,sub074.pkl-0-2,sub074,,sub074.pkl,0,train,True
sub074.pkl-1-0,sub074.pkl-1-0,sub074,,sub074.pkl,0,train,True
sub074.pkl-1-1,sub074.pkl-1-1,sub074,,sub074.pkl,0,train,True
sub074.pkl-1-2,sub074.pkl-1-2,sub074,,sub074.pkl,0,train,True
sub074.pkl-2-0,sub074.pkl-2-0,sub074,,sub074.pkl,0,train,True
sub074.pkl-2-1,sub074.pkl-2-1,sub074,,sub074.pkl,0,train,True
sub074.pkl-2-2,sub074.pkl-2-2,sub074,,sub074.pkl,0,train,True
sub074.pkl-3-0,sub074.pkl-3-0,sub074,,sub074.pkl,1,train,True
sub074.pkl-3-1,sub074.pkl-3-1,sub074,,sub074.pkl,1,train,True
sub074.pkl-3-2,sub074.pkl-3-2,sub074,,sub074.pkl,1,train,True
sub074.pkl-4-0,sub074.pkl-4-0,sub074,,sub074.pkl,1,train,True
sub074.pkl-4-1,sub074.pkl-4-1,sub074,,sub074.pkl,1,train,True
sub074.pkl-4-2,sub074.pkl-4-2,sub074,,sub074.pkl,1,train,True
sub074.pkl-5-0,sub074.pkl-5-0,sub074,,sub074.pkl,1,train,True
sub074.pkl-5-1,sub074.pkl-5-1,sub074,,sub074.pkl,1,train,True
sub074.pkl-5-2,sub074.pkl-5-2,sub074,,sub074.pkl,1,train,True
sub074.pkl-6-0,sub074.pkl-6-0,sub074,,sub074.pkl,2,train,True
sub074.pkl-6-1,sub074.pkl-6-1,sub074,,sub074.pkl,2,train,True
sub074.pkl-6-2,sub074.pkl-6-2,sub074,,sub074.pkl,2,train,True
sub074.pkl-7-0,sub074.pkl-7-0,sub074,,sub074.pkl,2,train,True
sub074.pkl-7-1,sub074.pkl-7-1,sub074,,sub074.pkl,2,train,True
sub074.pkl-7-2,sub074.pkl-7-2,sub074,,sub074.pkl,2,train,True
sub074.pkl-8-0,sub074.pkl-8-0,sub074,,sub074.pkl,2,train,True
sub074.pkl-8-1,sub074.pkl-8-1,sub074,,sub074.pkl,2,train,True
sub074.pkl-8-2,sub074.pkl-8-2,sub074,,sub074.pkl,2,train,True
sub074.pkl-9-0,sub074.pkl-9-0,sub074,,sub074.pkl,3,train,True
sub074.pkl-9-1,sub074.pkl-9-1,sub074,,sub074.pkl,3,train,True
sub074.pkl-9-2,sub074.pkl-9-2,sub074,,sub074.pkl,3,train,True
sub074.pkl-10-0,sub074.pkl-10-0,sub074,,sub074.pkl,3,train,True
sub074.pkl-10-1,sub074.pkl-10-1,sub074,,sub074.pkl,3,train,True
sub074.pkl-10-2,sub074.pkl-10-2,sub074,,sub074.pkl,3,train,True
sub074.pkl-11-0,sub074.pkl-11-0,sub074,,sub074.pkl,3,train,True
sub074.pkl-11-1,sub074.pkl-11-1,sub074,,sub074.pkl,3,train,True
sub074.pkl-11-2,sub074.pkl-11-2,sub074,,sub074.pkl,3,train,True
sub074.pkl-12-0,sub074.pkl-12-0,sub074,,sub074.pkl,4,train,True
sub074.pkl-12-1,sub074.pkl-12-1,sub074,,sub074.pkl,4,train,True
sub074.pkl-12-2,sub074.pkl-12-2,sub074,,sub074.pkl,4,train,True
sub074.pkl-13-0,sub074.pkl-13-0,sub074,,sub074.pkl,4,train,True
sub074.pkl-13-1,sub074.pkl-13-1,sub074,,sub074.pkl,4,train,True
sub074.pkl-13-2,sub074.pkl-13-2,sub074,,sub074.pkl,4,train,True
sub074.pkl-14-0,sub074.pkl-14-0,sub074,,sub074.pkl,4,train,True
sub074.pkl-14-1,sub074.pkl-14-1,sub074,,sub074.pkl,4,train,True
sub074.pkl-14-2,sub074.pkl-14-2,sub074,,sub074.pkl,4,train,True
sub074.pkl-15-0,sub074.pkl-15-0,sub074,,sub074.pkl,4,train,True
sub074.pkl-15-1,sub074.pkl-15-1,sub074,,sub074.pkl,4,train,True
sub074.pkl-15-2,sub074.pkl-15-2,sub074,,sub074.pkl,4,train,True
sub074.pkl-16-0,sub074.pkl-16-0,sub074,,sub074.pkl,5,train,True
sub074.pkl-16-1,sub074.pkl-16-1,sub074,,sub074.pkl,5,train,True
sub074.pkl-16-2,sub074.pkl-16-2,sub074,,sub074.pkl,5,train,True
sub074.pkl-17-0,sub074.pkl-17-0,sub074,,sub074.pkl,5,train,True
sub074.pkl-17-1,sub074.pkl-17-1,sub074,,sub074.pkl,5,train,True
sub074.pkl-17-2,sub074.pkl-17-2,sub074,,sub074.pkl,5,train,True
sub074.pkl-18-0,sub074.pkl-18-0,sub074,,sub074.pkl,5,train,True
sub074.pkl-18-1,sub074.pkl-18-1,sub074,,sub074.pkl,5,train,True
sub074.pkl-18-2,sub074.pkl-18-2,sub074,,sub074.pkl,5,train,True
sub074.pkl-19-0,sub074.pkl-19-0,sub074,,sub074.pkl,6,train,True
sub074.pkl-19-1,sub074.pkl-19-1,sub074,,sub074.pkl,6,train,True
sub074.pkl-19-2,sub074.pkl-19-2,sub074,,sub074.pkl,6,train,True
sub074.pkl-20-0,sub074.pkl-20-0,sub074,,sub074.pkl,6,train,True
sub074.pkl-20-1,sub074.pkl-20-1,sub074,,sub074.pkl,6,train,True
sub074.pkl-20-2,sub074.pkl-20-2,sub074,,sub074.pkl,6,train,True
sub074.pkl-21-0,sub074.pkl-21-0,sub074,,sub074.pkl,6,train,True
sub074.pkl-21-1,sub074.pkl-21-1,sub074,,sub074.pkl,6,train,True
sub074.pkl-21-2,sub074.pkl-21-2,sub074,,sub074.pkl,6,train,True
sub074.pkl-22-0,sub074.pkl-22-0,sub074,,sub074.pkl,7,train,True
sub074.pkl-22-1,sub074.pkl-22-1,sub074,,sub074.pkl,7,train,True
sub074.pkl-22-2,sub074.pkl-22-2,sub074,,sub074.pkl,7,train,True
sub074.pkl-23-0,sub074.pkl-23-0,sub074,,sub074.pkl,7,train,True
sub074.pkl-23-1,sub074.pkl-23-1,sub074,,sub074.pkl,7,train,True
sub074.pkl-23-2,sub074.pkl-23-2,sub074,,sub074.pkl,7,train,True
sub074.pkl-24-0,sub074.pkl-24-0,sub074,,sub074.pkl,7,train,True
sub074.pkl-24-1,sub074.pkl-24-1,sub074,,sub074.pkl,7,train,True
sub074.pkl-24-2,sub074.pkl-24-2,sub074,,sub074.pkl,7,train,True
sub074.pkl-25-0,sub074.pkl-25-0,sub074,,sub074.pkl,8,train,True
sub074.pkl-25-1,sub074.pkl-25-1,sub074,,sub074.pkl,8,train,True
sub074.pkl-25-2,sub074.pkl-25-2,sub074,,sub074.pkl,8,train,True
sub074.pkl-26-0,sub074.pkl-26-0,sub074,,sub074.pkl,8,train,True
sub074.pkl-26-1,sub074.pkl-26-1,sub074,,sub074.pkl,8,train,True
sub074.pkl-26-2,sub074.pkl-26-2,sub074,,sub074.pkl,8,train,True
sub074.pkl-27-0,sub074.pkl-27-0,sub074,,sub074.pkl,8,train,True
sub074.pkl-27-1,sub074.pkl-27-1,sub074,,sub074.pkl,8,train,True
sub074.pkl-27-2,sub074.pkl-27-2,sub074,,sub074.pkl,8,train,True
sub075.pkl-0-0,sub075.pkl-0-0,sub075,,sub075.pkl,0,train,True
sub075.pkl-0-1,sub075.pkl-0-1,sub075,,sub075.pkl,0,train,True
sub075.pkl-0-2,sub075.pkl-0-2,sub075,,sub075.pkl,0,train,True
sub075.pkl-1-0,sub075.pkl-1-0,sub075,,sub075.pkl,0,train,True
sub075.pkl-1-1,sub075.pkl-1-1,sub075,,sub075.pkl,0,train,True
sub075.pkl-1-2,sub075.pkl-1-2,sub075,,sub075.pkl,0,train,True
sub075.pkl-2-0,sub075.pkl-2-0,sub075,,sub075.pkl,0,train,True
sub075.pkl-2-1,sub075.pkl-2-1,sub075,,sub075.pkl,0,train,True
sub075.pkl-2-2,sub075.pkl-2-2,sub075,,sub075.pkl,0,train,True
sub075.pkl-3-0,sub075.pkl-3-0,sub075,,sub075.pkl,1,train,True
sub075.pkl-3-1,sub075.pkl-3-1,sub075,,sub075.pkl,1,train,True
sub075.pkl-3-2,sub075.pkl-3-2,sub075,,sub075.pkl,1,train,True
sub075.pkl-4-0,sub075.pkl-4-0,sub075,,sub075.pkl,1,train,True
sub075.pkl-4-1,sub075.pkl-4-1,sub075,,sub075.pkl,1,train,True
sub075.pkl-4-2,sub075.pkl-4-2,sub075,,sub075.pkl,1,train,True
sub075.pkl-5-0,sub075.pkl-5-0,sub075,,sub075.pkl,1,train,True
sub075.pkl-5-1,sub075.pkl-5-1,sub075,,sub075.pkl,1,train,True
sub075.pkl-5-2,sub075.pkl-5-2,sub075,,sub075.pkl,1,train,True
sub075.pkl-6-0,sub075.pkl-6-0,sub075,,sub075.pkl,2,train,True
sub075.pkl-6-1,sub075.pkl-6-1,sub075,,sub075.pkl,2,train,True
sub075.pkl-6-2,sub075.pkl-6-2,sub075,,sub075.pkl,2,train,True
sub075.pkl-7-0,sub075.pkl-7-0,sub075,,sub075.pkl,2,train,True
sub075.pkl-7-1,sub075.pkl-7-1,sub075,,sub075.pkl,2,train,True
sub075.pkl-7-2,sub075.pkl-7-2,sub075,,sub075.pkl,2,train,True
sub075.pkl-8-0,sub075.pkl-8-0,sub075,,sub075.pkl,2,train,True
sub075.pkl-8-1,sub075.pkl-8-1,sub075,,sub075.pkl,2,train,True
sub075.pkl-8-2,sub075.pkl-8-2,sub075,,sub075.pkl,2,train,True
sub075.pkl-9-0,sub075.pkl-9-0,sub075,,sub075.pkl,3,train,True
sub075.pkl-9-1,sub075.pkl-9-1,sub075,,sub075.pkl,3,train,True
sub075.pkl-9-2,sub075.pkl-9-2,sub075,,sub075.pkl,3,train,True
sub075.pkl-10-0,sub075.pkl-10-0,sub075,,sub075.pkl,3,train,True
sub075.pkl-10-1,sub075.pkl-10-1,sub075,,sub075.pkl,3,train,True
sub075.pkl-10-2,sub075.pkl-10-2,sub075,,sub075.pkl,3,train,True
sub075.pkl-11-0,sub075.pkl-11-0,sub075,,sub075.pkl,3,train,True
sub075.pkl-11-1,sub075.pkl-11-1,sub075,,sub075.pkl,3,train,True
sub075.pkl-11-2,sub075.pkl-11-2,sub075,,sub075.pkl,3,train,True
sub075.pkl-12-0,sub075.pkl-12-0,sub075,,sub075.pkl,4,train,True
sub075.pkl-12-1,sub075.pkl-12-1,sub075,,sub075.pkl,4,train,True
sub075.pkl-12-2,sub075.pkl-12-2,sub075,,sub075.pkl,4,train,True
sub075.pkl-13-0,sub075.pkl-13-0,sub075,,sub075.pkl,4,train,True
sub075.pkl-13-1,sub075.pkl-13-1,sub075,,sub075.pkl,4,train,True
sub075.pkl-13-2,sub075.pkl-13-2,sub075,,sub075.pkl,4,train,True
sub075.pkl-14-0,sub075.pkl-14-0,sub075,,sub075.pkl,4,train,True
sub075.pkl-14-1,sub075.pkl-14-1,sub075,,sub075.pkl,4,train,True
sub075.pkl-14-2,sub075.pkl-14-2,sub075,,sub075.pkl,4,train,True
sub075.pkl-15-0,sub075.pkl-15-0,sub075,,sub075.pkl,4,train,True
sub075.pkl-15-1,sub075.pkl-15-1,sub075,,sub075.pkl,4,train,True
sub075.pkl-15-2,sub075.pkl-15-2,sub075,,sub075.pkl,4,train,True
sub075.pkl-16-0,sub075.pkl-16-0,sub075,,sub075.pkl,5,train,True
sub075.pkl-16-1,sub075.pkl-16-1,sub075,,sub075.pkl,5,train,True
sub075.pkl-16-2,sub075.pkl-16-2,sub075,,sub075.pkl,5,train,True
sub075.pkl-17-0,sub075.pkl-17-0,sub075,,sub075.pkl,5,train,True
sub075.pkl-17-1,sub075.pkl-17-1,sub075,,sub075.pkl,5,train,True
sub075.pkl-17-2,sub075.pkl-17-2,sub075,,sub075.pkl,5,train,True
sub075.pkl-18-0,sub075.pkl-18-0,sub075,,sub075.pkl,5,train,True
sub075.pkl-18-1,sub075.pkl-18-1,sub075,,sub075.pkl,5,train,True
sub075.pkl-18-2,sub075.pkl-18-2,sub075,,sub075.pkl,5,train,True
sub075.pkl-19-0,sub075.pkl-19-0,sub075,,sub075.pkl,6,train,True
sub075.pkl-19-1,sub075.pkl-19-1,sub075,,sub075.pkl,6,train,True
sub075.pkl-19-2,sub075.pkl-19-2,sub075,,sub075.pkl,6,train,True
sub075.pkl-20-0,sub075.pkl-20-0,sub075,,sub075.pkl,6,train,True
sub075.pkl-20-1,sub075.pkl-20-1,sub075,,sub075.pkl,6,train,True
sub075.pkl-20-2,sub075.pkl-20-2,sub075,,sub075.pkl,6,train,True
sub075.pkl-21-0,sub075.pkl-21-0,sub075,,sub075.pkl,6,train,True
sub075.pkl-21-1,sub075.pkl-21-1,sub075,,sub075.pkl,6,train,True
sub075.pkl-21-2,sub075.pkl-21-2,sub075,,sub075.pkl,6,train,True
sub075.pkl-22-0,sub075.pkl-22-0,sub075,,sub075.pkl,7,train,True
sub075.pkl-22-1,sub075.pkl-22-1,sub075,,sub075.pkl,7,train,True
sub075.pkl-22-2,sub075.pkl-22-2,sub075,,sub075.pkl,7,train,True
sub075.pkl-23-0,sub075.pkl-23-0,sub075,,sub075.pkl,7,train,True
sub075.pkl-23-1,sub075.pkl-23-1,sub075,,sub075.pkl,7,train,True
sub075.pkl-23-2,sub075.pkl-23-2,sub075,,sub075.pkl,7,train,True
sub075.pkl-24-0,sub075.pkl-24-0,sub075,,sub075.pkl,7,train,True
sub075.pkl-24-1,sub075.pkl-24-1,sub075,,sub075.pkl,7,train,True
sub075.pkl-24-2,sub075.pkl-24-2,sub075,,sub075.pkl,7,train,True
sub075.pkl-25-0,sub075.pkl-25-0,sub075,,sub075.pkl,8,train,True
sub075.pkl-25-1,sub075.pkl-25-1,sub075,,sub075.pkl,8,train,True
sub075.pkl-25-2,sub075.pkl-25-2,sub075,,sub075.pkl,8,train,True
sub075.pkl-26-0,sub075.pkl-26-0,sub075,,sub075.pkl,8,train,True
sub075.pkl-26-1,sub075.pkl-26-1,sub075,,sub075.pkl,8,train,True
sub075.pkl-26-2,sub075.pkl-26-2,sub075,,sub075.pkl,8,train,True
sub075.pkl-27-0,sub075.pkl-27-0,sub075,,sub075.pkl,8,train,True
sub075.pkl-27-1,sub075.pkl-27-1,sub075,,sub075.pkl,8,train,True
sub075.pkl-27-2,sub075.pkl-27-2,sub075,,sub075.pkl,8,train,True
sub076.pkl-0-0,sub076.pkl-0-0,sub076,,sub076.pkl,0,train,True
sub076.pkl-0-1,sub076.pkl-0-1,sub076,,sub076.pkl,0,train,True
sub076.pkl-0-2,sub076.pkl-0-2,sub076,,sub076.pkl,0,train,True
sub076.pkl-1-0,sub076.pkl-1-0,sub076,,sub076.pkl,0,train,True
sub076.pkl-1-1,sub076.pkl-1-1,sub076,,sub076.pkl,0,train,True
sub076.pkl-1-2,sub076.pkl-1-2,sub076,,sub076.pkl,0,train,True
sub076.pkl-2-0,sub076.pkl-2-0,sub076,,sub076.pkl,0,train,True
sub076.pkl-2-1,sub076.pkl-2-1,sub076,,sub076.pkl,0,train,True
sub076.pkl-2-2,sub076.pkl-2-2,sub076,,sub076.pkl,0,train,True
sub076.pkl-3-0,sub076.pkl-3-0,sub076,,sub076.pkl,1,train,True
sub076.pkl-3-1,sub076.pkl-3-1,sub076,,sub076.pkl,1,train,True
sub076.pkl-3-2,sub076.pkl-3-2,sub076,,sub076.pkl,1,train,True
sub076.pkl-4-0,sub076.pkl-4-0,sub076,,sub076.pkl,1,train,True
sub076.pkl-4-1,sub076.pkl-4-1,sub076,,sub076.pkl,1,train,True
sub076.pkl-4-2,sub076.pkl-4-2,sub076,,sub076.pkl,1,train,True
sub076.pkl-5-0,sub076.pkl-5-0,sub076,,sub076.pkl,1,train,True
sub076.pkl-5-1,sub076.pkl-5-1,sub076,,sub076.pkl,1,train,True
sub076.pkl-5-2,sub076.pkl-5-2,sub076,,sub076.pkl,1,train,True
sub076.pkl-6-0,sub076.pkl-6-0,sub076,,sub076.pkl,2,train,True
sub076.pkl-6-1,sub076.pkl-6-1,sub076,,sub076.pkl,2,train,True
sub076.pkl-6-2,sub076.pkl-6-2,sub076,,sub076.pkl,2,train,True
sub076.pkl-7-0,sub076.pkl-7-0,sub076,,sub076.pkl,2,train,True
sub076.pkl-7-1,sub076.pkl-7-1,sub076,,sub076.pkl,2,train,True
sub076.pkl-7-2,sub076.pkl-7-2,sub076,,sub076.pkl,2,train,True
sub076.pkl-8-0,sub076.pkl-8-0,sub076,,sub076.pkl,2,train,True
sub076.pkl-8-1,sub076.pkl-8-1,sub076,,sub076.pkl,2,train,True
sub076.pkl-8-2,sub076.pkl-8-2,sub076,,sub076.pkl,2,train,True
sub076.pkl-9-0,sub076.pkl-9-0,sub076,,sub076.pkl,3,train,True
sub076.pkl-9-1,sub076.pkl-9-1,sub076,,sub076.pkl,3,train,True
sub076.pkl-9-2,sub076.pkl-9-2,sub076,,sub076.pkl,3,train,True
sub076.pkl-10-0,sub076.pkl-10-0,sub076,,sub076.pkl,3,train,True
sub076.pkl-10-1,sub076.pkl-10-1,sub076,,sub076.pkl,3,train,True
sub076.pkl-10-2,sub076.pkl-10-2,sub076,,sub076.pkl,3,train,True
sub076.pkl-11-0,sub076.pkl-11-0,sub076,,sub076.pkl,3,train,True
sub076.pkl-11-1,sub076.pkl-11-1,sub076,,sub076.pkl,3,train,True
sub076.pkl-11-2,sub076.pkl-11-2,sub076,,sub076.pkl,3,train,True
sub076.pkl-12-0,sub076.pkl-12-0,sub076,,sub076.pkl,4,train,True
sub076.pkl-12-1,sub076.pkl-12-1,sub076,,sub076.pkl,4,train,True
sub076.pkl-12-2,sub076.pkl-12-2,sub076,,sub076.pkl,4,train,True
sub076.pkl-13-0,sub076.pkl-13-0,sub076,,sub076.pkl,4,train,True
sub076.pkl-13-1,sub076.pkl-13-1,sub076,,sub076.pkl,4,train,True
sub076.pkl-13-2,sub076.pkl-13-2,sub076,,sub076.pkl,4,train,True
sub076.pkl-14-0,sub076.pkl-14-0,sub076,,sub076.pkl,4,train,True
sub076.pkl-14-1,sub076.pkl-14-1,sub076,,sub076.pkl,4,train,True
sub076.pkl-14-2,sub076.pkl-14-2,sub076,,sub076.pkl,4,train,True
sub076.pkl-15-0,sub076.pkl-15-0,sub076,,sub076.pkl,4,train,True
sub076.pkl-15-1,sub076.pkl-15-1,sub076,,sub076.pkl,4,train,True
sub076.pkl-15-2,sub076.pkl-15-2,sub076,,sub076.pkl,4,train,True
sub076.pkl-16-0,sub076.pkl-16-0,sub076,,sub076.pkl,5,train,True
sub076.pkl-16-1,sub076.pkl-16-1,sub076,,sub076.pkl,5,train,True
sub076.pkl-16-2,sub076.pkl-16-2,sub076,,sub076.pkl,5,train,True
sub076.pkl-17-0,sub076.pkl-17-0,sub076,,sub076.pkl,5,train,True
sub076.pkl-17-1,sub076.pkl-17-1,sub076,,sub076.pkl,5,train,True
sub076.pkl-17-2,sub076.pkl-17-2,sub076,,sub076.pkl,5,train,True
sub076.pkl-18-0,sub076.pkl-18-0,sub076,,sub076.pkl,5,train,True
sub076.pkl-18-1,sub076.pkl-18-1,sub076,,sub076.pkl,5,train,True
sub076.pkl-18-2,sub076.pkl-18-2,sub076,,sub076.pkl,5,train,True
sub076.pkl-19-0,sub076.pkl-19-0,sub076,,sub076.pkl,6,train,True
sub076.pkl-19-1,sub076.pkl-19-1,sub076,,sub076.pkl,6,train,True
sub076.pkl-19-2,sub076.pkl-19-2,sub076,,sub076.pkl,6,train,True
sub076.pkl-20-0,sub076.pkl-20-0,sub076,,sub076.pkl,6,train,True
sub076.pkl-20-1,sub076.pkl-20-1,sub076,,sub076.pkl,6,train,True
sub076.pkl-20-2,sub076.pkl-20-2,sub076,,sub076.pkl,6,train,True
sub076.pkl-21-0,sub076.pkl-21-0,sub076,,sub076.pkl,6,train,True
sub076.pkl-21-1,sub076.pkl-21-1,sub076,,sub076.pkl,6,train,True
sub076.pkl-21-2,sub076.pkl-21-2,sub076,,sub076.pkl,6,train,True
sub076.pkl-22-0,sub076.pkl-22-0,sub076,,sub076.pkl,7,train,True
sub076.pkl-22-1,sub076.pkl-22-1,sub076,,sub076.pkl,7,train,True
sub076.pkl-22-2,sub076.pkl-22-2,sub076,,sub076.pkl,7,train,True
sub076.pkl-23-0,sub076.pkl-23-0,sub076,,sub076.pkl,7,train,True
sub076.pkl-23-1,sub076.pkl-23-1,sub076,,sub076.pkl,7,train,True
sub076.pkl-23-2,sub076.pkl-23-2,sub076,,sub076.pkl,7,train,True
sub076.pkl-24-0,sub076.pkl-24-0,sub076,,sub076.pkl,7,train,True
sub076.pkl-24-1,sub076.pkl-24-1,sub076,,sub076.pkl,7,train,True
sub076.pkl-24-2,sub076.pkl-24-2,sub076,,sub076.pkl,7,train,True
sub076.pkl-25-0,sub076.pkl-25-0,sub076,,sub076.pkl,8,train,True
sub076.pkl-25-1,sub076.pkl-25-1,sub076,,sub076.pkl,8,train,True
sub076.pkl-25-2,sub076.pkl-25-2,sub076,,sub076.pkl,8,train,True
sub076.pkl-26-0,sub076.pkl-26-0,sub076,,sub076.pkl,8,train,True
sub076.pkl-26-1,sub076.pkl-26-1,sub076,,sub076.pkl,8,train,True
sub076.pkl-26-2,sub076.pkl-26-2,sub076,,sub076.pkl,8,train,True
sub076.pkl-27-0,sub076.pkl-27-0,sub076,,sub076.pkl,8,train,True
sub076.pkl-27-1,sub076.pkl-27-1,sub076,,sub076.pkl,8,train,True
sub076.pkl-27-2,sub076.pkl-27-2,sub076,,sub076.pkl,8,train,True
sub077.pkl-0-0,sub077.pkl-0-0,sub077,,sub077.pkl,0,train,True
sub077.pkl-0-1,sub077.pkl-0-1,sub077,,sub077.pkl,0,train,True
sub077.pkl-0-2,sub077.pkl-0-2,sub077,,sub077.pkl,0,train,True
sub077.pkl-1-0,sub077.pkl-1-0,sub077,,sub077.pkl,0,train,True
sub077.pkl-1-1,sub077.pkl-1-1,sub077,,sub077.pkl,0,train,True
sub077.pkl-1-2,sub077.pkl-1-2,sub077,,sub077.pkl,0,train,True
sub077.pkl-2-0,sub077.pkl-2-0,sub077,,sub077.pkl,0,train,True
sub077.pkl-2-1,sub077.pkl-2-1,sub077,,sub077.pkl,0,train,True
sub077.pkl-2-2,sub077.pkl-2-2,sub077,,sub077.pkl,0,train,True
sub077.pkl-3-0,sub077.pkl-3-0,sub077,,sub077.pkl,1,train,True
sub077.pkl-3-1,sub077.pkl-3-1,sub077,,sub077.pkl,1,train,True
sub077.pkl-3-2,sub077.pkl-3-2,sub077,,sub077.pkl,1,train,True
sub077.pkl-4-0,sub077.pkl-4-0,sub077,,sub077.pkl,1,train,True
sub077.pkl-4-1,sub077.pkl-4-1,sub077,,sub077.pkl,1,train,True
sub077.pkl-4-2,sub077.pkl-4-2,sub077,,sub077.pkl,1,train,True
sub077.pkl-5-0,sub077.pkl-5-0,sub077,,sub077.pkl,1,train,True
sub077.pkl-5-1,sub077.pkl-5-1,sub077,,sub077.pkl,1,train,True
sub077.pkl-5-2,sub077.pkl-5-2,sub077,,sub077.pkl,1,train,True
sub077.pkl-6-0,sub077.pkl-6-0,sub077,,sub077.pkl,2,train,True
sub077.pkl-6-1,sub077.pkl-6-1,sub077,,sub077.pkl,2,train,True
sub077.pkl-6-2,sub077.pkl-6-2,sub077,,sub077.pkl,2,train,True
sub077.pkl-7-0,sub077.pkl-7-0,sub077,,sub077.pkl,2,train,True
sub077.pkl-7-1,sub077.pkl-7-1,sub077,,sub077.pkl,2,train,True
sub077.pkl-7-2,sub077.pkl-7-2,sub077,,sub077.pkl,2,train,True
sub077.pkl-8-0,sub077.pkl-8-0,sub077,,sub077.pkl,2,train,True
sub077.pkl-8-1,sub077.pkl-8-1,sub077,,sub077.pkl,2,train,True
sub077.pkl-8-2,sub077.pkl-8-2,sub077,,sub077.pkl,2,train,True
sub077.pkl-9-0,sub077.pkl-9-0,sub077,,sub077.pkl,3,train,True
sub077.pkl-9-1,sub077.pkl-9-1,sub077,,sub077.pkl,3,train,True
sub077.pkl-9-2,sub077.pkl-9-2,sub077,,sub077.pkl,3,train,True
sub077.pkl-10-0,sub077.pkl-10-0,sub077,,sub077.pkl,3,train,True
sub077.pkl-10-1,sub077.pkl-10-1,sub077,,sub077.pkl,3,train,True
sub077.pkl-10-2,sub077.pkl-10-2,sub077,,sub077.pkl,3,train,True
sub077.pkl-11-0,sub077.pkl-11-0,sub077,,sub077.pkl,3,train,True
sub077.pkl-11-1,sub077.pkl-11-1,sub077,,sub077.pkl,3,train,True
sub077.pkl-11-2,sub077.pkl-11-2,sub077,,sub077.pkl,3,train,True
sub077.pkl-12-0,sub077.pkl-12-0,sub077,,sub077.pkl,4,train,True
sub077.pkl-12-1,sub077.pkl-12-1,sub077,,sub077.pkl,4,train,True
sub077.pkl-12-2,sub077.pkl-12-2,sub077,,sub077.pkl,4,train,True
sub077.pkl-13-0,sub077.pkl-13-0,sub077,,sub077.pkl,4,train,True
sub077.pkl-13-1,sub077.pkl-13-1,sub077,,sub077.pkl,4,train,True
sub077.pkl-13-2,sub077.pkl-13-2,sub077,,sub077.pkl,4,train,True
sub077.pkl-14-0,sub077.pkl-14-0,sub077,,sub077.pkl,4,train,True
sub077.pkl-14-1,sub077.pkl-14-1,sub077,,sub077.pkl,4,train,True
sub077.pkl-14-2,sub077.pkl-14-2,sub077,,sub077.pkl,4,train,True
sub077.pkl-15-0,sub077.pkl-15-0,sub077,,sub077.pkl,4,train,True
sub077.pkl-15-1,sub077.pkl-15-1,sub077,,sub077.pkl,4,train,True
sub077.pkl-15-2,sub077.pkl-15-2,sub077,,sub077.pkl,4,train,True
sub077.pkl-16-0,sub077.pkl-16-0,sub077,,sub077.pkl,5,train,True
sub077.pkl-16-1,sub077.pkl-16-1,sub077,,sub077.pkl,5,train,True
sub077.pkl-16-2,sub077.pkl-16-2,sub077,,sub077.pkl,5,train,True
sub077.pkl-17-0,sub077.pkl-17-0,sub077,,sub077.pkl,5,train,True
sub077.pkl-17-1,sub077.pkl-17-1,sub077,,sub077.pkl,5,train,True
sub077.pkl-17-2,sub077.pkl-17-2,sub077,,sub077.pkl,5,train,True
sub077.pkl-18-0,sub077.pkl-18-0,sub077,,sub077.pkl,5,train,True
sub077.pkl-18-1,sub077.pkl-18-1,sub077,,sub077.pkl,5,train,True
sub077.pkl-18-2,sub077.pkl-18-2,sub077,,sub077.pkl,5,train,True
sub077.pkl-19-0,sub077.pkl-19-0,sub077,,sub077.pkl,6,train,True
sub077.pkl-19-1,sub077.pkl-19-1,sub077,,sub077.pkl,6,train,True
sub077.pkl-19-2,sub077.pkl-19-2,sub077,,sub077.pkl,6,train,True
sub077.pkl-20-0,sub077.pkl-20-0,sub077,,sub077.pkl,6,train,True
sub077.pkl-20-1,sub077.pkl-20-1,sub077,,sub077.pkl,6,train,True
sub077.pkl-20-2,sub077.pkl-20-2,sub077,,sub077.pkl,6,train,True
sub077.pkl-21-0,sub077.pkl-21-0,sub077,,sub077.pkl,6,train,True
sub077.pkl-21-1,sub077.pkl-21-1,sub077,,sub077.pkl,6,train,True
sub077.pkl-21-2,sub077.pkl-21-2,sub077,,sub077.pkl,6,train,True
sub077.pkl-22-0,sub077.pkl-22-0,sub077,,sub077.pkl,7,train,True
sub077.pkl-22-1,sub077.pkl-22-1,sub077,,sub077.pkl,7,train,True
sub077.pkl-22-2,sub077.pkl-22-2,sub077,,sub077.pkl,7,train,True
sub077.pkl-23-0,sub077.pkl-23-0,sub077,,sub077.pkl,7,train,True
sub077.pkl-23-1,sub077.pkl-23-1,sub077,,sub077.pkl,7,train,True
sub077.pkl-23-2,sub077.pkl-23-2,sub077,,sub077.pkl,7,train,True
sub077.pkl-24-0,sub077.pkl-24-0,sub077,,sub077.pkl,7,train,True
sub077.pkl-24-1,sub077.pkl-24-1,sub077,,sub077.pkl,7,train,True
sub077.pkl-24-2,sub077.pkl-24-2,sub077,,sub077.pkl,7,train,True
sub077.pkl-25-0,sub077.pkl-25-0,sub077,,sub077.pkl,8,train,True
sub077.pkl-25-1,sub077.pkl-25-1,sub077,,sub077.pkl,8,train,True
sub077.pkl-25-2,sub077.pkl-25-2,sub077,,sub077.pkl,8,train,True
sub077.pkl-26-0,sub077.pkl-26-0,sub077,,sub077.pkl,8,train,True
sub077.pkl-26-1,sub077.pkl-26-1,sub077,,sub077.pkl,8,train,True
sub077.pkl-26-2,sub077.pkl-26-2,sub077,,sub077.pkl,8,train,True
sub077.pkl-27-0,sub077.pkl-27-0,sub077,,sub077.pkl,8,train,True
sub077.pkl-27-1,sub077.pkl-27-1,sub077,,sub077.pkl,8,train,True
sub077.pkl-27-2,sub077.pkl-27-2,sub077,,sub077.pkl,8,train,True
sub078.pkl-0-0,sub078.pkl-0-0,sub078,,sub078.pkl,0,train,True
sub078.pkl-0-1,sub078.pkl-0-1,sub078,,sub078.pkl,0,train,True
sub078.pkl-0-2,sub078.pkl-0-2,sub078,,sub078.pkl,0,train,True
sub078.pkl-1-0,sub078.pkl-1-0,sub078,,sub078.pkl,0,train,True
sub078.pkl-1-1,sub078.pkl-1-1,sub078,,sub078.pkl,0,train,True
sub078.pkl-1-2,sub078.pkl-1-2,sub078,,sub078.pkl,0,train,True
sub078.pkl-2-0,sub078.pkl-2-0,sub078,,sub078.pkl,0,train,True
sub078.pkl-2-1,sub078.pkl-2-1,sub078,,sub078.pkl,0,train,True
sub078.pkl-2-2,sub078.pkl-2-2,sub078,,sub078.pkl,0,train,True
sub078.pkl-3-0,sub078.pkl-3-0,sub078,,sub078.pkl,1,train,True
sub078.pkl-3-1,sub078.pkl-3-1,sub078,,sub078.pkl,1,train,True
sub078.pkl-3-2,sub078.pkl-3-2,sub078,,sub078.pkl,1,train,True
sub078.pkl-4-0,sub078.pkl-4-0,sub078,,sub078.pkl,1,train,True
sub078.pkl-4-1,sub078.pkl-4-1,sub078,,sub078.pkl,1,train,True
sub078.pkl-4-2,sub078.pkl-4-2,sub078,,sub078.pkl,1,train,True
sub078.pkl-5-0,sub078.pkl-5-0,sub078,,sub078.pkl,1,train,True
sub078.pkl-5-1,sub078.pkl-5-1,sub078,,sub078.pkl,1,train,True
sub078.pkl-5-2,sub078.pkl-5-2,sub078,,sub078.pkl,1,train,True
sub078.pkl-6-0,sub078.pkl-6-0,sub078,,sub078.pkl,2,train,True
sub078.pkl-6-1,sub078.pkl-6-1,sub078,,sub078.pkl,2,train,True
sub078.pkl-6-2,sub078.pkl-6-2,sub078,,sub078.pkl,2,train,True
sub078.pkl-7-0,sub078.pkl-7-0,sub078,,sub078.pkl,2,train,True
sub078.pkl-7-1,sub078.pkl-7-1,sub078,,sub078.pkl,2,train,True
sub078.pkl-7-2,sub078.pkl-7-2,sub078,,sub078.pkl,2,train,True
sub078.pkl-8-0,sub078.pkl-8-0,sub078,,sub078.pkl,2,train,True
sub078.pkl-8-1,sub078.pkl-8-1,sub078,,sub078.pkl,2,train,True
sub078.pkl-8-2,sub078.pkl-8-2,sub078,,sub078.pkl,2,train,True
sub078.pkl-9-0,sub078.pkl-9-0,sub078,,sub078.pkl,3,train,True
sub078.pkl-9-1,sub078.pkl-9-1,sub078,,sub078.pkl,3,train,True
sub078.pkl-9-2,sub078.pkl-9-2,sub078,,sub078.pkl,3,train,True
sub078.pkl-10-0,sub078.pkl-10-0,sub078,,sub078.pkl,3,train,True
sub078.pkl-10-1,sub078.pkl-10-1,sub078,,sub078.pkl,3,train,True
sub078.pkl-10-2,sub078.pkl-10-2,sub078,,sub078.pkl,3,train,True
sub078.pkl-11-0,sub078.pkl-11-0,sub078,,sub078.pkl,3,train,True
sub078.pkl-11-1,sub078.pkl-11-1,sub078,,sub078.pkl,3,train,True
sub078.pkl-11-2,sub078.pkl-11-2,sub078,,sub078.pkl,3,train,True
sub078.pkl-12-0,sub078.pkl-12-0,sub078,,sub078.pkl,4,train,True
sub078.pkl-12-1,sub078.pkl-12-1,sub078,,sub078.pkl,4,train,True
sub078.pkl-12-2,sub078.pkl-12-2,sub078,,sub078.pkl,4,train,True
sub078.pkl-13-0,sub078.pkl-13-0,sub078,,sub078.pkl,4,train,True
sub078.pkl-13-1,sub078.pkl-13-1,sub078,,sub078.pkl,4,train,True
sub078.pkl-13-2,sub078.pkl-13-2,sub078,,sub078.pkl,4,train,True
sub078.pkl-14-0,sub078.pkl-14-0,sub078,,sub078.pkl,4,train,True
sub078.pkl-14-1,sub078.pkl-14-1,sub078,,sub078.pkl,4,train,True
sub078.pkl-14-2,sub078.pkl-14-2,sub078,,sub078.pkl,4,train,True
sub078.pkl-15-0,sub078.pkl-15-0,sub078,,sub078.pkl,4,train,True
sub078.pkl-15-1,sub078.pkl-15-1,sub078,,sub078.pkl,4,train,True
sub078.pkl-15-2,sub078.pkl-15-2,sub078,,sub078.pkl,4,train,True
sub078.pkl-16-0,sub078.pkl-16-0,sub078,,sub078.pkl,5,train,True
sub078.pkl-16-1,sub078.pkl-16-1,sub078,,sub078.pkl,5,train,True
sub078.pkl-16-2,sub078.pkl-16-2,sub078,,sub078.pkl,5,train,True
sub078.pkl-17-0,sub078.pkl-17-0,sub078,,sub078.pkl,5,train,True
sub078.pkl-17-1,sub078.pkl-17-1,sub078,,sub078.pkl,5,train,True
sub078.pkl-17-2,sub078.pkl-17-2,sub078,,sub078.pkl,5,train,True
sub078.pkl-18-0,sub078.pkl-18-0,sub078,,sub078.pkl,5,train,True
sub078.pkl-18-1,sub078.pkl-18-1,sub078,,sub078.pkl,5,train,True
sub078.pkl-18-2,sub078.pkl-18-2,sub078,,sub078.pkl,5,train,True
sub078.pkl-19-0,sub078.pkl-19-0,sub078,,sub078.pkl,6,train,True
sub078.pkl-19-1,sub078.pkl-19-1,sub078,,sub078.pkl,6,train,True
sub078.pkl-19-2,sub078.pkl-19-2,sub078,,sub078.pkl,6,train,True
sub078.pkl-20-0,sub078.pkl-20-0,sub078,,sub078.pkl,6,train,True
sub078.pkl-20-1,sub078.pkl-20-1,sub078,,sub078.pkl,6,train,True
sub078.pkl-20-2,sub078.pkl-20-2,sub078,,sub078.pkl,6,train,True
sub078.pkl-21-0,sub078.pkl-21-0,sub078,,sub078.pkl,6,train,True
sub078.pkl-21-1,sub078.pkl-21-1,sub078,,sub078.pkl,6,train,True
sub078.pkl-21-2,sub078.pkl-21-2,sub078,,sub078.pkl,6,train,True
sub078.pkl-22-0,sub078.pkl-22-0,sub078,,sub078.pkl,7,train,True
sub078.pkl-22-1,sub078.pkl-22-1,sub078,,sub078.pkl,7,train,True
sub078.pkl-22-2,sub078.pkl-22-2,sub078,,sub078.pkl,7,train,True
sub078.pkl-23-0,sub078.pkl-23-0,sub078,,sub078.pkl,7,train,True
sub078.pkl-23-1,sub078.pkl-23-1,sub078,,sub078.pkl,7,train,True
sub078.pkl-23-2,sub078.pkl-23-2,sub078,,sub078.pkl,7,train,True
sub078.pkl-24-0,sub078.pkl-24-0,sub078,,sub078.pkl,7,train,True
sub078.pkl-24-1,sub078.pkl-24-1,sub078,,sub078.pkl,7,train,True
sub078.pkl-24-2,sub078.pkl-24-2,sub078,,sub078.pkl,7,train,True
sub078.pkl-25-0,sub078.pkl-25-0,sub078,,sub078.pkl,8,train,True
sub078.pkl-25-1,sub078.pkl-25-1,sub078,,sub078.pkl,8,train,True
sub078.pkl-25-2,sub078.pkl-25-2,sub078,,sub078.pkl,8,train,True
sub078.pkl-26-0,sub078.pkl-26-0,sub078,,sub078.pkl,8,train,True
sub078.pkl-26-1,sub078.pkl-26-1,sub078,,sub078.pkl,8,train,True
sub078.pkl-26-2,sub078.pkl-26-2,sub078,,sub078.pkl,8,train,True
sub078.pkl-27-0,sub078.pkl-27-0,sub078,,sub078.pkl,8,train,True
sub078.pkl-27-1,sub078.pkl-27-1,sub078,,sub078.pkl,8,train,True
sub078.pkl-27-2,sub078.pkl-27-2,sub078,,sub078.pkl,8,train,True
sub079.pkl-0-0,sub079.pkl-0-0,sub079,,sub079.pkl,0,train,True
sub079.pkl-0-1,sub079.pkl-0-1,sub079,,sub079.pkl,0,train,True
sub079.pkl-0-2,sub079.pkl-0-2,sub079,,sub079.pkl,0,train,True
sub079.pkl-1-0,sub079.pkl-1-0,sub079,,sub079.pkl,0,train,True
sub079.pkl-1-1,sub079.pkl-1-1,sub079,,sub079.pkl,0,train,True
sub079.pkl-1-2,sub079.pkl-1-2,sub079,,sub079.pkl,0,train,True
sub079.pkl-2-0,sub079.pkl-2-0,sub079,,sub079.pkl,0,train,True
sub079.pkl-2-1,sub079.pkl-2-1,sub079,,sub079.pkl,0,train,True
sub079.pkl-2-2,sub079.pkl-2-2,sub079,,sub079.pkl,0,train,True
sub079.pkl-3-0,sub079.pkl-3-0,sub079,,sub079.pkl,1,train,True
sub079.pkl-3-1,sub079.pkl-3-1,sub079,,sub079.pkl,1,train,True
sub079.pkl-3-2,sub079.pkl-3-2,sub079,,sub079.pkl,1,train,True
sub079.pkl-4-0,sub079.pkl-4-0,sub079,,sub079.pkl,1,train,True
sub079.pkl-4-1,sub079.pkl-4-1,sub079,,sub079.pkl,1,train,True
sub079.pkl-4-2,sub079.pkl-4-2,sub079,,sub079.pkl,1,train,True
sub079.pkl-5-0,sub079.pkl-5-0,sub079,,sub079.pkl,1,train,True
sub079.pkl-5-1,sub079.pkl-5-1,sub079,,sub079.pkl,1,train,True
sub079.pkl-5-2,sub079.pkl-5-2,sub079,,sub079.pkl,1,train,True
sub079.pkl-6-0,sub079.pkl-6-0,sub079,,sub079.pkl,2,train,True
sub079.pkl-6-1,sub079.pkl-6-1,sub079,,sub079.pkl,2,train,True
sub079.pkl-6-2,sub079.pkl-6-2,sub079,,sub079.pkl,2,train,True
sub079.pkl-7-0,sub079.pkl-7-0,sub079,,sub079.pkl,2,train,True
sub079.pkl-7-1,sub079.pkl-7-1,sub079,,sub079.pkl,2,train,True
sub079.pkl-7-2,sub079.pkl-7-2,sub079,,sub079.pkl,2,train,True
sub079.pkl-8-0,sub079.pkl-8-0,sub079,,sub079.pkl,2,train,True
sub079.pkl-8-1,sub079.pkl-8-1,sub079,,sub079.pkl,2,train,True
sub079.pkl-8-2,sub079.pkl-8-2,sub079,,sub079.pkl,2,train,True
sub079.pkl-9-0,sub079.pkl-9-0,sub079,,sub079.pkl,3,train,True
sub079.pkl-9-1,sub079.pkl-9-1,sub079,,sub079.pkl,3,train,True
sub079.pkl-9-2,sub079.pkl-9-2,sub079,,sub079.pkl,3,train,True
sub079.pkl-10-0,sub079.pkl-10-0,sub079,,sub079.pkl,3,train,True
sub079.pkl-10-1,sub079.pkl-10-1,sub079,,sub079.pkl,3,train,True
sub079.pkl-10-2,sub079.pkl-10-2,sub079,,sub079.pkl,3,train,True
sub079.pkl-11-0,sub079.pkl-11-0,sub079,,sub079.pkl,3,train,True
sub079.pkl-11-1,sub079.pkl-11-1,sub079,,sub079.pkl,3,train,True
sub079.pkl-11-2,sub079.pkl-11-2,sub079,,sub079.pkl,3,train,True
sub079.pkl-12-0,sub079.pkl-12-0,sub079,,sub079.pkl,4,train,True
sub079.pkl-12-1,sub079.pkl-12-1,sub079,,sub079.pkl,4,train,True
sub079.pkl-12-2,sub079.pkl-12-2,sub079,,sub079.pkl,4,train,True
sub079.pkl-13-0,sub079.pkl-13-0,sub079,,sub079.pkl,4,train,True
sub079.pkl-13-1,sub079.pkl-13-1,sub079,,sub079.pkl,4,train,True
sub079.pkl-13-2,sub079.pkl-13-2,sub079,,sub079.pkl,4,train,True
sub079.pkl-14-0,sub079.pkl-14-0,sub079,,sub079.pkl,4,train,True
sub079.pkl-14-1,sub079.pkl-14-1,sub079,,sub079.pkl,4,train,True
sub079.pkl-14-2,sub079.pkl-14-2,sub079,,sub079.pkl,4,train,True
sub079.pkl-15-0,sub079.pkl-15-0,sub079,,sub079.pkl,4,train,True
sub079.pkl-15-1,sub079.pkl-15-1,sub079,,sub079.pkl,4,train,True
sub079.pkl-15-2,sub079.pkl-15-2,sub079,,sub079.pkl,4,train,True
sub079.pkl-16-0,sub079.pkl-16-0,sub079,,sub079.pkl,5,train,True
sub079.pkl-16-1,sub079.pkl-16-1,sub079,,sub079.pkl,5,train,True
sub079.pkl-16-2,sub079.pkl-16-2,sub079,,sub079.pkl,5,train,True
sub079.pkl-17-0,sub079.pkl-17-0,sub079,,sub079.pkl,5,train,True
sub079.pkl-17-1,sub079.pkl-17-1,sub079,,sub079.pkl,5,train,True
sub079.pkl-17-2,sub079.pkl-17-2,sub079,,sub079.pkl,5,train,True
sub079.pkl-18-0,sub079.pkl-18-0,sub079,,sub079.pkl,5,train,True
sub079.pkl-18-1,sub079.pkl-18-1,sub079,,sub079.pkl,5,train,True
sub079.pkl-18-2,sub079.pkl-18-2,sub079,,sub079.pkl,5,train,True
sub079.pkl-19-0,sub079.pkl-19-0,sub079,,sub079.pkl,6,train,True
sub079.pkl-19-1,sub079.pkl-19-1,sub079,,sub079.pkl,6,train,True
sub079.pkl-19-2,sub079.pkl-19-2,sub079,,sub079.pkl,6,train,True
sub079.pkl-20-0,sub079.pkl-20-0,sub079,,sub079.pkl,6,train,True
sub079.pkl-20-1,sub079.pkl-20-1,sub079,,sub079.pkl,6,train,True
sub079.pkl-20-2,sub079.pkl-20-2,sub079,,sub079.pkl,6,train,True
sub079.pkl-21-0,sub079.pkl-21-0,sub079,,sub079.pkl,6,train,True
sub079.pkl-21-1,sub079.pkl-21-1,sub079,,sub079.pkl,6,train,True
sub079.pkl-21-2,sub079.pkl-21-2,sub079,,sub079.pkl,6,train,True
sub079.pkl-22-0,sub079.pkl-22-0,sub079,,sub079.pkl,7,train,True
sub079.pkl-22-1,sub079.pkl-22-1,sub079,,sub079.pkl,7,train,True
sub079.pkl-22-2,sub079.pkl-22-2,sub079,,sub079.pkl,7,train,True
sub079.pkl-23-0,sub079.pkl-23-0,sub079,,sub079.pkl,7,train,True
sub079.pkl-23-1,sub079.pkl-23-1,sub079,,sub079.pkl,7,train,True
sub079.pkl-23-2,sub079.pkl-23-2,sub079,,sub079.pkl,7,train,True
sub079.pkl-24-0,sub079.pkl-24-0,sub079,,sub079.pkl,7,train,True
sub079.pkl-24-1,sub079.pkl-24-1,sub079,,sub079.pkl,7,train,True
sub079.pkl-24-2,sub079.pkl-24-2,sub079,,sub079.pkl,7,train,True
sub079.pkl-25-0,sub079.pkl-25-0,sub079,,sub079.pkl,8,train,True
sub079.pkl-25-1,sub079.pkl-25-1,sub079,,sub079.pkl,8,train,True
sub079.pkl-25-2,sub079.pkl-25-2,sub079,,sub079.pkl,8,train,True
sub079.pkl-26-0,sub079.pkl-26-0,sub079,,sub079.pkl,8,train,True
sub079.pkl-26-1,sub079.pkl-26-1,sub079,,sub079.pkl,8,train,True
sub079.pkl-26-2,sub079.pkl-26-2,sub079,,sub079.pkl,8,train,True
sub079.pkl-27-0,sub079.pkl-27-0,sub079,,sub079.pkl,8,train,True
sub079.pkl-27-1,sub079.pkl-27-1,sub079,,sub079.pkl,8,train,True
sub079.pkl-27-2,sub079.pkl-27-2,sub079,,sub079.pkl,8,train,True
sub080.pkl-0-0,sub080.pkl-0-0,sub080,,sub080.pkl,0,val,True
sub080.pkl-0-1,sub080.pkl-0-1,sub080,,sub080.pkl,0,val,True
sub080.pkl-0-2,sub080.pkl-0-2,sub080,,sub080.pkl,0,val,True
sub080.pkl-1-0,sub080.pkl-1-0,sub080,,sub080.pkl,0,val,True
sub080.pkl-1-1,sub080.pkl-1-1,sub080,,sub080.pkl,0,val,True
sub080.pkl-1-2,sub080.pkl-1-2,sub080,,sub080.pkl,0,val,True
sub080.pkl-2-0,sub080.pkl-2-0,sub080,,sub080.pkl,0,val,True
sub080.pkl-2-1,sub080.pkl-2-1,sub080,,sub080.pkl,0,val,True
sub080.pkl-2-2,sub080.pkl-2-2,sub080,,sub080.pkl,0,val,True
sub080.pkl-3-0,sub080.pkl-3-0,sub080,,sub080.pkl,1,val,True
sub080.pkl-3-1,sub080.pkl-3-1,sub080,,sub080.pkl,1,val,True
sub080.pkl-3-2,sub080.pkl-3-2,sub080,,sub080.pkl,1,val,True
sub080.pkl-4-0,sub080.pkl-4-0,sub080,,sub080.pkl,1,val,True
sub080.pkl-4-1,sub080.pkl-4-1,sub080,,sub080.pkl,1,val,True
sub080.pkl-4-2,sub080.pkl-4-2,sub080,,sub080.pkl,1,val,True
sub080.pkl-5-0,sub080.pkl-5-0,sub080,,sub080.pkl,1,val,True
sub080.pkl-5-1,sub080.pkl-5-1,sub080,,sub080.pkl,1,val,True
sub080.pkl-5-2,sub080.pkl-5-2,sub080,,sub080.pkl,1,val,True
sub080.pkl-6-0,sub080.pkl-6-0,sub080,,sub080.pkl,2,val,True
sub080.pkl-6-1,sub080.pkl-6-1,sub080,,sub080.pkl,2,val,True
sub080.pkl-6-2,sub080.pkl-6-2,sub080,,sub080.pkl,2,val,True
sub080.pkl-7-0,sub080.pkl-7-0,sub080,,sub080.pkl,2,val,True
sub080.pkl-7-1,sub080.pkl-7-1,sub080,,sub080.pkl,2,val,True
sub080.pkl-7-2,sub080.pkl-7-2,sub080,,sub080.pkl,2,val,True
sub080.pkl-8-0,sub080.pkl-8-0,sub080,,sub080.pkl,2,val,True
sub080.pkl-8-1,sub080.pkl-8-1,sub080,,sub080.pkl,2,val,True
sub080.pkl-8-2,sub080.pkl-8-2,sub080,,sub080.pkl,2,val,True
sub080.pkl-9-0,sub080.pkl-9-0,sub080,,sub080.pkl,3,val,True
sub080.pkl-9-1,sub080.pkl-9-1,sub080,,sub080.pkl,3,val,True
sub080.pkl-9-2,sub080.pkl-9-2,sub080,,sub080.pkl,3,val,True
sub080.pkl-10-0,sub080.pkl-10-0,sub080,,sub080.pkl,3,val,True
sub080.pkl-10-1,sub080.pkl-10-1,sub080,,sub080.pkl,3,val,True
sub080.pkl-10-2,sub080.pkl-10-2,sub080,,sub080.pkl,3,val,True
sub080.pkl-11-0,sub080.pkl-11-0,sub080,,sub080.pkl,3,val,True
sub080.pkl-11-1,sub080.pkl-11-1,sub080,,sub080.pkl,3,val,True
sub080.pkl-11-2,sub080.pkl-11-2,sub080,,sub080.pkl,3,val,True
sub080.pkl-12-0,sub080.pkl-12-0,sub080,,sub080.pkl,4,val,True
sub080.pkl-12-1,sub080.pkl-12-1,sub080,,sub080.pkl,4,val,True
sub080.pkl-12-2,sub080.pkl-12-2,sub080,,sub080.pkl,4,val,True
sub080.pkl-13-0,sub080.pkl-13-0,sub080,,sub080.pkl,4,val,True
sub080.pkl-13-1,sub080.pkl-13-1,sub080,,sub080.pkl,4,val,True
sub080.pkl-13-2,sub080.pkl-13-2,sub080,,sub080.pkl,4,val,True
sub080.pkl-14-0,sub080.pkl-14-0,sub080,,sub080.pkl,4,val,True
sub080.pkl-14-1,sub080.pkl-14-1,sub080,,sub080.pkl,4,val,True
sub080.pkl-14-2,sub080.pkl-14-2,sub080,,sub080.pkl,4,val,True
sub080.pkl-15-0,sub080.pkl-15-0,sub080,,sub080.pkl,4,val,True
sub080.pkl-15-1,sub080.pkl-15-1,sub080,,sub080.pkl,4,val,True
sub080.pkl-15-2,sub080.pkl-15-2,sub080,,sub080.pkl,4,val,True
sub080.pkl-16-0,sub080.pkl-16-0,sub080,,sub080.pkl,5,val,True
sub080.pkl-16-1,sub080.pkl-16-1,sub080,,sub080.pkl,5,val,True
sub080.pkl-16-2,sub080.pkl-16-2,sub080,,sub080.pkl,5,val,True
sub080.pkl-17-0,sub080.pkl-17-0,sub080,,sub080.pkl,5,val,True
sub080.pkl-17-1,sub080.pkl-17-1,sub080,,sub080.pkl,5,val,True
sub080.pkl-17-2,sub080.pkl-17-2,sub080,,sub080.pkl,5,val,True
sub080.pkl-18-0,sub080.pkl-18-0,sub080,,sub080.pkl,5,val,True
sub080.pkl-18-1,sub080.pkl-18-1,sub080,,sub080.pkl,5,val,True
sub080.pkl-18-2,sub080.pkl-18-2,sub080,,sub080.pkl,5,val,True
sub080.pkl-19-0,sub080.pkl-19-0,sub080,,sub080.pkl,6,val,True
sub080.pkl-19-1,sub080.pkl-19-1,sub080,,sub080.pkl,6,val,True
sub080.pkl-19-2,sub080.pkl-19-2,sub080,,sub080.pkl,6,val,True
sub080.pkl-20-0,sub080.pkl-20-0,sub080,,sub080.pkl,6,val,True
sub080.pkl-20-1,sub080.pkl-20-1,sub080,,sub080.pkl,6,val,True
sub080.pkl-20-2,sub080.pkl-20-2,sub080,,sub080.pkl,6,val,True
sub080.pkl-21-0,sub080.pkl-21-0,sub080,,sub080.pkl,6,val,True
sub080.pkl-21-1,sub080.pkl-21-1,sub080,,sub080.pkl,6,val,True
sub080.pkl-21-2,sub080.pkl-21-2,sub080,,sub080.pkl,6,val,True
sub080.pkl-22-0,sub080.pkl-22-0,sub080,,sub080.pkl,7,val,True
sub080.pkl-22-1,sub080.pkl-22-1,sub080,,sub080.pkl,7,val,True
sub080.pkl-22-2,sub080.pkl-22-2,sub080,,sub080.pkl,7,val,True
sub080.pkl-23-0,sub080.pkl-23-0,sub080,,sub080.pkl,7,val,True
sub080.pkl-23-1,sub080.pkl-23-1,sub080,,sub080.pkl,7,val,True
sub080.pkl-23-2,sub080.pkl-23-2,sub080,,sub080.pkl,7,val,True
sub080.pkl-24-0,sub080.pkl-24-0,sub080,,sub080.pkl,7,val,True
sub080.pkl-24-1,sub080.pkl-24-1,sub080,,sub080.pkl,7,val,True
sub080.pkl-24-2,sub080.pkl-24-2,sub080,,sub080.pkl,7,val,True
sub080.pkl-25-0,sub080.pkl-25-0,sub080,,sub080.pkl,8,val,True
sub080.pkl-25-1,sub080.pkl-25-1,sub080,,sub080.pkl,8,val,True
sub080.pkl-25-2,sub080.pkl-25-2,sub080,,sub080.pkl,8,val,True
sub080.pkl-26-0,sub080.pkl-26-0,sub080,,sub080.pkl,8,val,True
sub080.pkl-26-1,sub080.pkl-26-1,sub080,,sub080.pkl,8,val,True
sub080.pkl-26-2,sub080.pkl-26-2,sub080,,sub080.pkl,8,val,True
sub080.pkl-27-0,sub080.pkl-27-0,sub080,,sub080.pkl,8,val,True
sub080.pkl-27-1,sub080.pkl-27-1,sub080,,sub080.pkl,8,val,True
sub080.pkl-27-2,sub080.pkl-27-2,sub080,,sub080.pkl,8,val,True
sub081.pkl-0-0,sub081.pkl-0-0,sub081,,sub081.pkl,0,val,True
sub081.pkl-0-1,sub081.pkl-0-1,sub081,,sub081.pkl,0,val,True
sub081.pkl-0-2,sub081.pkl-0-2,sub081,,sub081.pkl,0,val,True
sub081.pkl-1-0,sub081.pkl-1-0,sub081,,sub081.pkl,0,val,True
sub081.pkl-1-1,sub081.pkl-1-1,sub081,,sub081.pkl,0,val,True
sub081.pkl-1-2,sub081.pkl-1-2,sub081,,sub081.pkl,0,val,True
sub081.pkl-2-0,sub081.pkl-2-0,sub081,,sub081.pkl,0,val,True
sub081.pkl-2-1,sub081.pkl-2-1,sub081,,sub081.pkl,0,val,True
sub081.pkl-2-2,sub081.pkl-2-2,sub081,,sub081.pkl,0,val,True
sub081.pkl-3-0,sub081.pkl-3-0,sub081,,sub081.pkl,1,val,True
sub081.pkl-3-1,sub081.pkl-3-1,sub081,,sub081.pkl,1,val,True
sub081.pkl-3-2,sub081.pkl-3-2,sub081,,sub081.pkl,1,val,True
sub081.pkl-4-0,sub081.pkl-4-0,sub081,,sub081.pkl,1,val,True
sub081.pkl-4-1,sub081.pkl-4-1,sub081,,sub081.pkl,1,val,True
sub081.pkl-4-2,sub081.pkl-4-2,sub081,,sub081.pkl,1,val,True
sub081.pkl-5-0,sub081.pkl-5-0,sub081,,sub081.pkl,1,val,True
sub081.pkl-5-1,sub081.pkl-5-1,sub081,,sub081.pkl,1,val,True
sub081.pkl-5-2,sub081.pkl-5-2,sub081,,sub081.pkl,1,val,True
sub081.pkl-6-0,sub081.pkl-6-0,sub081,,sub081.pkl,2,val,True
sub081.pkl-6-1,sub081.pkl-6-1,sub081,,sub081.pkl,2,val,True
sub081.pkl-6-2,sub081.pkl-6-2,sub081,,sub081.pkl,2,val,True
sub081.pkl-7-0,sub081.pkl-7-0,sub081,,sub081.pkl,2,val,True
sub081.pkl-7-1,sub081.pkl-7-1,sub081,,sub081.pkl,2,val,True
sub081.pkl-7-2,sub081.pkl-7-2,sub081,,sub081.pkl,2,val,True
sub081.pkl-8-0,sub081.pkl-8-0,sub081,,sub081.pkl,2,val,True
sub081.pkl-8-1,sub081.pkl-8-1,sub081,,sub081.pkl,2,val,True
sub081.pkl-8-2,sub081.pkl-8-2,sub081,,sub081.pkl,2,val,True
sub081.pkl-9-0,sub081.pkl-9-0,sub081,,sub081.pkl,3,val,True
sub081.pkl-9-1,sub081.pkl-9-1,sub081,,sub081.pkl,3,val,True
sub081.pkl-9-2,sub081.pkl-9-2,sub081,,sub081.pkl,3,val,True
sub081.pkl-10-0,sub081.pkl-10-0,sub081,,sub081.pkl,3,val,True
sub081.pkl-10-1,sub081.pkl-10-1,sub081,,sub081.pkl,3,val,True
sub081.pkl-10-2,sub081.pkl-10-2,sub081,,sub081.pkl,3,val,True
sub081.pkl-11-0,sub081.pkl-11-0,sub081,,sub081.pkl,3,val,True
sub081.pkl-11-1,sub081.pkl-11-1,sub081,,sub081.pkl,3,val,True
sub081.pkl-11-2,sub081.pkl-11-2,sub081,,sub081.pkl,3,val,True
sub081.pkl-12-0,sub081.pkl-12-0,sub081,,sub081.pkl,4,val,True
sub081.pkl-12-1,sub081.pkl-12-1,sub081,,sub081.pkl,4,val,True
sub081.pkl-12-2,sub081.pkl-12-2,sub081,,sub081.pkl,4,val,True
sub081.pkl-13-0,sub081.pkl-13-0,sub081,,sub081.pkl,4,val,True
sub081.pkl-13-1,sub081.pkl-13-1,sub081,,sub081.pkl,4,val,True
sub081.pkl-13-2,sub081.pkl-13-2,sub081,,sub081.pkl,4,val,True
sub081.pkl-14-0,sub081.pkl-14-0,sub081,,sub081.pkl,4,val,True
sub081.pkl-14-1,sub081.pkl-14-1,sub081,,sub081.pkl,4,val,True
sub081.pkl-14-2,sub081.pkl-14-2,sub081,,sub081.pkl,4,val,True
sub081.pkl-15-0,sub081.pkl-15-0,sub081,,sub081.pkl,4,val,True
sub081.pkl-15-1,sub081.pkl-15-1,sub081,,sub081.pkl,4,val,True
sub081.pkl-15-2,sub081.pkl-15-2,sub081,,sub081.pkl,4,val,True
sub081.pkl-16-0,sub081.pkl-16-0,sub081,,sub081.pkl,5,val,True
sub081.pkl-16-1,sub081.pkl-16-1,sub081,,sub081.pkl,5,val,True
sub081.pkl-16-2,sub081.pkl-16-2,sub081,,sub081.pkl,5,val,True
sub081.pkl-17-0,sub081.pkl-17-0,sub081,,sub081.pkl,5,val,True
sub081.pkl-17-1,sub081.pkl-17-1,sub081,,sub081.pkl,5,val,True
sub081.pkl-17-2,sub081.pkl-17-2,sub081,,sub081.pkl,5,val,True
sub081.pkl-18-0,sub081.pkl-18-0,sub081,,sub081.pkl,5,val,True
sub081.pkl-18-1,sub081.pkl-18-1,sub081,,sub081.pkl,5,val,True
sub081.pkl-18-2,sub081.pkl-18-2,sub081,,sub081.pkl,5,val,True
sub081.pkl-19-0,sub081.pkl-19-0,sub081,,sub081.pkl,6,val,True
sub081.pkl-19-1,sub081.pkl-19-1,sub081,,sub081.pkl,6,val,True
sub081.pkl-19-2,sub081.pkl-19-2,sub081,,sub081.pkl,6,val,True
sub081.pkl-20-0,sub081.pkl-20-0,sub081,,sub081.pkl,6,val,True
sub081.pkl-20-1,sub081.pkl-20-1,sub081,,sub081.pkl,6,val,True
sub081.pkl-20-2,sub081.pkl-20-2,sub081,,sub081.pkl,6,val,True
sub081.pkl-21-0,sub081.pkl-21-0,sub081,,sub081.pkl,6,val,True
sub081.pkl-21-1,sub081.pkl-21-1,sub081,,sub081.pkl,6,val,True
sub081.pkl-21-2,sub081.pkl-21-2,sub081,,sub081.pkl,6,val,True
sub081.pkl-22-0,sub081.pkl-22-0,sub081,,sub081.pkl,7,val,True
sub081.pkl-22-1,sub081.pkl-22-1,sub081,,sub081.pkl,7,val,True
sub081.pkl-22-2,sub081.pkl-22-2,sub081,,sub081.pkl,7,val,True
sub081.pkl-23-0,sub081.pkl-23-0,sub081,,sub081.pkl,7,val,True
sub081.pkl-23-1,sub081.pkl-23-1,sub081,,sub081.pkl,7,val,True
sub081.pkl-23-2,sub081.pkl-23-2,sub081,,sub081.pkl,7,val,True
sub081.pkl-24-0,sub081.pkl-24-0,sub081,,sub081.pkl,7,val,True
sub081.pkl-24-1,sub081.pkl-24-1,sub081,,sub081.pkl,7,val,True
sub081.pkl-24-2,sub081.pkl-24-2,sub081,,sub081.pkl,7,val,True
sub081.pkl-25-0,sub081.pkl-25-0,sub081,,sub081.pkl,8,val,True
sub081.pkl-25-1,sub081.pkl-25-1,sub081,,sub081.pkl,8,val,True
sub081.pkl-25-2,sub081.pkl-25-2,sub081,,sub081.pkl,8,val,True
sub081.pkl-26-0,sub081.pkl-26-0,sub081,,sub081.pkl,8,val,True
sub081.pkl-26-1,sub081.pkl-26-1,sub081,,sub081.pkl,8,val,True
sub081.pkl-26-2,sub081.pkl-26-2,sub081,,sub081.pkl,8,val,True
sub081.pkl-27-0,sub081.pkl-27-0,sub081,,sub081.pkl,8,val,True
sub081.pkl-27-1,sub081.pkl-27-1,sub081,,sub081.pkl,8,val,True
sub081.pkl-27-2,sub081.pkl-27-2,sub081,,sub081.pkl,8,val,True
sub082.pkl-0-0,sub082.pkl-0-0,sub082,,sub082.pkl,0,val,True
sub082.pkl-0-1,sub082.pkl-0-1,sub082,,sub082.pkl,0,val,True
sub082.pkl-0-2,sub082.pkl-0-2,sub082,,sub082.pkl,0,val,True
sub082.pkl-1-0,sub082.pkl-1-0,sub082,,sub082.pkl,0,val,True
sub082.pkl-1-1,sub082.pkl-1-1,sub082,,sub082.pkl,0,val,True
sub082.pkl-1-2,sub082.pkl-1-2,sub082,,sub082.pkl,0,val,True
sub082.pkl-2-0,sub082.pkl-2-0,sub082,,sub082.pkl,0,val,True
sub082.pkl-2-1,sub082.pkl-2-1,sub082,,sub082.pkl,0,val,True
sub082.pkl-2-2,sub082.pkl-2-2,sub082,,sub082.pkl,0,val,True
sub082.pkl-3-0,sub082.pkl-3-0,sub082,,sub082.pkl,1,val,True
sub082.pkl-3-1,sub082.pkl-3-1,sub082,,sub082.pkl,1,val,True
sub082.pkl-3-2,sub082.pkl-3-2,sub082,,sub082.pkl,1,val,True
sub082.pkl-4-0,sub082.pkl-4-0,sub082,,sub082.pkl,1,val,True
sub082.pkl-4-1,sub082.pkl-4-1,sub082,,sub082.pkl,1,val,True
sub082.pkl-4-2,sub082.pkl-4-2,sub082,,sub082.pkl,1,val,True
sub082.pkl-5-0,sub082.pkl-5-0,sub082,,sub082.pkl,1,val,True
sub082.pkl-5-1,sub082.pkl-5-1,sub082,,sub082.pkl,1,val,True
sub082.pkl-5-2,sub082.pkl-5-2,sub082,,sub082.pkl,1,val,True
sub082.pkl-6-0,sub082.pkl-6-0,sub082,,sub082.pkl,2,val,True
sub082.pkl-6-1,sub082.pkl-6-1,sub082,,sub082.pkl,2,val,True
sub082.pkl-6-2,sub082.pkl-6-2,sub082,,sub082.pkl,2,val,True
sub082.pkl-7-0,sub082.pkl-7-0,sub082,,sub082.pkl,2,val,True
sub082.pkl-7-1,sub082.pkl-7-1,sub082,,sub082.pkl,2,val,True
sub082.pkl-7-2,sub082.pkl-7-2,sub082,,sub082.pkl,2,val,True
sub082.pkl-8-0,sub082.pkl-8-0,sub082,,sub082.pkl,2,val,True
sub082.pkl-8-1,sub082.pkl-8-1,sub082,,sub082.pkl,2,val,True
sub082.pkl-8-2,sub082.pkl-8-2,sub082,,sub082.pkl,2,val,True
sub082.pkl-9-0,sub082.pkl-9-0,sub082,,sub082.pkl,3,val,True
sub082.pkl-9-1,sub082.pkl-9-1,sub082,,sub082.pkl,3,val,True
sub082.pkl-9-2,sub082.pkl-9-2,sub082,,sub082.pkl,3,val,True
sub082.pkl-10-0,sub082.pkl-10-0,sub082,,sub082.pkl,3,val,True
sub082.pkl-10-1,sub082.pkl-10-1,sub082,,sub082.pkl,3,val,True
sub082.pkl-10-2,sub082.pkl-10-2,sub082,,sub082.pkl,3,val,True
sub082.pkl-11-0,sub082.pkl-11-0,sub082,,sub082.pkl,3,val,True
sub082.pkl-11-1,sub082.pkl-11-1,sub082,,sub082.pkl,3,val,True
sub082.pkl-11-2,sub082.pkl-11-2,sub082,,sub082.pkl,3,val,True
sub082.pkl-12-0,sub082.pkl-12-0,sub082,,sub082.pkl,4,val,True
sub082.pkl-12-1,sub082.pkl-12-1,sub082,,sub082.pkl,4,val,True
sub082.pkl-12-2,sub082.pkl-12-2,sub082,,sub082.pkl,4,val,True
sub082.pkl-13-0,sub082.pkl-13-0,sub082,,sub082.pkl,4,val,True
sub082.pkl-13-1,sub082.pkl-13-1,sub082,,sub082.pkl,4,val,True
sub082.pkl-13-2,sub082.pkl-13-2,sub082,,sub082.pkl,4,val,True
sub082.pkl-14-0,sub082.pkl-14-0,sub082,,sub082.pkl,4,val,True
sub082.pkl-14-1,sub082.pkl-14-1,sub082,,sub082.pkl,4,val,True
sub082.pkl-14-2,sub082.pkl-14-2,sub082,,sub082.pkl,4,val,True
sub082.pkl-15-0,sub082.pkl-15-0,sub082,,sub082.pkl,4,val,True
sub082.pkl-15-1,sub082.pkl-15-1,sub082,,sub082.pkl,4,val,True
sub082.pkl-15-2,sub082.pkl-15-2,sub082,,sub082.pkl,4,val,True
sub082.pkl-16-0,sub082.pkl-16-0,sub082,,sub082.pkl,5,val,True
sub082.pkl-16-1,sub082.pkl-16-1,sub082,,sub082.pkl,5,val,True
sub082.pkl-16-2,sub082.pkl-16-2,sub082,,sub082.pkl,5,val,True
sub082.pkl-17-0,sub082.pkl-17-0,sub082,,sub082.pkl,5,val,True
sub082.pkl-17-1,sub082.pkl-17-1,sub082,,sub082.pkl,5,val,True
sub082.pkl-17-2,sub082.pkl-17-2,sub082,,sub082.pkl,5,val,True
sub082.pkl-18-0,sub082.pkl-18-0,sub082,,sub082.pkl,5,val,True
sub082.pkl-18-1,sub082.pkl-18-1,sub082,,sub082.pkl,5,val,True
sub082.pkl-18-2,sub082.pkl-18-2,sub082,,sub082.pkl,5,val,True
sub082.pkl-19-0,sub082.pkl-19-0,sub082,,sub082.pkl,6,val,True
sub082.pkl-19-1,sub082.pkl-19-1,sub082,,sub082.pkl,6,val,True
sub082.pkl-19-2,sub082.pkl-19-2,sub082,,sub082.pkl,6,val,True
sub082.pkl-20-0,sub082.pkl-20-0,sub082,,sub082.pkl,6,val,True
sub082.pkl-20-1,sub082.pkl-20-1,sub082,,sub082.pkl,6,val,True
sub082.pkl-20-2,sub082.pkl-20-2,sub082,,sub082.pkl,6,val,True
sub082.pkl-21-0,sub082.pkl-21-0,sub082,,sub082.pkl,6,val,True
sub082.pkl-21-1,sub082.pkl-21-1,sub082,,sub082.pkl,6,val,True
sub082.pkl-21-2,sub082.pkl-21-2,sub082,,sub082.pkl,6,val,True
sub082.pkl-22-0,sub082.pkl-22-0,sub082,,sub082.pkl,7,val,True
sub082.pkl-22-1,sub082.pkl-22-1,sub082,,sub082.pkl,7,val,True
sub082.pkl-22-2,sub082.pkl-22-2,sub082,,sub082.pkl,7,val,True
sub082.pkl-23-0,sub082.pkl-23-0,sub082,,sub082.pkl,7,val,True
sub082.pkl-23-1,sub082.pkl-23-1,sub082,,sub082.pkl,7,val,True
sub082.pkl-23-2,sub082.pkl-23-2,sub082,,sub082.pkl,7,val,True
sub082.pkl-24-0,sub082.pkl-24-0,sub082,,sub082.pkl,7,val,True
sub082.pkl-24-1,sub082.pkl-24-1,sub082,,sub082.pkl,7,val,True
sub082.pkl-24-2,sub082.pkl-24-2,sub082,,sub082.pkl,7,val,True
sub082.pkl-25-0,sub082.pkl-25-0,sub082,,sub082.pkl,8,val,True
sub082.pkl-25-1,sub082.pkl-25-1,sub082,,sub082.pkl,8,val,True
sub082.pkl-25-2,sub082.pkl-25-2,sub082,,sub082.pkl,8,val,True
sub082.pkl-26-0,sub082.pkl-26-0,sub082,,sub082.pkl,8,val,True
sub082.pkl-26-1,sub082.pkl-26-1,sub082,,sub082.pkl,8,val,True
sub082.pkl-26-2,sub082.pkl-26-2,sub082,,sub082.pkl,8,val,True
sub082.pkl-27-0,sub082.pkl-27-0,sub082,,sub082.pkl,8,val,True
sub082.pkl-27-1,sub082.pkl-27-1,sub082,,sub082.pkl,8,val,True
sub082.pkl-27-2,sub082.pkl-27-2,sub082,,sub082.pkl,8,val,True
sub083.pkl-0-0,sub083.pkl-0-0,sub083,,sub083.pkl,0,val,True
sub083.pkl-0-1,sub083.pkl-0-1,sub083,,sub083.pkl,0,val,True
sub083.pkl-0-2,sub083.pkl-0-2,sub083,,sub083.pkl,0,val,True
sub083.pkl-1-0,sub083.pkl-1-0,sub083,,sub083.pkl,0,val,True
sub083.pkl-1-1,sub083.pkl-1-1,sub083,,sub083.pkl,0,val,True
sub083.pkl-1-2,sub083.pkl-1-2,sub083,,sub083.pkl,0,val,True
sub083.pkl-2-0,sub083.pkl-2-0,sub083,,sub083.pkl,0,val,True
sub083.pkl-2-1,sub083.pkl-2-1,sub083,,sub083.pkl,0,val,True
sub083.pkl-2-2,sub083.pkl-2-2,sub083,,sub083.pkl,0,val,True
sub083.pkl-3-0,sub083.pkl-3-0,sub083,,sub083.pkl,1,val,True
sub083.pkl-3-1,sub083.pkl-3-1,sub083,,sub083.pkl,1,val,True
sub083.pkl-3-2,sub083.pkl-3-2,sub083,,sub083.pkl,1,val,True
sub083.pkl-4-0,sub083.pkl-4-0,sub083,,sub083.pkl,1,val,True
sub083.pkl-4-1,sub083.pkl-4-1,sub083,,sub083.pkl,1,val,True
sub083.pkl-4-2,sub083.pkl-4-2,sub083,,sub083.pkl,1,val,True
sub083.pkl-5-0,sub083.pkl-5-0,sub083,,sub083.pkl,1,val,True
sub083.pkl-5-1,sub083.pkl-5-1,sub083,,sub083.pkl,1,val,True
sub083.pkl-5-2,sub083.pkl-5-2,sub083,,sub083.pkl,1,val,True
sub083.pkl-6-0,sub083.pkl-6-0,sub083,,sub083.pkl,2,val,True
sub083.pkl-6-1,sub083.pkl-6-1,sub083,,sub083.pkl,2,val,True
sub083.pkl-6-2,sub083.pkl-6-2,sub083,,sub083.pkl,2,val,True
sub083.pkl-7-0,sub083.pkl-7-0,sub083,,sub083.pkl,2,val,True
sub083.pkl-7-1,sub083.pkl-7-1,sub083,,sub083.pkl,2,val,True
sub083.pkl-7-2,sub083.pkl-7-2,sub083,,sub083.pkl,2,val,True
sub083.pkl-8-0,sub083.pkl-8-0,sub083,,sub083.pkl,2,val,True
sub083.pkl-8-1,sub083.pkl-8-1,sub083,,sub083.pkl,2,val,True
sub083.pkl-8-2,sub083.pkl-8-2,sub083,,sub083.pkl,2,val,True
sub083.pkl-9-0,sub083.pkl-9-0,sub083,,sub083.pkl,3,val,True
sub083.pkl-9-1,sub083.pkl-9-1,sub083,,sub083.pkl,3,val,True
sub083.pkl-9-2,sub083.pkl-9-2,sub083,,sub083.pkl,3,val,True
sub083.pkl-10-0,sub083.pkl-10-0,sub083,,sub083.pkl,3,val,True
sub083.pkl-10-1,sub083.pkl-10-1,sub083,,sub083.pkl,3,val,True
sub083.pkl-10-2,sub083.pkl-10-2,sub083,,sub083.pkl,3,val,True
sub083.pkl-11-0,sub083.pkl-11-0,sub083,,sub083.pkl,3,val,True
sub083.pkl-11-1,sub083.pkl-11-1,sub083,,sub083.pkl,3,val,True
sub083.pkl-11-2,sub083.pkl-11-2,sub083,,sub083.pkl,3,val,True
sub083.pkl-12-0,sub083.pkl-12-0,sub083,,sub083.pkl,4,val,True
sub083.pkl-12-1,sub083.pkl-12-1,sub083,,sub083.pkl,4,val,True
sub083.pkl-12-2,sub083.pkl-12-2,sub083,,sub083.pkl,4,val,True
sub083.pkl-13-0,sub083.pkl-13-0,sub083,,sub083.pkl,4,val,True
sub083.pkl-13-1,sub083.pkl-13-1,sub083,,sub083.pkl,4,val,True
sub083.pkl-13-2,sub083.pkl-13-2,sub083,,sub083.pkl,4,val,True
sub083.pkl-14-0,sub083.pkl-14-0,sub083,,sub083.pkl,4,val,True
sub083.pkl-14-1,sub083.pkl-14-1,sub083,,sub083.pkl,4,val,True
sub083.pkl-14-2,sub083.pkl-14-2,sub083,,sub083.pkl,4,val,True
sub083.pkl-15-0,sub083.pkl-15-0,sub083,,sub083.pkl,4,val,True
sub083.pkl-15-1,sub083.pkl-15-1,sub083,,sub083.pkl,4,val,True
sub083.pkl-15-2,sub083.pkl-15-2,sub083,,sub083.pkl,4,val,True
sub083.pkl-16-0,sub083.pkl-16-0,sub083,,sub083.pkl,5,val,True
sub083.pkl-16-1,sub083.pkl-16-1,sub083,,sub083.pkl,5,val,True
sub083.pkl-16-2,sub083.pkl-16-2,sub083,,sub083.pkl,5,val,True
sub083.pkl-17-0,sub083.pkl-17-0,sub083,,sub083.pkl,5,val,True
sub083.pkl-17-1,sub083.pkl-17-1,sub083,,sub083.pkl,5,val,True
sub083.pkl-17-2,sub083.pkl-17-2,sub083,,sub083.pkl,5,val,True
sub083.pkl-18-0,sub083.pkl-18-0,sub083,,sub083.pkl,5,val,True
sub083.pkl-18-1,sub083.pkl-18-1,sub083,,sub083.pkl,5,val,True
sub083.pkl-18-2,sub083.pkl-18-2,sub083,,sub083.pkl,5,val,True
sub083.pkl-19-0,sub083.pkl-19-0,sub083,,sub083.pkl,6,val,True
sub083.pkl-19-1,sub083.pkl-19-1,sub083,,sub083.pkl,6,val,True
sub083.pkl-19-2,sub083.pkl-19-2,sub083,,sub083.pkl,6,val,True
sub083.pkl-20-0,sub083.pkl-20-0,sub083,,sub083.pkl,6,val,True
sub083.pkl-20-1,sub083.pkl-20-1,sub083,,sub083.pkl,6,val,True
sub083.pkl-20-2,sub083.pkl-20-2,sub083,,sub083.pkl,6,val,True
sub083.pkl-21-0,sub083.pkl-21-0,sub083,,sub083.pkl,6,val,True
sub083.pkl-21-1,sub083.pkl-21-1,sub083,,sub083.pkl,6,val,True
sub083.pkl-21-2,sub083.pkl-21-2,sub083,,sub083.pkl,6,val,True
sub083.pkl-22-0,sub083.pkl-22-0,sub083,,sub083.pkl,7,val,True
sub083.pkl-22-1,sub083.pkl-22-1,sub083,,sub083.pkl,7,val,True
sub083.pkl-22-2,sub083.pkl-22-2,sub083,,sub083.pkl,7,val,True
sub083.pkl-23-0,sub083.pkl-23-0,sub083,,sub083.pkl,7,val,True
sub083.pkl-23-1,sub083.pkl-23-1,sub083,,sub083.pkl,7,val,True
sub083.pkl-23-2,sub083.pkl-23-2,sub083,,sub083.pkl,7,val,True
sub083.pkl-24-0,sub083.pkl-24-0,sub083,,sub083.pkl,7,val,True
sub083.pkl-24-1,sub083.pkl-24-1,sub083,,sub083.pkl,7,val,True
sub083.pkl-24-2,sub083.pkl-24-2,sub083,,sub083.pkl,7,val,True
sub083.pkl-25-0,sub083.pkl-25-0,sub083,,sub083.pkl,8,val,True
sub083.pkl-25-1,sub083.pkl-25-1,sub083,,sub083.pkl,8,val,True
sub083.pkl-25-2,sub083.pkl-25-2,sub083,,sub083.pkl,8,val,True
sub083.pkl-26-0,sub083.pkl-26-0,sub083,,sub083.pkl,8,val,True
sub083.pkl-26-1,sub083.pkl-26-1,sub083,,sub083.pkl,8,val,True
sub083.pkl-26-2,sub083.pkl-26-2,sub083,,sub083.pkl,8,val,True
sub083.pkl-27-0,sub083.pkl-27-0,sub083,,sub083.pkl,8,val,True
sub083.pkl-27-1,sub083.pkl-27-1,sub083,,sub083.pkl,8,val,True
sub083.pkl-27-2,sub083.pkl-27-2,sub083,,sub083.pkl,8,val,True
sub084.pkl-0-0,sub084.pkl-0-0,sub084,,sub084.pkl,0,val,True
sub084.pkl-0-1,sub084.pkl-0-1,sub084,,sub084.pkl,0,val,True
sub084.pkl-0-2,sub084.pkl-0-2,sub084,,sub084.pkl,0,val,True
sub084.pkl-1-0,sub084.pkl-1-0,sub084,,sub084.pkl,0,val,True
sub084.pkl-1-1,sub084.pkl-1-1,sub084,,sub084.pkl,0,val,True
sub084.pkl-1-2,sub084.pkl-1-2,sub084,,sub084.pkl,0,val,True
sub084.pkl-2-0,sub084.pkl-2-0,sub084,,sub084.pkl,0,val,True
sub084.pkl-2-1,sub084.pkl-2-1,sub084,,sub084.pkl,0,val,True
sub084.pkl-2-2,sub084.pkl-2-2,sub084,,sub084.pkl,0,val,True
sub084.pkl-3-0,sub084.pkl-3-0,sub084,,sub084.pkl,1,val,True
sub084.pkl-3-1,sub084.pkl-3-1,sub084,,sub084.pkl,1,val,True
sub084.pkl-3-2,sub084.pkl-3-2,sub084,,sub084.pkl,1,val,True
sub084.pkl-4-0,sub084.pkl-4-0,sub084,,sub084.pkl,1,val,True
sub084.pkl-4-1,sub084.pkl-4-1,sub084,,sub084.pkl,1,val,True
sub084.pkl-4-2,sub084.pkl-4-2,sub084,,sub084.pkl,1,val,True
sub084.pkl-5-0,sub084.pkl-5-0,sub084,,sub084.pkl,1,val,True
sub084.pkl-5-1,sub084.pkl-5-1,sub084,,sub084.pkl,1,val,True
sub084.pkl-5-2,sub084.pkl-5-2,sub084,,sub084.pkl,1,val,True
sub084.pkl-6-0,sub084.pkl-6-0,sub084,,sub084.pkl,2,val,True
sub084.pkl-6-1,sub084.pkl-6-1,sub084,,sub084.pkl,2,val,True
sub084.pkl-6-2,sub084.pkl-6-2,sub084,,sub084.pkl,2,val,True
sub084.pkl-7-0,sub084.pkl-7-0,sub084,,sub084.pkl,2,val,True
sub084.pkl-7-1,sub084.pkl-7-1,sub084,,sub084.pkl,2,val,True
sub084.pkl-7-2,sub084.pkl-7-2,sub084,,sub084.pkl,2,val,True
sub084.pkl-8-0,sub084.pkl-8-0,sub084,,sub084.pkl,2,val,True
sub084.pkl-8-1,sub084.pkl-8-1,sub084,,sub084.pkl,2,val,True
sub084.pkl-8-2,sub084.pkl-8-2,sub084,,sub084.pkl,2,val,True
sub084.pkl-9-0,sub084.pkl-9-0,sub084,,sub084.pkl,3,val,True
sub084.pkl-9-1,sub084.pkl-9-1,sub084,,sub084.pkl,3,val,True
sub084.pkl-9-2,sub084.pkl-9-2,sub084,,sub084.pkl,3,val,True
sub084.pkl-10-0,sub084.pkl-10-0,sub084,,sub084.pkl,3,val,True
sub084.pkl-10-1,sub084.pkl-10-1,sub084,,sub084.pkl,3,val,True
sub084.pkl-10-2,sub084.pkl-10-2,sub084,,sub084.pkl,3,val,True
sub084.pkl-11-0,sub084.pkl-11-0,sub084,,sub084.pkl,3,val,True
sub084.pkl-11-1,sub084.pkl-11-1,sub084,,sub084.pkl,3,val,True
sub084.pkl-11-2,sub084.pkl-11-2,sub084,,sub084.pkl,3,val,True
sub084.pkl-12-0,sub084.pkl-12-0,sub084,,sub084.pkl,4,val,True
sub084.pkl-12-1,sub084.pkl-12-1,sub084,,sub084.pkl,4,val,True
sub084.pkl-12-2,sub084.pkl-12-2,sub084,,sub084.pkl,4,val,True
sub084.pkl-13-0,sub084.pkl-13-0,sub084,,sub084.pkl,4,val,True
sub084.pkl-13-1,sub084.pkl-13-1,sub084,,sub084.pkl,4,val,True
sub084.pkl-13-2,sub084.pkl-13-2,sub084,,sub084.pkl,4,val,True
sub084.pkl-14-0,sub084.pkl-14-0,sub084,,sub084.pkl,4,val,True
sub084.pkl-14-1,sub084.pkl-14-1,sub084,,sub084.pkl,4,val,True
sub084.pkl-14-2,sub084.pkl-14-2,sub084,,sub084.pkl,4,val,True
sub084.pkl-15-0,sub084.pkl-15-0,sub084,,sub084.pkl,4,val,True
sub084.pkl-15-1,sub084.pkl-15-1,sub084,,sub084.pkl,4,val,True
sub084.pkl-15-2,sub084.pkl-15-2,sub084,,sub084.pkl,4,val,True
sub084.pkl-16-0,sub084.pkl-16-0,sub084,,sub084.pkl,5,val,True
sub084.pkl-16-1,sub084.pkl-16-1,sub084,,sub084.pkl,5,val,True
sub084.pkl-16-2,sub084.pkl-16-2,sub084,,sub084.pkl,5,val,True
sub084.pkl-17-0,sub084.pkl-17-0,sub084,,sub084.pkl,5,val,True
sub084.pkl-17-1,sub084.pkl-17-1,sub084,,sub084.pkl,5,val,True
sub084.pkl-17-2,sub084.pkl-17-2,sub084,,sub084.pkl,5,val,True
sub084.pkl-18-0,sub084.pkl-18-0,sub084,,sub084.pkl,5,val,True
sub084.pkl-18-1,sub084.pkl-18-1,sub084,,sub084.pkl,5,val,True
sub084.pkl-18-2,sub084.pkl-18-2,sub084,,sub084.pkl,5,val,True
sub084.pkl-19-0,sub084.pkl-19-0,sub084,,sub084.pkl,6,val,True
sub084.pkl-19-1,sub084.pkl-19-1,sub084,,sub084.pkl,6,val,True
sub084.pkl-19-2,sub084.pkl-19-2,sub084,,sub084.pkl,6,val,True
sub084.pkl-20-0,sub084.pkl-20-0,sub084,,sub084.pkl,6,val,True
sub084.pkl-20-1,sub084.pkl-20-1,sub084,,sub084.pkl,6,val,True
sub084.pkl-20-2,sub084.pkl-20-2,sub084,,sub084.pkl,6,val,True
sub084.pkl-21-0,sub084.pkl-21-0,sub084,,sub084.pkl,6,val,True
sub084.pkl-21-1,sub084.pkl-21-1,sub084,,sub084.pkl,6,val,True
sub084.pkl-21-2,sub084.pkl-21-2,sub084,,sub084.pkl,6,val,True
sub084.pkl-22-0,sub084.pkl-22-0,sub084,,sub084.pkl,7,val,True
sub084.pkl-22-1,sub084.pkl-22-1,sub084,,sub084.pkl,7,val,True
sub084.pkl-22-2,sub084.pkl-22-2,sub084,,sub084.pkl,7,val,True
sub084.pkl-23-0,sub084.pkl-23-0,sub084,,sub084.pkl,7,val,True
sub084.pkl-23-1,sub084.pkl-23-1,sub084,,sub084.pkl,7,val,True
sub084.pkl-23-2,sub084.pkl-23-2,sub084,,sub084.pkl,7,val,True
sub084.pkl-24-0,sub084.pkl-24-0,sub084,,sub084.pkl,7,val,True
sub084.pkl-24-1,sub084.pkl-24-1,sub084,,sub084.pkl,7,val,True
sub084.pkl-24-2,sub084.pkl-24-2,sub084,,sub084.pkl,7,val,True
sub084.pkl-25-0,sub084.pkl-25-0,sub084,,sub084.pkl,8,val,True
sub084.pkl-25-1,sub084.pkl-25-1,sub084,,sub084.pkl,8,val,True
sub084.pkl-25-2,sub084.pkl-25-2,sub084,,sub084.pkl,8,val,True
sub084.pkl-26-0,sub084.pkl-26-0,sub084,,sub084.pkl,8,val,True
sub084.pkl-26-1,sub084.pkl-26-1,sub084,,sub084.pkl,8,val,True
sub084.pkl-26-2,sub084.pkl-26-2,sub084,,sub084.pkl,8,val,True
sub084.pkl-27-0,sub084.pkl-27-0,sub084,,sub084.pkl,8,val,True
sub084.pkl-27-1,sub084.pkl-27-1,sub084,,sub084.pkl,8,val,True
sub084.pkl-27-2,sub084.pkl-27-2,sub084,,sub084.pkl,8,val,True
sub085.pkl-0-0,sub085.pkl-0-0,sub085,,sub085.pkl,0,val,True
sub085.pkl-0-1,sub085.pkl-0-1,sub085,,sub085.pkl,0,val,True
sub085.pkl-0-2,sub085.pkl-0-2,sub085,,sub085.pkl,0,val,True
sub085.pkl-1-0,sub085.pkl-1-0,sub085,,sub085.pkl,0,val,True
sub085.pkl-1-1,sub085.pkl-1-1,sub085,,sub085.pkl,0,val,True
sub085.pkl-1-2,sub085.pkl-1-2,sub085,,sub085.pkl,0,val,True
sub085.pkl-2-0,sub085.pkl-2-0,sub085,,sub085.pkl,0,val,True
sub085.pkl-2-1,sub085.pkl-2-1,sub085,,sub085.pkl,0,val,True
sub085.pkl-2-2,sub085.pkl-2-2,sub085,,sub085.pkl,0,val,True
sub085.pkl-3-0,sub085.pkl-3-0,sub085,,sub085.pkl,1,val,True
sub085.pkl-3-1,sub085.pkl-3-1,sub085,,sub085.pkl,1,val,True
sub085.pkl-3-2,sub085.pkl-3-2,sub085,,sub085.pkl,1,val,True
sub085.pkl-4-0,sub085.pkl-4-0,sub085,,sub085.pkl,1,val,True
sub085.pkl-4-1,sub085.pkl-4-1,sub085,,sub085.pkl,1,val,True
sub085.pkl-4-2,sub085.pkl-4-2,sub085,,sub085.pkl,1,val,True
sub085.pkl-5-0,sub085.pkl-5-0,sub085,,sub085.pkl,1,val,True
sub085.pkl-5-1,sub085.pkl-5-1,sub085,,sub085.pkl,1,val,True
sub085.pkl-5-2,sub085.pkl-5-2,sub085,,sub085.pkl,1,val,True
sub085.pkl-6-0,sub085.pkl-6-0,sub085,,sub085.pkl,2,val,True
sub085.pkl-6-1,sub085.pkl-6-1,sub085,,sub085.pkl,2,val,True
sub085.pkl-6-2,sub085.pkl-6-2,sub085,,sub085.pkl,2,val,True
sub085.pkl-7-0,sub085.pkl-7-0,sub085,,sub085.pkl,2,val,True
sub085.pkl-7-1,sub085.pkl-7-1,sub085,,sub085.pkl,2,val,True
sub085.pkl-7-2,sub085.pkl-7-2,sub085,,sub085.pkl,2,val,True
sub085.pkl-8-0,sub085.pkl-8-0,sub085,,sub085.pkl,2,val,True
sub085.pkl-8-1,sub085.pkl-8-1,sub085,,sub085.pkl,2,val,True
sub085.pkl-8-2,sub085.pkl-8-2,sub085,,sub085.pkl,2,val,True
sub085.pkl-9-0,sub085.pkl-9-0,sub085,,sub085.pkl,3,val,True
sub085.pkl-9-1,sub085.pkl-9-1,sub085,,sub085.pkl,3,val,True
sub085.pkl-9-2,sub085.pkl-9-2,sub085,,sub085.pkl,3,val,True
sub085.pkl-10-0,sub085.pkl-10-0,sub085,,sub085.pkl,3,val,True
sub085.pkl-10-1,sub085.pkl-10-1,sub085,,sub085.pkl,3,val,True
sub085.pkl-10-2,sub085.pkl-10-2,sub085,,sub085.pkl,3,val,True
sub085.pkl-11-0,sub085.pkl-11-0,sub085,,sub085.pkl,3,val,True
sub085.pkl-11-1,sub085.pkl-11-1,sub085,,sub085.pkl,3,val,True
sub085.pkl-11-2,sub085.pkl-11-2,sub085,,sub085.pkl,3,val,True
sub085.pkl-12-0,sub085.pkl-12-0,sub085,,sub085.pkl,4,val,True
sub085.pkl-12-1,sub085.pkl-12-1,sub085,,sub085.pkl,4,val,True
sub085.pkl-12-2,sub085.pkl-12-2,sub085,,sub085.pkl,4,val,True
sub085.pkl-13-0,sub085.pkl-13-0,sub085,,sub085.pkl,4,val,True
sub085.pkl-13-1,sub085.pkl-13-1,sub085,,sub085.pkl,4,val,True
sub085.pkl-13-2,sub085.pkl-13-2,sub085,,sub085.pkl,4,val,True
sub085.pkl-14-0,sub085.pkl-14-0,sub085,,sub085.pkl,4,val,True
sub085.pkl-14-1,sub085.pkl-14-1,sub085,,sub085.pkl,4,val,True
sub085.pkl-14-2,sub085.pkl-14-2,sub085,,sub085.pkl,4,val,True
sub085.pkl-15-0,sub085.pkl-15-0,sub085,,sub085.pkl,4,val,True
sub085.pkl-15-1,sub085.pkl-15-1,sub085,,sub085.pkl,4,val,True
sub085.pkl-15-2,sub085.pkl-15-2,sub085,,sub085.pkl,4,val,True
sub085.pkl-16-0,sub085.pkl-16-0,sub085,,sub085.pkl,5,val,True
sub085.pkl-16-1,sub085.pkl-16-1,sub085,,sub085.pkl,5,val,True
sub085.pkl-16-2,sub085.pkl-16-2,sub085,,sub085.pkl,5,val,True
sub085.pkl-17-0,sub085.pkl-17-0,sub085,,sub085.pkl,5,val,True
sub085.pkl-17-1,sub085.pkl-17-1,sub085,,sub085.pkl,5,val,True
sub085.pkl-17-2,sub085.pkl-17-2,sub085,,sub085.pkl,5,val,True
sub085.pkl-18-0,sub085.pkl-18-0,sub085,,sub085.pkl,5,val,True
sub085.pkl-18-1,sub085.pkl-18-1,sub085,,sub085.pkl,5,val,True
sub085.pkl-18-2,sub085.pkl-18-2,sub085,,sub085.pkl,5,val,True
sub085.pkl-19-0,sub085.pkl-19-0,sub085,,sub085.pkl,6,val,True
sub085.pkl-19-1,sub085.pkl-19-1,sub085,,sub085.pkl,6,val,True
sub085.pkl-19-2,sub085.pkl-19-2,sub085,,sub085.pkl,6,val,True
sub085.pkl-20-0,sub085.pkl-20-0,sub085,,sub085.pkl,6,val,True
sub085.pkl-20-1,sub085.pkl-20-1,sub085,,sub085.pkl,6,val,True
sub085.pkl-20-2,sub085.pkl-20-2,sub085,,sub085.pkl,6,val,True
sub085.pkl-21-0,sub085.pkl-21-0,sub085,,sub085.pkl,6,val,True
sub085.pkl-21-1,sub085.pkl-21-1,sub085,,sub085.pkl,6,val,True
sub085.pkl-21-2,sub085.pkl-21-2,sub085,,sub085.pkl,6,val,True
sub085.pkl-22-0,sub085.pkl-22-0,sub085,,sub085.pkl,7,val,True
sub085.pkl-22-1,sub085.pkl-22-1,sub085,,sub085.pkl,7,val,True
sub085.pkl-22-2,sub085.pkl-22-2,sub085,,sub085.pkl,7,val,True
sub085.pkl-23-0,sub085.pkl-23-0,sub085,,sub085.pkl,7,val,True
sub085.pkl-23-1,sub085.pkl-23-1,sub085,,sub085.pkl,7,val,True
sub085.pkl-23-2,sub085.pkl-23-2,sub085,,sub085.pkl,7,val,True
sub085.pkl-24-0,sub085.pkl-24-0,sub085,,sub085.pkl,7,val,True
sub085.pkl-24-1,sub085.pkl-24-1,sub085,,sub085.pkl,7,val,True
sub085.pkl-24-2,sub085.pkl-24-2,sub085,,sub085.pkl,7,val,True
sub085.pkl-25-0,sub085.pkl-25-0,sub085,,sub085.pkl,8,val,True
sub085.pkl-25-1,sub085.pkl-25-1,sub085,,sub085.pkl,8,val,True
sub085.pkl-25-2,sub085.pkl-25-2,sub085,,sub085.pkl,8,val,True
sub085.pkl-26-0,sub085.pkl-26-0,sub085,,sub085.pkl,8,val,True
sub085.pkl-26-1,sub085.pkl-26-1,sub085,,sub085.pkl,8,val,True
sub085.pkl-26-2,sub085.pkl-26-2,sub085,,sub085.pkl,8,val,True
sub085.pkl-27-0,sub085.pkl-27-0,sub085,,sub085.pkl,8,val,True
sub085.pkl-27-1,sub085.pkl-27-1,sub085,,sub085.pkl,8,val,True
sub085.pkl-27-2,sub085.pkl-27-2,sub085,,sub085.pkl,8,val,True
sub086.pkl-0-0,sub086.pkl-0-0,sub086,,sub086.pkl,0,val,True
sub086.pkl-0-1,sub086.pkl-0-1,sub086,,sub086.pkl,0,val,True
sub086.pkl-0-2,sub086.pkl-0-2,sub086,,sub086.pkl,0,val,True
sub086.pkl-1-0,sub086.pkl-1-0,sub086,,sub086.pkl,0,val,True
sub086.pkl-1-1,sub086.pkl-1-1,sub086,,sub086.pkl,0,val,True
sub086.pkl-1-2,sub086.pkl-1-2,sub086,,sub086.pkl,0,val,True
sub086.pkl-2-0,sub086.pkl-2-0,sub086,,sub086.pkl,0,val,True
sub086.pkl-2-1,sub086.pkl-2-1,sub086,,sub086.pkl,0,val,True
sub086.pkl-2-2,sub086.pkl-2-2,sub086,,sub086.pkl,0,val,True
sub086.pkl-3-0,sub086.pkl-3-0,sub086,,sub086.pkl,1,val,True
sub086.pkl-3-1,sub086.pkl-3-1,sub086,,sub086.pkl,1,val,True
sub086.pkl-3-2,sub086.pkl-3-2,sub086,,sub086.pkl,1,val,True
sub086.pkl-4-0,sub086.pkl-4-0,sub086,,sub086.pkl,1,val,True
sub086.pkl-4-1,sub086.pkl-4-1,sub086,,sub086.pkl,1,val,True
sub086.pkl-4-2,sub086.pkl-4-2,sub086,,sub086.pkl,1,val,True
sub086.pkl-5-0,sub086.pkl-5-0,sub086,,sub086.pkl,1,val,True
sub086.pkl-5-1,sub086.pkl-5-1,sub086,,sub086.pkl,1,val,True
sub086.pkl-5-2,sub086.pkl-5-2,sub086,,sub086.pkl,1,val,True
sub086.pkl-6-0,sub086.pkl-6-0,sub086,,sub086.pkl,2,val,True
sub086.pkl-6-1,sub086.pkl-6-1,sub086,,sub086.pkl,2,val,True
sub086.pkl-6-2,sub086.pkl-6-2,sub086,,sub086.pkl,2,val,True
sub086.pkl-7-0,sub086.pkl-7-0,sub086,,sub086.pkl,2,val,True
sub086.pkl-7-1,sub086.pkl-7-1,sub086,,sub086.pkl,2,val,True
sub086.pkl-7-2,sub086.pkl-7-2,sub086,,sub086.pkl,2,val,True
sub086.pkl-8-0,sub086.pkl-8-0,sub086,,sub086.pkl,2,val,True
sub086.pkl-8-1,sub086.pkl-8-1,sub086,,sub086.pkl,2,val,True
sub086.pkl-8-2,sub086.pkl-8-2,sub086,,sub086.pkl,2,val,True
sub086.pkl-9-0,sub086.pkl-9-0,sub086,,sub086.pkl,3,val,True
sub086.pkl-9-1,sub086.pkl-9-1,sub086,,sub086.pkl,3,val,True
sub086.pkl-9-2,sub086.pkl-9-2,sub086,,sub086.pkl,3,val,True
sub086.pkl-10-0,sub086.pkl-10-0,sub086,,sub086.pkl,3,val,True
sub086.pkl-10-1,sub086.pkl-10-1,sub086,,sub086.pkl,3,val,True
sub086.pkl-10-2,sub086.pkl-10-2,sub086,,sub086.pkl,3,val,True
sub086.pkl-11-0,sub086.pkl-11-0,sub086,,sub086.pkl,3,val,True
sub086.pkl-11-1,sub086.pkl-11-1,sub086,,sub086.pkl,3,val,True
sub086.pkl-11-2,sub086.pkl-11-2,sub086,,sub086.pkl,3,val,True
sub086.pkl-12-0,sub086.pkl-12-0,sub086,,sub086.pkl,4,val,True
sub086.pkl-12-1,sub086.pkl-12-1,sub086,,sub086.pkl,4,val,True
sub086.pkl-12-2,sub086.pkl-12-2,sub086,,sub086.pkl,4,val,True
sub086.pkl-13-0,sub086.pkl-13-0,sub086,,sub086.pkl,4,val,True
sub086.pkl-13-1,sub086.pkl-13-1,sub086,,sub086.pkl,4,val,True
sub086.pkl-13-2,sub086.pkl-13-2,sub086,,sub086.pkl,4,val,True
sub086.pkl-14-0,sub086.pkl-14-0,sub086,,sub086.pkl,4,val,True
sub086.pkl-14-1,sub086.pkl-14-1,sub086,,sub086.pkl,4,val,True
sub086.pkl-14-2,sub086.pkl-14-2,sub086,,sub086.pkl,4,val,True
sub086.pkl-15-0,sub086.pkl-15-0,sub086,,sub086.pkl,4,val,True
sub086.pkl-15-1,sub086.pkl-15-1,sub086,,sub086.pkl,4,val,True
sub086.pkl-15-2,sub086.pkl-15-2,sub086,,sub086.pkl,4,val,True
sub086.pkl-16-0,sub086.pkl-16-0,sub086,,sub086.pkl,5,val,True
sub086.pkl-16-1,sub086.pkl-16-1,sub086,,sub086.pkl,5,val,True
sub086.pkl-16-2,sub086.pkl-16-2,sub086,,sub086.pkl,5,val,True
sub086.pkl-17-0,sub086.pkl-17-0,sub086,,sub086.pkl,5,val,True
sub086.pkl-17-1,sub086.pkl-17-1,sub086,,sub086.pkl,5,val,True
sub086.pkl-17-2,sub086.pkl-17-2,sub086,,sub086.pkl,5,val,True
sub086.pkl-18-0,sub086.pkl-18-0,sub086,,sub086.pkl,5,val,True
sub086.pkl-18-1,sub086.pkl-18-1,sub086,,sub086.pkl,5,val,True
sub086.pkl-18-2,sub086.pkl-18-2,sub086,,sub086.pkl,5,val,True
sub086.pkl-19-0,sub086.pkl-19-0,sub086,,sub086.pkl,6,val,True
sub086.pkl-19-1,sub086.pkl-19-1,sub086,,sub086.pkl,6,val,True
sub086.pkl-19-2,sub086.pkl-19-2,sub086,,sub086.pkl,6,val,True
sub086.pkl-20-0,sub086.pkl-20-0,sub086,,sub086.pkl,6,val,True
sub086.pkl-20-1,sub086.pkl-20-1,sub086,,sub086.pkl,6,val,True
sub086.pkl-20-2,sub086.pkl-20-2,sub086,,sub086.pkl,6,val,True
sub086.pkl-21-0,sub086.pkl-21-0,sub086,,sub086.pkl,6,val,True
sub086.pkl-21-1,sub086.pkl-21-1,sub086,,sub086.pkl,6,val,True
sub086.pkl-21-2,sub086.pkl-21-2,sub086,,sub086.pkl,6,val,True
sub086.pkl-22-0,sub086.pkl-22-0,sub086,,sub086.pkl,7,val,True
sub086.pkl-22-1,sub086.pkl-22-1,sub086,,sub086.pkl,7,val,True
sub086.pkl-22-2,sub086.pkl-22-2,sub086,,sub086.pkl,7,val,True
sub086.pkl-23-0,sub086.pkl-23-0,sub086,,sub086.pkl,7,val,True
sub086.pkl-23-1,sub086.pkl-23-1,sub086,,sub086.pkl,7,val,True
sub086.pkl-23-2,sub086.pkl-23-2,sub086,,sub086.pkl,7,val,True
sub086.pkl-24-0,sub086.pkl-24-0,sub086,,sub086.pkl,7,val,True
sub086.pkl-24-1,sub086.pkl-24-1,sub086,,sub086.pkl,7,val,True
sub086.pkl-24-2,sub086.pkl-24-2,sub086,,sub086.pkl,7,val,True
sub086.pkl-25-0,sub086.pkl-25-0,sub086,,sub086.pkl,8,val,True
sub086.pkl-25-1,sub086.pkl-25-1,sub086,,sub086.pkl,8,val,True
sub086.pkl-25-2,sub086.pkl-25-2,sub086,,sub086.pkl,8,val,True
sub086.pkl-26-0,sub086.pkl-26-0,sub086,,sub086.pkl,8,val,True
sub086.pkl-26-1,sub086.pkl-26-1,sub086,,sub086.pkl,8,val,True
sub086.pkl-26-2,sub086.pkl-26-2,sub086,,sub086.pkl,8,val,True
sub086.pkl-27-0,sub086.pkl-27-0,sub086,,sub086.pkl,8,val,True
sub086.pkl-27-1,sub086.pkl-27-1,sub086,,sub086.pkl,8,val,True
sub086.pkl-27-2,sub086.pkl-27-2,sub086,,sub086.pkl,8,val,True
sub087.pkl-0-0,sub087.pkl-0-0,sub087,,sub087.pkl,0,val,True
sub087.pkl-0-1,sub087.pkl-0-1,sub087,,sub087.pkl,0,val,True
sub087.pkl-0-2,sub087.pkl-0-2,sub087,,sub087.pkl,0,val,True
sub087.pkl-1-0,sub087.pkl-1-0,sub087,,sub087.pkl,0,val,True
sub087.pkl-1-1,sub087.pkl-1-1,sub087,,sub087.pkl,0,val,True
sub087.pkl-1-2,sub087.pkl-1-2,sub087,,sub087.pkl,0,val,True
sub087.pkl-2-0,sub087.pkl-2-0,sub087,,sub087.pkl,0,val,True
sub087.pkl-2-1,sub087.pkl-2-1,sub087,,sub087.pkl,0,val,True
sub087.pkl-2-2,sub087.pkl-2-2,sub087,,sub087.pkl,0,val,True
sub087.pkl-3-0,sub087.pkl-3-0,sub087,,sub087.pkl,1,val,True
sub087.pkl-3-1,sub087.pkl-3-1,sub087,,sub087.pkl,1,val,True
sub087.pkl-3-2,sub087.pkl-3-2,sub087,,sub087.pkl,1,val,True
sub087.pkl-4-0,sub087.pkl-4-0,sub087,,sub087.pkl,1,val,True
sub087.pkl-4-1,sub087.pkl-4-1,sub087,,sub087.pkl,1,val,True
sub087.pkl-4-2,sub087.pkl-4-2,sub087,,sub087.pkl,1,val,True
sub087.pkl-5-0,sub087.pkl-5-0,sub087,,sub087.pkl,1,val,True
sub087.pkl-5-1,sub087.pkl-5-1,sub087,,sub087.pkl,1,val,True
sub087.pkl-5-2,sub087.pkl-5-2,sub087,,sub087.pkl,1,val,True
sub087.pkl-6-0,sub087.pkl-6-0,sub087,,sub087.pkl,2,val,True
sub087.pkl-6-1,sub087.pkl-6-1,sub087,,sub087.pkl,2,val,True
sub087.pkl-6-2,sub087.pkl-6-2,sub087,,sub087.pkl,2,val,True
sub087.pkl-7-0,sub087.pkl-7-0,sub087,,sub087.pkl,2,val,True
sub087.pkl-7-1,sub087.pkl-7-1,sub087,,sub087.pkl,2,val,True
sub087.pkl-7-2,sub087.pkl-7-2,sub087,,sub087.pkl,2,val,True
sub087.pkl-8-0,sub087.pkl-8-0,sub087,,sub087.pkl,2,val,True
sub087.pkl-8-1,sub087.pkl-8-1,sub087,,sub087.pkl,2,val,True
sub087.pkl-8-2,sub087.pkl-8-2,sub087,,sub087.pkl,2,val,True
sub087.pkl-9-0,sub087.pkl-9-0,sub087,,sub087.pkl,3,val,True
sub087.pkl-9-1,sub087.pkl-9-1,sub087,,sub087.pkl,3,val,True
sub087.pkl-9-2,sub087.pkl-9-2,sub087,,sub087.pkl,3,val,True
sub087.pkl-10-0,sub087.pkl-10-0,sub087,,sub087.pkl,3,val,True
sub087.pkl-10-1,sub087.pkl-10-1,sub087,,sub087.pkl,3,val,True
sub087.pkl-10-2,sub087.pkl-10-2,sub087,,sub087.pkl,3,val,True
sub087.pkl-11-0,sub087.pkl-11-0,sub087,,sub087.pkl,3,val,True
sub087.pkl-11-1,sub087.pkl-11-1,sub087,,sub087.pkl,3,val,True
sub087.pkl-11-2,sub087.pkl-11-2,sub087,,sub087.pkl,3,val,True
sub087.pkl-12-0,sub087.pkl-12-0,sub087,,sub087.pkl,4,val,True
sub087.pkl-12-1,sub087.pkl-12-1,sub087,,sub087.pkl,4,val,True
sub087.pkl-12-2,sub087.pkl-12-2,sub087,,sub087.pkl,4,val,True
sub087.pkl-13-0,sub087.pkl-13-0,sub087,,sub087.pkl,4,val,True
sub087.pkl-13-1,sub087.pkl-13-1,sub087,,sub087.pkl,4,val,True
sub087.pkl-13-2,sub087.pkl-13-2,sub087,,sub087.pkl,4,val,True
sub087.pkl-14-0,sub087.pkl-14-0,sub087,,sub087.pkl,4,val,True
sub087.pkl-14-1,sub087.pkl-14-1,sub087,,sub087.pkl,4,val,True
sub087.pkl-14-2,sub087.pkl-14-2,sub087,,sub087.pkl,4,val,True
sub087.pkl-15-0,sub087.pkl-15-0,sub087,,sub087.pkl,4,val,True
sub087.pkl-15-1,sub087.pkl-15-1,sub087,,sub087.pkl,4,val,True
sub087.pkl-15-2,sub087.pkl-15-2,sub087,,sub087.pkl,4,val,True
sub087.pkl-16-0,sub087.pkl-16-0,sub087,,sub087.pkl,5,val,True
sub087.pkl-16-1,sub087.pkl-16-1,sub087,,sub087.pkl,5,val,True
sub087.pkl-16-2,sub087.pkl-16-2,sub087,,sub087.pkl,5,val,True
sub087.pkl-17-0,sub087.pkl-17-0,sub087,,sub087.pkl,5,val,True
sub087.pkl-17-1,sub087.pkl-17-1,sub087,,sub087.pkl,5,val,True
sub087.pkl-17-2,sub087.pkl-17-2,sub087,,sub087.pkl,5,val,True
sub087.pkl-18-0,sub087.pkl-18-0,sub087,,sub087.pkl,5,val,True
sub087.pkl-18-1,sub087.pkl-18-1,sub087,,sub087.pkl,5,val,True
sub087.pkl-18-2,sub087.pkl-18-2,sub087,,sub087.pkl,5,val,True
sub087.pkl-19-0,sub087.pkl-19-0,sub087,,sub087.pkl,6,val,True
sub087.pkl-19-1,sub087.pkl-19-1,sub087,,sub087.pkl,6,val,True
sub087.pkl-19-2,sub087.pkl-19-2,sub087,,sub087.pkl,6,val,True
sub087.pkl-20-0,sub087.pkl-20-0,sub087,,sub087.pkl,6,val,True
sub087.pkl-20-1,sub087.pkl-20-1,sub087,,sub087.pkl,6,val,True
sub087.pkl-20-2,sub087.pkl-20-2,sub087,,sub087.pkl,6,val,True
sub087.pkl-21-0,sub087.pkl-21-0,sub087,,sub087.pkl,6,val,True
sub087.pkl-21-1,sub087.pkl-21-1,sub087,,sub087.pkl,6,val,True
sub087.pkl-21-2,sub087.pkl-21-2,sub087,,sub087.pkl,6,val,True
sub087.pkl-22-0,sub087.pkl-22-0,sub087,,sub087.pkl,7,val,True
sub087.pkl-22-1,sub087.pkl-22-1,sub087,,sub087.pkl,7,val,True
sub087.pkl-22-2,sub087.pkl-22-2,sub087,,sub087.pkl,7,val,True
sub087.pkl-23-0,sub087.pkl-23-0,sub087,,sub087.pkl,7,val,True
sub087.pkl-23-1,sub087.pkl-23-1,sub087,,sub087.pkl,7,val,True
sub087.pkl-23-2,sub087.pkl-23-2,sub087,,sub087.pkl,7,val,True
sub087.pkl-24-0,sub087.pkl-24-0,sub087,,sub087.pkl,7,val,True
sub087.pkl-24-1,sub087.pkl-24-1,sub087,,sub087.pkl,7,val,True
sub087.pkl-24-2,sub087.pkl-24-2,sub087,,sub087.pkl,7,val,True
sub087.pkl-25-0,sub087.pkl-25-0,sub087,,sub087.pkl,8,val,True
sub087.pkl-25-1,sub087.pkl-25-1,sub087,,sub087.pkl,8,val,True
sub087.pkl-25-2,sub087.pkl-25-2,sub087,,sub087.pkl,8,val,True
sub087.pkl-26-0,sub087.pkl-26-0,sub087,,sub087.pkl,8,val,True
sub087.pkl-26-1,sub087.pkl-26-1,sub087,,sub087.pkl,8,val,True
sub087.pkl-26-2,sub087.pkl-26-2,sub087,,sub087.pkl,8,val,True
sub087.pkl-27-0,sub087.pkl-27-0,sub087,,sub087.pkl,8,val,True
sub087.pkl-27-1,sub087.pkl-27-1,sub087,,sub087.pkl,8,val,True
sub087.pkl-27-2,sub087.pkl-27-2,sub087,,sub087.pkl,8,val,True
sub088.pkl-0-0,sub088.pkl-0-0,sub088,,sub088.pkl,0,val,True
sub088.pkl-0-1,sub088.pkl-0-1,sub088,,sub088.pkl,0,val,True
sub088.pkl-0-2,sub088.pkl-0-2,sub088,,sub088.pkl,0,val,True
sub088.pkl-1-0,sub088.pkl-1-0,sub088,,sub088.pkl,0,val,True
sub088.pkl-1-1,sub088.pkl-1-1,sub088,,sub088.pkl,0,val,True
sub088.pkl-1-2,sub088.pkl-1-2,sub088,,sub088.pkl,0,val,True
sub088.pkl-2-0,sub088.pkl-2-0,sub088,,sub088.pkl,0,val,True
sub088.pkl-2-1,sub088.pkl-2-1,sub088,,sub088.pkl,0,val,True
sub088.pkl-2-2,sub088.pkl-2-2,sub088,,sub088.pkl,0,val,True
sub088.pkl-3-0,sub088.pkl-3-0,sub088,,sub088.pkl,1,val,True
sub088.pkl-3-1,sub088.pkl-3-1,sub088,,sub088.pkl,1,val,True
sub088.pkl-3-2,sub088.pkl-3-2,sub088,,sub088.pkl,1,val,True
sub088.pkl-4-0,sub088.pkl-4-0,sub088,,sub088.pkl,1,val,True
sub088.pkl-4-1,sub088.pkl-4-1,sub088,,sub088.pkl,1,val,True
sub088.pkl-4-2,sub088.pkl-4-2,sub088,,sub088.pkl,1,val,True
sub088.pkl-5-0,sub088.pkl-5-0,sub088,,sub088.pkl,1,val,True
sub088.pkl-5-1,sub088.pkl-5-1,sub088,,sub088.pkl,1,val,True
sub088.pkl-5-2,sub088.pkl-5-2,sub088,,sub088.pkl,1,val,True
sub088.pkl-6-0,sub088.pkl-6-0,sub088,,sub088.pkl,2,val,True
sub088.pkl-6-1,sub088.pkl-6-1,sub088,,sub088.pkl,2,val,True
sub088.pkl-6-2,sub088.pkl-6-2,sub088,,sub088.pkl,2,val,True
sub088.pkl-7-0,sub088.pkl-7-0,sub088,,sub088.pkl,2,val,True
sub088.pkl-7-1,sub088.pkl-7-1,sub088,,sub088.pkl,2,val,True
sub088.pkl-7-2,sub088.pkl-7-2,sub088,,sub088.pkl,2,val,True
sub088.pkl-8-0,sub088.pkl-8-0,sub088,,sub088.pkl,2,val,True
sub088.pkl-8-1,sub088.pkl-8-1,sub088,,sub088.pkl,2,val,True
sub088.pkl-8-2,sub088.pkl-8-2,sub088,,sub088.pkl,2,val,True
sub088.pkl-9-0,sub088.pkl-9-0,sub088,,sub088.pkl,3,val,True
sub088.pkl-9-1,sub088.pkl-9-1,sub088,,sub088.pkl,3,val,True
sub088.pkl-9-2,sub088.pkl-9-2,sub088,,sub088.pkl,3,val,True
sub088.pkl-10-0,sub088.pkl-10-0,sub088,,sub088.pkl,3,val,True
sub088.pkl-10-1,sub088.pkl-10-1,sub088,,sub088.pkl,3,val,True
sub088.pkl-10-2,sub088.pkl-10-2,sub088,,sub088.pkl,3,val,True
sub088.pkl-11-0,sub088.pkl-11-0,sub088,,sub088.pkl,3,val,True
sub088.pkl-11-1,sub088.pkl-11-1,sub088,,sub088.pkl,3,val,True
sub088.pkl-11-2,sub088.pkl-11-2,sub088,,sub088.pkl,3,val,True
sub088.pkl-12-0,sub088.pkl-12-0,sub088,,sub088.pkl,4,val,True
sub088.pkl-12-1,sub088.pkl-12-1,sub088,,sub088.pkl,4,val,True
sub088.pkl-12-2,sub088.pkl-12-2,sub088,,sub088.pkl,4,val,True
sub088.pkl-13-0,sub088.pkl-13-0,sub088,,sub088.pkl,4,val,True
sub088.pkl-13-1,sub088.pkl-13-1,sub088,,sub088.pkl,4,val,True
sub088.pkl-13-2,sub088.pkl-13-2,sub088,,sub088.pkl,4,val,True
sub088.pkl-14-0,sub088.pkl-14-0,sub088,,sub088.pkl,4,val,True
sub088.pkl-14-1,sub088.pkl-14-1,sub088,,sub088.pkl,4,val,True
sub088.pkl-14-2,sub088.pkl-14-2,sub088,,sub088.pkl,4,val,True
sub088.pkl-15-0,sub088.pkl-15-0,sub088,,sub088.pkl,4,val,True
sub088.pkl-15-1,sub088.pkl-15-1,sub088,,sub088.pkl,4,val,True
sub088.pkl-15-2,sub088.pkl-15-2,sub088,,sub088.pkl,4,val,True
sub088.pkl-16-0,sub088.pkl-16-0,sub088,,sub088.pkl,5,val,True
sub088.pkl-16-1,sub088.pkl-16-1,sub088,,sub088.pkl,5,val,True
sub088.pkl-16-2,sub088.pkl-16-2,sub088,,sub088.pkl,5,val,True
sub088.pkl-17-0,sub088.pkl-17-0,sub088,,sub088.pkl,5,val,True
sub088.pkl-17-1,sub088.pkl-17-1,sub088,,sub088.pkl,5,val,True
sub088.pkl-17-2,sub088.pkl-17-2,sub088,,sub088.pkl,5,val,True
sub088.pkl-18-0,sub088.pkl-18-0,sub088,,sub088.pkl,5,val,True
sub088.pkl-18-1,sub088.pkl-18-1,sub088,,sub088.pkl,5,val,True
sub088.pkl-18-2,sub088.pkl-18-2,sub088,,sub088.pkl,5,val,True
sub088.pkl-19-0,sub088.pkl-19-0,sub088,,sub088.pkl,6,val,True
sub088.pkl-19-1,sub088.pkl-19-1,sub088,,sub088.pkl,6,val,True
sub088.pkl-19-2,sub088.pkl-19-2,sub088,,sub088.pkl,6,val,True
sub088.pkl-20-0,sub088.pkl-20-0,sub088,,sub088.pkl,6,val,True
sub088.pkl-20-1,sub088.pkl-20-1,sub088,,sub088.pkl,6,val,True
sub088.pkl-20-2,sub088.pkl-20-2,sub088,,sub088.pkl,6,val,True
sub088.pkl-21-0,sub088.pkl-21-0,sub088,,sub088.pkl,6,val,True
sub088.pkl-21-1,sub088.pkl-21-1,sub088,,sub088.pkl,6,val,True
sub088.pkl-21-2,sub088.pkl-21-2,sub088,,sub088.pkl,6,val,True
sub088.pkl-22-0,sub088.pkl-22-0,sub088,,sub088.pkl,7,val,True
sub088.pkl-22-1,sub088.pkl-22-1,sub088,,sub088.pkl,7,val,True
sub088.pkl-22-2,sub088.pkl-22-2,sub088,,sub088.pkl,7,val,True
sub088.pkl-23-0,sub088.pkl-23-0,sub088,,sub088.pkl,7,val,True
sub088.pkl-23-1,sub088.pkl-23-1,sub088,,sub088.pkl,7,val,True
sub088.pkl-23-2,sub088.pkl-23-2,sub088,,sub088.pkl,7,val,True
sub088.pkl-24-0,sub088.pkl-24-0,sub088,,sub088.pkl,7,val,True
sub088.pkl-24-1,sub088.pkl-24-1,sub088,,sub088.pkl,7,val,True
sub088.pkl-24-2,sub088.pkl-24-2,sub088,,sub088.pkl,7,val,True
sub088.pkl-25-0,sub088.pkl-25-0,sub088,,sub088.pkl,8,val,True
sub088.pkl-25-1,sub088.pkl-25-1,sub088,,sub088.pkl,8,val,True
sub088.pkl-25-2,sub088.pkl-25-2,sub088,,sub088.pkl,8,val,True
sub088.pkl-26-0,sub088.pkl-26-0,sub088,,sub088.pkl,8,val,True
sub088.pkl-26-1,sub088.pkl-26-1,sub088,,sub088.pkl,8,val,True
sub088.pkl-26-2,sub088.pkl-26-2,sub088,,sub088.pkl,8,val,True
sub088.pkl-27-0,sub088.pkl-27-0,sub088,,sub088.pkl,8,val,True
sub088.pkl-27-1,sub088.pkl-27-1,sub088,,sub088.pkl,8,val,True
sub088.pkl-27-2,sub088.pkl-27-2,sub088,,sub088.pkl,8,val,True
sub089.pkl-0-0,sub089.pkl-0-0,sub089,,sub089.pkl,0,val,True
sub089.pkl-0-1,sub089.pkl-0-1,sub089,,sub089.pkl,0,val,True
sub089.pkl-0-2,sub089.pkl-0-2,sub089,,sub089.pkl,0,val,True
sub089.pkl-1-0,sub089.pkl-1-0,sub089,,sub089.pkl,0,val,True
sub089.pkl-1-1,sub089.pkl-1-1,sub089,,sub089.pkl,0,val,True
sub089.pkl-1-2,sub089.pkl-1-2,sub089,,sub089.pkl,0,val,True
sub089.pkl-2-0,sub089.pkl-2-0,sub089,,sub089.pkl,0,val,True
sub089.pkl-2-1,sub089.pkl-2-1,sub089,,sub089.pkl,0,val,True
sub089.pkl-2-2,sub089.pkl-2-2,sub089,,sub089.pkl,0,val,True
sub089.pkl-3-0,sub089.pkl-3-0,sub089,,sub089.pkl,1,val,True
sub089.pkl-3-1,sub089.pkl-3-1,sub089,,sub089.pkl,1,val,True
sub089.pkl-3-2,sub089.pkl-3-2,sub089,,sub089.pkl,1,val,True
sub089.pkl-4-0,sub089.pkl-4-0,sub089,,sub089.pkl,1,val,True
sub089.pkl-4-1,sub089.pkl-4-1,sub089,,sub089.pkl,1,val,True
sub089.pkl-4-2,sub089.pkl-4-2,sub089,,sub089.pkl,1,val,True
sub089.pkl-5-0,sub089.pkl-5-0,sub089,,sub089.pkl,1,val,True
sub089.pkl-5-1,sub089.pkl-5-1,sub089,,sub089.pkl,1,val,True
sub089.pkl-5-2,sub089.pkl-5-2,sub089,,sub089.pkl,1,val,True
sub089.pkl-6-0,sub089.pkl-6-0,sub089,,sub089.pkl,2,val,True
sub089.pkl-6-1,sub089.pkl-6-1,sub089,,sub089.pkl,2,val,True
sub089.pkl-6-2,sub089.pkl-6-2,sub089,,sub089.pkl,2,val,True
sub089.pkl-7-0,sub089.pkl-7-0,sub089,,sub089.pkl,2,val,True
sub089.pkl-7-1,sub089.pkl-7-1,sub089,,sub089.pkl,2,val,True
sub089.pkl-7-2,sub089.pkl-7-2,sub089,,sub089.pkl,2,val,True
sub089.pkl-8-0,sub089.pkl-8-0,sub089,,sub089.pkl,2,val,True
sub089.pkl-8-1,sub089.pkl-8-1,sub089,,sub089.pkl,2,val,True
sub089.pkl-8-2,sub089.pkl-8-2,sub089,,sub089.pkl,2,val,True
sub089.pkl-9-0,sub089.pkl-9-0,sub089,,sub089.pkl,3,val,True
sub089.pkl-9-1,sub089.pkl-9-1,sub089,,sub089.pkl,3,val,True
sub089.pkl-9-2,sub089.pkl-9-2,sub089,,sub089.pkl,3,val,True
sub089.pkl-10-0,sub089.pkl-10-0,sub089,,sub089.pkl,3,val,True
sub089.pkl-10-1,sub089.pkl-10-1,sub089,,sub089.pkl,3,val,True
sub089.pkl-10-2,sub089.pkl-10-2,sub089,,sub089.pkl,3,val,True
sub089.pkl-11-0,sub089.pkl-11-0,sub089,,sub089.pkl,3,val,True
sub089.pkl-11-1,sub089.pkl-11-1,sub089,,sub089.pkl,3,val,True
sub089.pkl-11-2,sub089.pkl-11-2,sub089,,sub089.pkl,3,val,True
sub089.pkl-12-0,sub089.pkl-12-0,sub089,,sub089.pkl,4,val,True
sub089.pkl-12-1,sub089.pkl-12-1,sub089,,sub089.pkl,4,val,True
sub089.pkl-12-2,sub089.pkl-12-2,sub089,,sub089.pkl,4,val,True
sub089.pkl-13-0,sub089.pkl-13-0,sub089,,sub089.pkl,4,val,True
sub089.pkl-13-1,sub089.pkl-13-1,sub089,,sub089.pkl,4,val,True
sub089.pkl-13-2,sub089.pkl-13-2,sub089,,sub089.pkl,4,val,True
sub089.pkl-14-0,sub089.pkl-14-0,sub089,,sub089.pkl,4,val,True
sub089.pkl-14-1,sub089.pkl-14-1,sub089,,sub089.pkl,4,val,True
sub089.pkl-14-2,sub089.pkl-14-2,sub089,,sub089.pkl,4,val,True
sub089.pkl-15-0,sub089.pkl-15-0,sub089,,sub089.pkl,4,val,True
sub089.pkl-15-1,sub089.pkl-15-1,sub089,,sub089.pkl,4,val,True
sub089.pkl-15-2,sub089.pkl-15-2,sub089,,sub089.pkl,4,val,True
sub089.pkl-16-0,sub089.pkl-16-0,sub089,,sub089.pkl,5,val,True
sub089.pkl-16-1,sub089.pkl-16-1,sub089,,sub089.pkl,5,val,True
sub089.pkl-16-2,sub089.pkl-16-2,sub089,,sub089.pkl,5,val,True
sub089.pkl-17-0,sub089.pkl-17-0,sub089,,sub089.pkl,5,val,True
sub089.pkl-17-1,sub089.pkl-17-1,sub089,,sub089.pkl,5,val,True
sub089.pkl-17-2,sub089.pkl-17-2,sub089,,sub089.pkl,5,val,True
sub089.pkl-18-0,sub089.pkl-18-0,sub089,,sub089.pkl,5,val,True
sub089.pkl-18-1,sub089.pkl-18-1,sub089,,sub089.pkl,5,val,True
sub089.pkl-18-2,sub089.pkl-18-2,sub089,,sub089.pkl,5,val,True
sub089.pkl-19-0,sub089.pkl-19-0,sub089,,sub089.pkl,6,val,True
sub089.pkl-19-1,sub089.pkl-19-1,sub089,,sub089.pkl,6,val,True
sub089.pkl-19-2,sub089.pkl-19-2,sub089,,sub089.pkl,6,val,True
sub089.pkl-20-0,sub089.pkl-20-0,sub089,,sub089.pkl,6,val,True
sub089.pkl-20-1,sub089.pkl-20-1,sub089,,sub089.pkl,6,val,True
sub089.pkl-20-2,sub089.pkl-20-2,sub089,,sub089.pkl,6,val,True
sub089.pkl-21-0,sub089.pkl-21-0,sub089,,sub089.pkl,6,val,True
sub089.pkl-21-1,sub089.pkl-21-1,sub089,,sub089.pkl,6,val,True
sub089.pkl-21-2,sub089.pkl-21-2,sub089,,sub089.pkl,6,val,True
sub089.pkl-22-0,sub089.pkl-22-0,sub089,,sub089.pkl,7,val,True
sub089.pkl-22-1,sub089.pkl-22-1,sub089,,sub089.pkl,7,val,True
sub089.pkl-22-2,sub089.pkl-22-2,sub089,,sub089.pkl,7,val,True
sub089.pkl-23-0,sub089.pkl-23-0,sub089,,sub089.pkl,7,val,True
sub089.pkl-23-1,sub089.pkl-23-1,sub089,,sub089.pkl,7,val,True
sub089.pkl-23-2,sub089.pkl-23-2,sub089,,sub089.pkl,7,val,True
sub089.pkl-24-0,sub089.pkl-24-0,sub089,,sub089.pkl,7,val,True
sub089.pkl-24-1,sub089.pkl-24-1,sub089,,sub089.pkl,7,val,True
sub089.pkl-24-2,sub089.pkl-24-2,sub089,,sub089.pkl,7,val,True
sub089.pkl-25-0,sub089.pkl-25-0,sub089,,sub089.pkl,8,val,True
sub089.pkl-25-1,sub089.pkl-25-1,sub089,,sub089.pkl,8,val,True
sub089.pkl-25-2,sub089.pkl-25-2,sub089,,sub089.pkl,8,val,True
sub089.pkl-26-0,sub089.pkl-26-0,sub089,,sub089.pkl,8,val,True
sub089.pkl-26-1,sub089.pkl-26-1,sub089,,sub089.pkl,8,val,True
sub089.pkl-26-2,sub089.pkl-26-2,sub089,,sub089.pkl,8,val,True
sub089.pkl-27-0,sub089.pkl-27-0,sub089,,sub089.pkl,8,val,True
sub089.pkl-27-1,sub089.pkl-27-1,sub089,,sub089.pkl,8,val,True
sub089.pkl-27-2,sub089.pkl-27-2,sub089,,sub089.pkl,8,val,True
sub090.pkl-0-0,sub090.pkl-0-0,sub090,,sub090.pkl,0,val,True
sub090.pkl-0-1,sub090.pkl-0-1,sub090,,sub090.pkl,0,val,True
sub090.pkl-0-2,sub090.pkl-0-2,sub090,,sub090.pkl,0,val,True
sub090.pkl-1-0,sub090.pkl-1-0,sub090,,sub090.pkl,0,val,True
sub090.pkl-1-1,sub090.pkl-1-1,sub090,,sub090.pkl,0,val,True
sub090.pkl-1-2,sub090.pkl-1-2,sub090,,sub090.pkl,0,val,True
sub090.pkl-2-0,sub090.pkl-2-0,sub090,,sub090.pkl,0,val,True
sub090.pkl-2-1,sub090.pkl-2-1,sub090,,sub090.pkl,0,val,True
sub090.pkl-2-2,sub090.pkl-2-2,sub090,,sub090.pkl,0,val,True
sub090.pkl-3-0,sub090.pkl-3-0,sub090,,sub090.pkl,1,val,True
sub090.pkl-3-1,sub090.pkl-3-1,sub090,,sub090.pkl,1,val,True
sub090.pkl-3-2,sub090.pkl-3-2,sub090,,sub090.pkl,1,val,True
sub090.pkl-4-0,sub090.pkl-4-0,sub090,,sub090.pkl,1,val,True
sub090.pkl-4-1,sub090.pkl-4-1,sub090,,sub090.pkl,1,val,True
sub090.pkl-4-2,sub090.pkl-4-2,sub090,,sub090.pkl,1,val,True
sub090.pkl-5-0,sub090.pkl-5-0,sub090,,sub090.pkl,1,val,True
sub090.pkl-5-1,sub090.pkl-5-1,sub090,,sub090.pkl,1,val,True
sub090.pkl-5-2,sub090.pkl-5-2,sub090,,sub090.pkl,1,val,True
sub090.pkl-6-0,sub090.pkl-6-0,sub090,,sub090.pkl,2,val,True
sub090.pkl-6-1,sub090.pkl-6-1,sub090,,sub090.pkl,2,val,True
sub090.pkl-6-2,sub090.pkl-6-2,sub090,,sub090.pkl,2,val,True
sub090.pkl-7-0,sub090.pkl-7-0,sub090,,sub090.pkl,2,val,True
sub090.pkl-7-1,sub090.pkl-7-1,sub090,,sub090.pkl,2,val,True
sub090.pkl-7-2,sub090.pkl-7-2,sub090,,sub090.pkl,2,val,True
sub090.pkl-8-0,sub090.pkl-8-0,sub090,,sub090.pkl,2,val,True
sub090.pkl-8-1,sub090.pkl-8-1,sub090,,sub090.pkl,2,val,True
sub090.pkl-8-2,sub090.pkl-8-2,sub090,,sub090.pkl,2,val,True
sub090.pkl-9-0,sub090.pkl-9-0,sub090,,sub090.pkl,3,val,True
sub090.pkl-9-1,sub090.pkl-9-1,sub090,,sub090.pkl,3,val,True
sub090.pkl-9-2,sub090.pkl-9-2,sub090,,sub090.pkl,3,val,True
sub090.pkl-10-0,sub090.pkl-10-0,sub090,,sub090.pkl,3,val,True
sub090.pkl-10-1,sub090.pkl-10-1,sub090,,sub090.pkl,3,val,True
sub090.pkl-10-2,sub090.pkl-10-2,sub090,,sub090.pkl,3,val,True
sub090.pkl-11-0,sub090.pkl-11-0,sub090,,sub090.pkl,3,val,True
sub090.pkl-11-1,sub090.pkl-11-1,sub090,,sub090.pkl,3,val,True
sub090.pkl-11-2,sub090.pkl-11-2,sub090,,sub090.pkl,3,val,True
sub090.pkl-12-0,sub090.pkl-12-0,sub090,,sub090.pkl,4,val,True
sub090.pkl-12-1,sub090.pkl-12-1,sub090,,sub090.pkl,4,val,True
sub090.pkl-12-2,sub090.pkl-12-2,sub090,,sub090.pkl,4,val,True
sub090.pkl-13-0,sub090.pkl-13-0,sub090,,sub090.pkl,4,val,True
sub090.pkl-13-1,sub090.pkl-13-1,sub090,,sub090.pkl,4,val,True
sub090.pkl-13-2,sub090.pkl-13-2,sub090,,sub090.pkl,4,val,True
sub090.pkl-14-0,sub090.pkl-14-0,sub090,,sub090.pkl,4,val,True
sub090.pkl-14-1,sub090.pkl-14-1,sub090,,sub090.pkl,4,val,True
sub090.pkl-14-2,sub090.pkl-14-2,sub090,,sub090.pkl,4,val,True
sub090.pkl-15-0,sub090.pkl-15-0,sub090,,sub090.pkl,4,val,True
sub090.pkl-15-1,sub090.pkl-15-1,sub090,,sub090.pkl,4,val,True
sub090.pkl-15-2,sub090.pkl-15-2,sub090,,sub090.pkl,4,val,True
sub090.pkl-16-0,sub090.pkl-16-0,sub090,,sub090.pkl,5,val,True
sub090.pkl-16-1,sub090.pkl-16-1,sub090,,sub090.pkl,5,val,True
sub090.pkl-16-2,sub090.pkl-16-2,sub090,,sub090.pkl,5,val,True
sub090.pkl-17-0,sub090.pkl-17-0,sub090,,sub090.pkl,5,val,True
sub090.pkl-17-1,sub090.pkl-17-1,sub090,,sub090.pkl,5,val,True
sub090.pkl-17-2,sub090.pkl-17-2,sub090,,sub090.pkl,5,val,True
sub090.pkl-18-0,sub090.pkl-18-0,sub090,,sub090.pkl,5,val,True
sub090.pkl-18-1,sub090.pkl-18-1,sub090,,sub090.pkl,5,val,True
sub090.pkl-18-2,sub090.pkl-18-2,sub090,,sub090.pkl,5,val,True
sub090.pkl-19-0,sub090.pkl-19-0,sub090,,sub090.pkl,6,val,True
sub090.pkl-19-1,sub090.pkl-19-1,sub090,,sub090.pkl,6,val,True
sub090.pkl-19-2,sub090.pkl-19-2,sub090,,sub090.pkl,6,val,True
sub090.pkl-20-0,sub090.pkl-20-0,sub090,,sub090.pkl,6,val,True
sub090.pkl-20-1,sub090.pkl-20-1,sub090,,sub090.pkl,6,val,True
sub090.pkl-20-2,sub090.pkl-20-2,sub090,,sub090.pkl,6,val,True
sub090.pkl-21-0,sub090.pkl-21-0,sub090,,sub090.pkl,6,val,True
sub090.pkl-21-1,sub090.pkl-21-1,sub090,,sub090.pkl,6,val,True
sub090.pkl-21-2,sub090.pkl-21-2,sub090,,sub090.pkl,6,val,True
sub090.pkl-22-0,sub090.pkl-22-0,sub090,,sub090.pkl,7,val,True
sub090.pkl-22-1,sub090.pkl-22-1,sub090,,sub090.pkl,7,val,True
sub090.pkl-22-2,sub090.pkl-22-2,sub090,,sub090.pkl,7,val,True
sub090.pkl-23-0,sub090.pkl-23-0,sub090,,sub090.pkl,7,val,True
sub090.pkl-23-1,sub090.pkl-23-1,sub090,,sub090.pkl,7,val,True
sub090.pkl-23-2,sub090.pkl-23-2,sub090,,sub090.pkl,7,val,True
sub090.pkl-24-0,sub090.pkl-24-0,sub090,,sub090.pkl,7,val,True
sub090.pkl-24-1,sub090.pkl-24-1,sub090,,sub090.pkl,7,val,True
sub090.pkl-24-2,sub090.pkl-24-2,sub090,,sub090.pkl,7,val,True
sub090.pkl-25-0,sub090.pkl-25-0,sub090,,sub090.pkl,8,val,True
sub090.pkl-25-1,sub090.pkl-25-1,sub090,,sub090.pkl,8,val,True
sub090.pkl-25-2,sub090.pkl-25-2,sub090,,sub090.pkl,8,val,True
sub090.pkl-26-0,sub090.pkl-26-0,sub090,,sub090.pkl,8,val,True
sub090.pkl-26-1,sub090.pkl-26-1,sub090,,sub090.pkl,8,val,True
sub090.pkl-26-2,sub090.pkl-26-2,sub090,,sub090.pkl,8,val,True
sub090.pkl-27-0,sub090.pkl-27-0,sub090,,sub090.pkl,8,val,True
sub090.pkl-27-1,sub090.pkl-27-1,sub090,,sub090.pkl,8,val,True
sub090.pkl-27-2,sub090.pkl-27-2,sub090,,sub090.pkl,8,val,True
sub091.pkl-0-0,sub091.pkl-0-0,sub091,,sub091.pkl,0,val,True
sub091.pkl-0-1,sub091.pkl-0-1,sub091,,sub091.pkl,0,val,True
sub091.pkl-0-2,sub091.pkl-0-2,sub091,,sub091.pkl,0,val,True
sub091.pkl-1-0,sub091.pkl-1-0,sub091,,sub091.pkl,0,val,True
sub091.pkl-1-1,sub091.pkl-1-1,sub091,,sub091.pkl,0,val,True
sub091.pkl-1-2,sub091.pkl-1-2,sub091,,sub091.pkl,0,val,True
sub091.pkl-2-0,sub091.pkl-2-0,sub091,,sub091.pkl,0,val,True
sub091.pkl-2-1,sub091.pkl-2-1,sub091,,sub091.pkl,0,val,True
sub091.pkl-2-2,sub091.pkl-2-2,sub091,,sub091.pkl,0,val,True
sub091.pkl-3-0,sub091.pkl-3-0,sub091,,sub091.pkl,1,val,True
sub091.pkl-3-1,sub091.pkl-3-1,sub091,,sub091.pkl,1,val,True
sub091.pkl-3-2,sub091.pkl-3-2,sub091,,sub091.pkl,1,val,True
sub091.pkl-4-0,sub091.pkl-4-0,sub091,,sub091.pkl,1,val,True
sub091.pkl-4-1,sub091.pkl-4-1,sub091,,sub091.pkl,1,val,True
sub091.pkl-4-2,sub091.pkl-4-2,sub091,,sub091.pkl,1,val,True
sub091.pkl-5-0,sub091.pkl-5-0,sub091,,sub091.pkl,1,val,True
sub091.pkl-5-1,sub091.pkl-5-1,sub091,,sub091.pkl,1,val,True
sub091.pkl-5-2,sub091.pkl-5-2,sub091,,sub091.pkl,1,val,True
sub091.pkl-6-0,sub091.pkl-6-0,sub091,,sub091.pkl,2,val,True
sub091.pkl-6-1,sub091.pkl-6-1,sub091,,sub091.pkl,2,val,True
sub091.pkl-6-2,sub091.pkl-6-2,sub091,,sub091.pkl,2,val,True
sub091.pkl-7-0,sub091.pkl-7-0,sub091,,sub091.pkl,2,val,True
sub091.pkl-7-1,sub091.pkl-7-1,sub091,,sub091.pkl,2,val,True
sub091.pkl-7-2,sub091.pkl-7-2,sub091,,sub091.pkl,2,val,True
sub091.pkl-8-0,sub091.pkl-8-0,sub091,,sub091.pkl,2,val,True
sub091.pkl-8-1,sub091.pkl-8-1,sub091,,sub091.pkl,2,val,True
sub091.pkl-8-2,sub091.pkl-8-2,sub091,,sub091.pkl,2,val,True
sub091.pkl-9-0,sub091.pkl-9-0,sub091,,sub091.pkl,3,val,True
sub091.pkl-9-1,sub091.pkl-9-1,sub091,,sub091.pkl,3,val,True
sub091.pkl-9-2,sub091.pkl-9-2,sub091,,sub091.pkl,3,val,True
sub091.pkl-10-0,sub091.pkl-10-0,sub091,,sub091.pkl,3,val,True
sub091.pkl-10-1,sub091.pkl-10-1,sub091,,sub091.pkl,3,val,True
sub091.pkl-10-2,sub091.pkl-10-2,sub091,,sub091.pkl,3,val,True
sub091.pkl-11-0,sub091.pkl-11-0,sub091,,sub091.pkl,3,val,True
sub091.pkl-11-1,sub091.pkl-11-1,sub091,,sub091.pkl,3,val,True
sub091.pkl-11-2,sub091.pkl-11-2,sub091,,sub091.pkl,3,val,True
sub091.pkl-12-0,sub091.pkl-12-0,sub091,,sub091.pkl,4,val,True
sub091.pkl-12-1,sub091.pkl-12-1,sub091,,sub091.pkl,4,val,True
sub091.pkl-12-2,sub091.pkl-12-2,sub091,,sub091.pkl,4,val,True
sub091.pkl-13-0,sub091.pkl-13-0,sub091,,sub091.pkl,4,val,True
sub091.pkl-13-1,sub091.pkl-13-1,sub091,,sub091.pkl,4,val,True
sub091.pkl-13-2,sub091.pkl-13-2,sub091,,sub091.pkl,4,val,True
sub091.pkl-14-0,sub091.pkl-14-0,sub091,,sub091.pkl,4,val,True
sub091.pkl-14-1,sub091.pkl-14-1,sub091,,sub091.pkl,4,val,True
sub091.pkl-14-2,sub091.pkl-14-2,sub091,,sub091.pkl,4,val,True
sub091.pkl-15-0,sub091.pkl-15-0,sub091,,sub091.pkl,4,val,True
sub091.pkl-15-1,sub091.pkl-15-1,sub091,,sub091.pkl,4,val,True
sub091.pkl-15-2,sub091.pkl-15-2,sub091,,sub091.pkl,4,val,True
sub091.pkl-16-0,sub091.pkl-16-0,sub091,,sub091.pkl,5,val,True
sub091.pkl-16-1,sub091.pkl-16-1,sub091,,sub091.pkl,5,val,True
sub091.pkl-16-2,sub091.pkl-16-2,sub091,,sub091.pkl,5,val,True
sub091.pkl-17-0,sub091.pkl-17-0,sub091,,sub091.pkl,5,val,True
sub091.pkl-17-1,sub091.pkl-17-1,sub091,,sub091.pkl,5,val,True
sub091.pkl-17-2,sub091.pkl-17-2,sub091,,sub091.pkl,5,val,True
sub091.pkl-18-0,sub091.pkl-18-0,sub091,,sub091.pkl,5,val,True
sub091.pkl-18-1,sub091.pkl-18-1,sub091,,sub091.pkl,5,val,True
sub091.pkl-18-2,sub091.pkl-18-2,sub091,,sub091.pkl,5,val,True
sub091.pkl-19-0,sub091.pkl-19-0,sub091,,sub091.pkl,6,val,True
sub091.pkl-19-1,sub091.pkl-19-1,sub091,,sub091.pkl,6,val,True
sub091.pkl-19-2,sub091.pkl-19-2,sub091,,sub091.pkl,6,val,True
sub091.pkl-20-0,sub091.pkl-20-0,sub091,,sub091.pkl,6,val,True
sub091.pkl-20-1,sub091.pkl-20-1,sub091,,sub091.pkl,6,val,True
sub091.pkl-20-2,sub091.pkl-20-2,sub091,,sub091.pkl,6,val,True
sub091.pkl-21-0,sub091.pkl-21-0,sub091,,sub091.pkl,6,val,True
sub091.pkl-21-1,sub091.pkl-21-1,sub091,,sub091.pkl,6,val,True
sub091.pkl-21-2,sub091.pkl-21-2,sub091,,sub091.pkl,6,val,True
sub091.pkl-22-0,sub091.pkl-22-0,sub091,,sub091.pkl,7,val,True
sub091.pkl-22-1,sub091.pkl-22-1,sub091,,sub091.pkl,7,val,True
sub091.pkl-22-2,sub091.pkl-22-2,sub091,,sub091.pkl,7,val,True
sub091.pkl-23-0,sub091.pkl-23-0,sub091,,sub091.pkl,7,val,True
sub091.pkl-23-1,sub091.pkl-23-1,sub091,,sub091.pkl,7,val,True
sub091.pkl-23-2,sub091.pkl-23-2,sub091,,sub091.pkl,7,val,True
sub091.pkl-24-0,sub091.pkl-24-0,sub091,,sub091.pkl,7,val,True
sub091.pkl-24-1,sub091.pkl-24-1,sub091,,sub091.pkl,7,val,True
sub091.pkl-24-2,sub091.pkl-24-2,sub091,,sub091.pkl,7,val,True
sub091.pkl-25-0,sub091.pkl-25-0,sub091,,sub091.pkl,8,val,True
sub091.pkl-25-1,sub091.pkl-25-1,sub091,,sub091.pkl,8,val,True
sub091.pkl-25-2,sub091.pkl-25-2,sub091,,sub091.pkl,8,val,True
sub091.pkl-26-0,sub091.pkl-26-0,sub091,,sub091.pkl,8,val,True
sub091.pkl-26-1,sub091.pkl-26-1,sub091,,sub091.pkl,8,val,True
sub091.pkl-26-2,sub091.pkl-26-2,sub091,,sub091.pkl,8,val,True
sub091.pkl-27-0,sub091.pkl-27-0,sub091,,sub091.pkl,8,val,True
sub091.pkl-27-1,sub091.pkl-27-1,sub091,,sub091.pkl,8,val,True
sub091.pkl-27-2,sub091.pkl-27-2,sub091,,sub091.pkl,8,val,True
sub092.pkl-0-0,sub092.pkl-0-0,sub092,,sub092.pkl,0,val,True
sub092.pkl-0-1,sub092.pkl-0-1,sub092,,sub092.pkl,0,val,True
sub092.pkl-0-2,sub092.pkl-0-2,sub092,,sub092.pkl,0,val,True
sub092.pkl-1-0,sub092.pkl-1-0,sub092,,sub092.pkl,0,val,True
sub092.pkl-1-1,sub092.pkl-1-1,sub092,,sub092.pkl,0,val,True
sub092.pkl-1-2,sub092.pkl-1-2,sub092,,sub092.pkl,0,val,True
sub092.pkl-2-0,sub092.pkl-2-0,sub092,,sub092.pkl,0,val,True
sub092.pkl-2-1,sub092.pkl-2-1,sub092,,sub092.pkl,0,val,True
sub092.pkl-2-2,sub092.pkl-2-2,sub092,,sub092.pkl,0,val,True
sub092.pkl-3-0,sub092.pkl-3-0,sub092,,sub092.pkl,1,val,True
sub092.pkl-3-1,sub092.pkl-3-1,sub092,,sub092.pkl,1,val,True
sub092.pkl-3-2,sub092.pkl-3-2,sub092,,sub092.pkl,1,val,True
sub092.pkl-4-0,sub092.pkl-4-0,sub092,,sub092.pkl,1,val,True
sub092.pkl-4-1,sub092.pkl-4-1,sub092,,sub092.pkl,1,val,True
sub092.pkl-4-2,sub092.pkl-4-2,sub092,,sub092.pkl,1,val,True
sub092.pkl-5-0,sub092.pkl-5-0,sub092,,sub092.pkl,1,val,True
sub092.pkl-5-1,sub092.pkl-5-1,sub092,,sub092.pkl,1,val,True
sub092.pkl-5-2,sub092.pkl-5-2,sub092,,sub092.pkl,1,val,True
sub092.pkl-6-0,sub092.pkl-6-0,sub092,,sub092.pkl,2,val,True
sub092.pkl-6-1,sub092.pkl-6-1,sub092,,sub092.pkl,2,val,True
sub092.pkl-6-2,sub092.pkl-6-2,sub092,,sub092.pkl,2,val,True
sub092.pkl-7-0,sub092.pkl-7-0,sub092,,sub092.pkl,2,val,True
sub092.pkl-7-1,sub092.pkl-7-1,sub092,,sub092.pkl,2,val,True
sub092.pkl-7-2,sub092.pkl-7-2,sub092,,sub092.pkl,2,val,True
sub092.pkl-8-0,sub092.pkl-8-0,sub092,,sub092.pkl,2,val,True
sub092.pkl-8-1,sub092.pkl-8-1,sub092,,sub092.pkl,2,val,True
sub092.pkl-8-2,sub092.pkl-8-2,sub092,,sub092.pkl,2,val,True
sub092.pkl-9-0,sub092.pkl-9-0,sub092,,sub092.pkl,3,val,True
sub092.pkl-9-1,sub092.pkl-9-1,sub092,,sub092.pkl,3,val,True
sub092.pkl-9-2,sub092.pkl-9-2,sub092,,sub092.pkl,3,val,True
sub092.pkl-10-0,sub092.pkl-10-0,sub092,,sub092.pkl,3,val,True
sub092.pkl-10-1,sub092.pkl-10-1,sub092,,sub092.pkl,3,val,True
sub092.pkl-10-2,sub092.pkl-10-2,sub092,,sub092.pkl,3,val,True
sub092.pkl-11-0,sub092.pkl-11-0,sub092,,sub092.pkl,3,val,True
sub092.pkl-11-1,sub092.pkl-11-1,sub092,,sub092.pkl,3,val,True
sub092.pkl-11-2,sub092.pkl-11-2,sub092,,sub092.pkl,3,val,True
sub092.pkl-12-0,sub092.pkl-12-0,sub092,,sub092.pkl,4,val,True
sub092.pkl-12-1,sub092.pkl-12-1,sub092,,sub092.pkl,4,val,True
sub092.pkl-12-2,sub092.pkl-12-2,sub092,,sub092.pkl,4,val,True
sub092.pkl-13-0,sub092.pkl-13-0,sub092,,sub092.pkl,4,val,True
sub092.pkl-13-1,sub092.pkl-13-1,sub092,,sub092.pkl,4,val,True
sub092.pkl-13-2,sub092.pkl-13-2,sub092,,sub092.pkl,4,val,True
sub092.pkl-14-0,sub092.pkl-14-0,sub092,,sub092.pkl,4,val,True
sub092.pkl-14-1,sub092.pkl-14-1,sub092,,sub092.pkl,4,val,True
sub092.pkl-14-2,sub092.pkl-14-2,sub092,,sub092.pkl,4,val,True
sub092.pkl-15-0,sub092.pkl-15-0,sub092,,sub092.pkl,4,val,True
sub092.pkl-15-1,sub092.pkl-15-1,sub092,,sub092.pkl,4,val,True
sub092.pkl-15-2,sub092.pkl-15-2,sub092,,sub092.pkl,4,val,True
sub092.pkl-16-0,sub092.pkl-16-0,sub092,,sub092.pkl,5,val,True
sub092.pkl-16-1,sub092.pkl-16-1,sub092,,sub092.pkl,5,val,True
sub092.pkl-16-2,sub092.pkl-16-2,sub092,,sub092.pkl,5,val,True
sub092.pkl-17-0,sub092.pkl-17-0,sub092,,sub092.pkl,5,val,True
sub092.pkl-17-1,sub092.pkl-17-1,sub092,,sub092.pkl,5,val,True
sub092.pkl-17-2,sub092.pkl-17-2,sub092,,sub092.pkl,5,val,True
sub092.pkl-18-0,sub092.pkl-18-0,sub092,,sub092.pkl,5,val,True
sub092.pkl-18-1,sub092.pkl-18-1,sub092,,sub092.pkl,5,val,True
sub092.pkl-18-2,sub092.pkl-18-2,sub092,,sub092.pkl,5,val,True
sub092.pkl-19-0,sub092.pkl-19-0,sub092,,sub092.pkl,6,val,True
sub092.pkl-19-1,sub092.pkl-19-1,sub092,,sub092.pkl,6,val,True
sub092.pkl-19-2,sub092.pkl-19-2,sub092,,sub092.pkl,6,val,True
sub092.pkl-20-0,sub092.pkl-20-0,sub092,,sub092.pkl,6,val,True
sub092.pkl-20-1,sub092.pkl-20-1,sub092,,sub092.pkl,6,val,True
sub092.pkl-20-2,sub092.pkl-20-2,sub092,,sub092.pkl,6,val,True
sub092.pkl-21-0,sub092.pkl-21-0,sub092,,sub092.pkl,6,val,True
sub092.pkl-21-1,sub092.pkl-21-1,sub092,,sub092.pkl,6,val,True
sub092.pkl-21-2,sub092.pkl-21-2,sub092,,sub092.pkl,6,val,True
sub092.pkl-22-0,sub092.pkl-22-0,sub092,,sub092.pkl,7,val,True
sub092.pkl-22-1,sub092.pkl-22-1,sub092,,sub092.pkl,7,val,True
sub092.pkl-22-2,sub092.pkl-22-2,sub092,,sub092.pkl,7,val,True
sub092.pkl-23-0,sub092.pkl-23-0,sub092,,sub092.pkl,7,val,True
sub092.pkl-23-1,sub092.pkl-23-1,sub092,,sub092.pkl,7,val,True
sub092.pkl-23-2,sub092.pkl-23-2,sub092,,sub092.pkl,7,val,True
sub092.pkl-24-0,sub092.pkl-24-0,sub092,,sub092.pkl,7,val,True
sub092.pkl-24-1,sub092.pkl-24-1,sub092,,sub092.pkl,7,val,True
sub092.pkl-24-2,sub092.pkl-24-2,sub092,,sub092.pkl,7,val,True
sub092.pkl-25-0,sub092.pkl-25-0,sub092,,sub092.pkl,8,val,True
sub092.pkl-25-1,sub092.pkl-25-1,sub092,,sub092.pkl,8,val,True
sub092.pkl-25-2,sub092.pkl-25-2,sub092,,sub092.pkl,8,val,True
sub092.pkl-26-0,sub092.pkl-26-0,sub092,,sub092.pkl,8,val,True
sub092.pkl-26-1,sub092.pkl-26-1,sub092,,sub092.pkl,8,val,True
sub092.pkl-26-2,sub092.pkl-26-2,sub092,,sub092.pkl,8,val,True
sub092.pkl-27-0,sub092.pkl-27-0,sub092,,sub092.pkl,8,val,True
sub092.pkl-27-1,sub092.pkl-27-1,sub092,,sub092.pkl,8,val,True
sub092.pkl-27-2,sub092.pkl-27-2,sub092,,sub092.pkl,8,val,True
sub093.pkl-0-0,sub093.pkl-0-0,sub093,,sub093.pkl,0,val,True
sub093.pkl-0-1,sub093.pkl-0-1,sub093,,sub093.pkl,0,val,True
sub093.pkl-0-2,sub093.pkl-0-2,sub093,,sub093.pkl,0,val,True
sub093.pkl-1-0,sub093.pkl-1-0,sub093,,sub093.pkl,0,val,True
sub093.pkl-1-1,sub093.pkl-1-1,sub093,,sub093.pkl,0,val,True
sub093.pkl-1-2,sub093.pkl-1-2,sub093,,sub093.pkl,0,val,True
sub093.pkl-2-0,sub093.pkl-2-0,sub093,,sub093.pkl,0,val,True
sub093.pkl-2-1,sub093.pkl-2-1,sub093,,sub093.pkl,0,val,True
sub093.pkl-2-2,sub093.pkl-2-2,sub093,,sub093.pkl,0,val,True
sub093.pkl-3-0,sub093.pkl-3-0,sub093,,sub093.pkl,1,val,True
sub093.pkl-3-1,sub093.pkl-3-1,sub093,,sub093.pkl,1,val,True
sub093.pkl-3-2,sub093.pkl-3-2,sub093,,sub093.pkl,1,val,True
sub093.pkl-4-0,sub093.pkl-4-0,sub093,,sub093.pkl,1,val,True
sub093.pkl-4-1,sub093.pkl-4-1,sub093,,sub093.pkl,1,val,True
sub093.pkl-4-2,sub093.pkl-4-2,sub093,,sub093.pkl,1,val,True
sub093.pkl-5-0,sub093.pkl-5-0,sub093,,sub093.pkl,1,val,True
sub093.pkl-5-1,sub093.pkl-5-1,sub093,,sub093.pkl,1,val,True
sub093.pkl-5-2,sub093.pkl-5-2,sub093,,sub093.pkl,1,val,True
sub093.pkl-6-0,sub093.pkl-6-0,sub093,,sub093.pkl,2,val,True
sub093.pkl-6-1,sub093.pkl-6-1,sub093,,sub093.pkl,2,val,True
sub093.pkl-6-2,sub093.pkl-6-2,sub093,,sub093.pkl,2,val,True
sub093.pkl-7-0,sub093.pkl-7-0,sub093,,sub093.pkl,2,val,True
sub093.pkl-7-1,sub093.pkl-7-1,sub093,,sub093.pkl,2,val,True
sub093.pkl-7-2,sub093.pkl-7-2,sub093,,sub093.pkl,2,val,True
sub093.pkl-8-0,sub093.pkl-8-0,sub093,,sub093.pkl,2,val,True
sub093.pkl-8-1,sub093.pkl-8-1,sub093,,sub093.pkl,2,val,True
sub093.pkl-8-2,sub093.pkl-8-2,sub093,,sub093.pkl,2,val,True
sub093.pkl-9-0,sub093.pkl-9-0,sub093,,sub093.pkl,3,val,True
sub093.pkl-9-1,sub093.pkl-9-1,sub093,,sub093.pkl,3,val,True
sub093.pkl-9-2,sub093.pkl-9-2,sub093,,sub093.pkl,3,val,True
sub093.pkl-10-0,sub093.pkl-10-0,sub093,,sub093.pkl,3,val,True
sub093.pkl-10-1,sub093.pkl-10-1,sub093,,sub093.pkl,3,val,True
sub093.pkl-10-2,sub093.pkl-10-2,sub093,,sub093.pkl,3,val,True
sub093.pkl-11-0,sub093.pkl-11-0,sub093,,sub093.pkl,3,val,True
sub093.pkl-11-1,sub093.pkl-11-1,sub093,,sub093.pkl,3,val,True
sub093.pkl-11-2,sub093.pkl-11-2,sub093,,sub093.pkl,3,val,True
sub093.pkl-12-0,sub093.pkl-12-0,sub093,,sub093.pkl,4,val,True
sub093.pkl-12-1,sub093.pkl-12-1,sub093,,sub093.pkl,4,val,True
sub093.pkl-12-2,sub093.pkl-12-2,sub093,,sub093.pkl,4,val,True
sub093.pkl-13-0,sub093.pkl-13-0,sub093,,sub093.pkl,4,val,True
sub093.pkl-13-1,sub093.pkl-13-1,sub093,,sub093.pkl,4,val,True
sub093.pkl-13-2,sub093.pkl-13-2,sub093,,sub093.pkl,4,val,True
sub093.pkl-14-0,sub093.pkl-14-0,sub093,,sub093.pkl,4,val,True
sub093.pkl-14-1,sub093.pkl-14-1,sub093,,sub093.pkl,4,val,True
sub093.pkl-14-2,sub093.pkl-14-2,sub093,,sub093.pkl,4,val,True
sub093.pkl-15-0,sub093.pkl-15-0,sub093,,sub093.pkl,4,val,True
sub093.pkl-15-1,sub093.pkl-15-1,sub093,,sub093.pkl,4,val,True
sub093.pkl-15-2,sub093.pkl-15-2,sub093,,sub093.pkl,4,val,True
sub093.pkl-16-0,sub093.pkl-16-0,sub093,,sub093.pkl,5,val,True
sub093.pkl-16-1,sub093.pkl-16-1,sub093,,sub093.pkl,5,val,True
sub093.pkl-16-2,sub093.pkl-16-2,sub093,,sub093.pkl,5,val,True
sub093.pkl-17-0,sub093.pkl-17-0,sub093,,sub093.pkl,5,val,True
sub093.pkl-17-1,sub093.pkl-17-1,sub093,,sub093.pkl,5,val,True
sub093.pkl-17-2,sub093.pkl-17-2,sub093,,sub093.pkl,5,val,True
sub093.pkl-18-0,sub093.pkl-18-0,sub093,,sub093.pkl,5,val,True
sub093.pkl-18-1,sub093.pkl-18-1,sub093,,sub093.pkl,5,val,True
sub093.pkl-18-2,sub093.pkl-18-2,sub093,,sub093.pkl,5,val,True
sub093.pkl-19-0,sub093.pkl-19-0,sub093,,sub093.pkl,6,val,True
sub093.pkl-19-1,sub093.pkl-19-1,sub093,,sub093.pkl,6,val,True
sub093.pkl-19-2,sub093.pkl-19-2,sub093,,sub093.pkl,6,val,True
sub093.pkl-20-0,sub093.pkl-20-0,sub093,,sub093.pkl,6,val,True
sub093.pkl-20-1,sub093.pkl-20-1,sub093,,sub093.pkl,6,val,True
sub093.pkl-20-2,sub093.pkl-20-2,sub093,,sub093.pkl,6,val,True
sub093.pkl-21-0,sub093.pkl-21-0,sub093,,sub093.pkl,6,val,True
sub093.pkl-21-1,sub093.pkl-21-1,sub093,,sub093.pkl,6,val,True
sub093.pkl-21-2,sub093.pkl-21-2,sub093,,sub093.pkl,6,val,True
sub093.pkl-22-0,sub093.pkl-22-0,sub093,,sub093.pkl,7,val,True
sub093.pkl-22-1,sub093.pkl-22-1,sub093,,sub093.pkl,7,val,True
sub093.pkl-22-2,sub093.pkl-22-2,sub093,,sub093.pkl,7,val,True
sub093.pkl-23-0,sub093.pkl-23-0,sub093,,sub093.pkl,7,val,True
sub093.pkl-23-1,sub093.pkl-23-1,sub093,,sub093.pkl,7,val,True
sub093.pkl-23-2,sub093.pkl-23-2,sub093,,sub093.pkl,7,val,True
sub093.pkl-24-0,sub093.pkl-24-0,sub093,,sub093.pkl,7,val,True
sub093.pkl-24-1,sub093.pkl-24-1,sub093,,sub093.pkl,7,val,True
sub093.pkl-24-2,sub093.pkl-24-2,sub093,,sub093.pkl,7,val,True
sub093.pkl-25-0,sub093.pkl-25-0,sub093,,sub093.pkl,8,val,True
sub093.pkl-25-1,sub093.pkl-25-1,sub093,,sub093.pkl,8,val,True
sub093.pkl-25-2,sub093.pkl-25-2,sub093,,sub093.pkl,8,val,True
sub093.pkl-26-0,sub093.pkl-26-0,sub093,,sub093.pkl,8,val,True
sub093.pkl-26-1,sub093.pkl-26-1,sub093,,sub093.pkl,8,val,True
sub093.pkl-26-2,sub093.pkl-26-2,sub093,,sub093.pkl,8,val,True
sub093.pkl-27-0,sub093.pkl-27-0,sub093,,sub093.pkl,8,val,True
sub093.pkl-27-1,sub093.pkl-27-1,sub093,,sub093.pkl,8,val,True
sub093.pkl-27-2,sub093.pkl-27-2,sub093,,sub093.pkl,8,val,True
sub094.pkl-0-0,sub094.pkl-0-0,sub094,,sub094.pkl,0,val,True
sub094.pkl-0-1,sub094.pkl-0-1,sub094,,sub094.pkl,0,val,True
sub094.pkl-0-2,sub094.pkl-0-2,sub094,,sub094.pkl,0,val,True
sub094.pkl-1-0,sub094.pkl-1-0,sub094,,sub094.pkl,0,val,True
sub094.pkl-1-1,sub094.pkl-1-1,sub094,,sub094.pkl,0,val,True
sub094.pkl-1-2,sub094.pkl-1-2,sub094,,sub094.pkl,0,val,True
sub094.pkl-2-0,sub094.pkl-2-0,sub094,,sub094.pkl,0,val,True
sub094.pkl-2-1,sub094.pkl-2-1,sub094,,sub094.pkl,0,val,True
sub094.pkl-2-2,sub094.pkl-2-2,sub094,,sub094.pkl,0,val,True
sub094.pkl-3-0,sub094.pkl-3-0,sub094,,sub094.pkl,1,val,True
sub094.pkl-3-1,sub094.pkl-3-1,sub094,,sub094.pkl,1,val,True
sub094.pkl-3-2,sub094.pkl-3-2,sub094,,sub094.pkl,1,val,True
sub094.pkl-4-0,sub094.pkl-4-0,sub094,,sub094.pkl,1,val,True
sub094.pkl-4-1,sub094.pkl-4-1,sub094,,sub094.pkl,1,val,True
sub094.pkl-4-2,sub094.pkl-4-2,sub094,,sub094.pkl,1,val,True
sub094.pkl-5-0,sub094.pkl-5-0,sub094,,sub094.pkl,1,val,True
sub094.pkl-5-1,sub094.pkl-5-1,sub094,,sub094.pkl,1,val,True
sub094.pkl-5-2,sub094.pkl-5-2,sub094,,sub094.pkl,1,val,True
sub094.pkl-6-0,sub094.pkl-6-0,sub094,,sub094.pkl,2,val,True
sub094.pkl-6-1,sub094.pkl-6-1,sub094,,sub094.pkl,2,val,True
sub094.pkl-6-2,sub094.pkl-6-2,sub094,,sub094.pkl,2,val,True
sub094.pkl-7-0,sub094.pkl-7-0,sub094,,sub094.pkl,2,val,True
sub094.pkl-7-1,sub094.pkl-7-1,sub094,,sub094.pkl,2,val,True
sub094.pkl-7-2,sub094.pkl-7-2,sub094,,sub094.pkl,2,val,True
sub094.pkl-8-0,sub094.pkl-8-0,sub094,,sub094.pkl,2,val,True
sub094.pkl-8-1,sub094.pkl-8-1,sub094,,sub094.pkl,2,val,True
sub094.pkl-8-2,sub094.pkl-8-2,sub094,,sub094.pkl,2,val,True
sub094.pkl-9-0,sub094.pkl-9-0,sub094,,sub094.pkl,3,val,True
sub094.pkl-9-1,sub094.pkl-9-1,sub094,,sub094.pkl,3,val,True
sub094.pkl-9-2,sub094.pkl-9-2,sub094,,sub094.pkl,3,val,True
sub094.pkl-10-0,sub094.pkl-10-0,sub094,,sub094.pkl,3,val,True
sub094.pkl-10-1,sub094.pkl-10-1,sub094,,sub094.pkl,3,val,True
sub094.pkl-10-2,sub094.pkl-10-2,sub094,,sub094.pkl,3,val,True
sub094.pkl-11-0,sub094.pkl-11-0,sub094,,sub094.pkl,3,val,True
sub094.pkl-11-1,sub094.pkl-11-1,sub094,,sub094.pkl,3,val,True
sub094.pkl-11-2,sub094.pkl-11-2,sub094,,sub094.pkl,3,val,True
sub094.pkl-12-0,sub094.pkl-12-0,sub094,,sub094.pkl,4,val,True
sub094.pkl-12-1,sub094.pkl-12-1,sub094,,sub094.pkl,4,val,True
sub094.pkl-12-2,sub094.pkl-12-2,sub094,,sub094.pkl,4,val,True
sub094.pkl-13-0,sub094.pkl-13-0,sub094,,sub094.pkl,4,val,True
sub094.pkl-13-1,sub094.pkl-13-1,sub094,,sub094.pkl,4,val,True
sub094.pkl-13-2,sub094.pkl-13-2,sub094,,sub094.pkl,4,val,True
sub094.pkl-14-0,sub094.pkl-14-0,sub094,,sub094.pkl,4,val,True
sub094.pkl-14-1,sub094.pkl-14-1,sub094,,sub094.pkl,4,val,True
sub094.pkl-14-2,sub094.pkl-14-2,sub094,,sub094.pkl,4,val,True
sub094.pkl-15-0,sub094.pkl-15-0,sub094,,sub094.pkl,4,val,True
sub094.pkl-15-1,sub094.pkl-15-1,sub094,,sub094.pkl,4,val,True
sub094.pkl-15-2,sub094.pkl-15-2,sub094,,sub094.pkl,4,val,True
sub094.pkl-16-0,sub094.pkl-16-0,sub094,,sub094.pkl,5,val,True
sub094.pkl-16-1,sub094.pkl-16-1,sub094,,sub094.pkl,5,val,True
sub094.pkl-16-2,sub094.pkl-16-2,sub094,,sub094.pkl,5,val,True
sub094.pkl-17-0,sub094.pkl-17-0,sub094,,sub094.pkl,5,val,True
sub094.pkl-17-1,sub094.pkl-17-1,sub094,,sub094.pkl,5,val,True
sub094.pkl-17-2,sub094.pkl-17-2,sub094,,sub094.pkl,5,val,True
sub094.pkl-18-0,sub094.pkl-18-0,sub094,,sub094.pkl,5,val,True
sub094.pkl-18-1,sub094.pkl-18-1,sub094,,sub094.pkl,5,val,True
sub094.pkl-18-2,sub094.pkl-18-2,sub094,,sub094.pkl,5,val,True
sub094.pkl-19-0,sub094.pkl-19-0,sub094,,sub094.pkl,6,val,True
sub094.pkl-19-1,sub094.pkl-19-1,sub094,,sub094.pkl,6,val,True
sub094.pkl-19-2,sub094.pkl-19-2,sub094,,sub094.pkl,6,val,True
sub094.pkl-20-0,sub094.pkl-20-0,sub094,,sub094.pkl,6,val,True
sub094.pkl-20-1,sub094.pkl-20-1,sub094,,sub094.pkl,6,val,True
sub094.pkl-20-2,sub094.pkl-20-2,sub094,,sub094.pkl,6,val,True
sub094.pkl-21-0,sub094.pkl-21-0,sub094,,sub094.pkl,6,val,True
sub094.pkl-21-1,sub094.pkl-21-1,sub094,,sub094.pkl,6,val,True
sub094.pkl-21-2,sub094.pkl-21-2,sub094,,sub094.pkl,6,val,True
sub094.pkl-22-0,sub094.pkl-22-0,sub094,,sub094.pkl,7,val,True
sub094.pkl-22-1,sub094.pkl-22-1,sub094,,sub094.pkl,7,val,True
sub094.pkl-22-2,sub094.pkl-22-2,sub094,,sub094.pkl,7,val,True
sub094.pkl-23-0,sub094.pkl-23-0,sub094,,sub094.pkl,7,val,True
sub094.pkl-23-1,sub094.pkl-23-1,sub094,,sub094.pkl,7,val,True
sub094.pkl-23-2,sub094.pkl-23-2,sub094,,sub094.pkl,7,val,True
sub094.pkl-24-0,sub094.pkl-24-0,sub094,,sub094.pkl,7,val,True
sub094.pkl-24-1,sub094.pkl-24-1,sub094,,sub094.pkl,7,val,True
sub094.pkl-24-2,sub094.pkl-24-2,sub094,,sub094.pkl,7,val,True
sub094.pkl-25-0,sub094.pkl-25-0,sub094,,sub094.pkl,8,val,True
sub094.pkl-25-1,sub094.pkl-25-1,sub094,,sub094.pkl,8,val,True
sub094.pkl-25-2,sub094.pkl-25-2,sub094,,sub094.pkl,8,val,True
sub094.pkl-26-0,sub094.pkl-26-0,sub094,,sub094.pkl,8,val,True
sub094.pkl-26-1,sub094.pkl-26-1,sub094,,sub094.pkl,8,val,True
sub094.pkl-26-2,sub094.pkl-26-2,sub094,,sub094.pkl,8,val,True
sub094.pkl-27-0,sub094.pkl-27-0,sub094,,sub094.pkl,8,val,True
sub094.pkl-27-1,sub094.pkl-27-1,sub094,,sub094.pkl,8,val,True
sub094.pkl-27-2,sub094.pkl-27-2,sub094,,sub094.pkl,8,val,True
sub095.pkl-0-0,sub095.pkl-0-0,sub095,,sub095.pkl,0,val,True
sub095.pkl-0-1,sub095.pkl-0-1,sub095,,sub095.pkl,0,val,True
sub095.pkl-0-2,sub095.pkl-0-2,sub095,,sub095.pkl,0,val,True
sub095.pkl-1-0,sub095.pkl-1-0,sub095,,sub095.pkl,0,val,True
sub095.pkl-1-1,sub095.pkl-1-1,sub095,,sub095.pkl,0,val,True
sub095.pkl-1-2,sub095.pkl-1-2,sub095,,sub095.pkl,0,val,True
sub095.pkl-2-0,sub095.pkl-2-0,sub095,,sub095.pkl,0,val,True
sub095.pkl-2-1,sub095.pkl-2-1,sub095,,sub095.pkl,0,val,True
sub095.pkl-2-2,sub095.pkl-2-2,sub095,,sub095.pkl,0,val,True
sub095.pkl-3-0,sub095.pkl-3-0,sub095,,sub095.pkl,1,val,True
sub095.pkl-3-1,sub095.pkl-3-1,sub095,,sub095.pkl,1,val,True
sub095.pkl-3-2,sub095.pkl-3-2,sub095,,sub095.pkl,1,val,True
sub095.pkl-4-0,sub095.pkl-4-0,sub095,,sub095.pkl,1,val,True
sub095.pkl-4-1,sub095.pkl-4-1,sub095,,sub095.pkl,1,val,True
sub095.pkl-4-2,sub095.pkl-4-2,sub095,,sub095.pkl,1,val,True
sub095.pkl-5-0,sub095.pkl-5-0,sub095,,sub095.pkl,1,val,True
sub095.pkl-5-1,sub095.pkl-5-1,sub095,,sub095.pkl,1,val,True
sub095.pkl-5-2,sub095.pkl-5-2,sub095,,sub095.pkl,1,val,True
sub095.pkl-6-0,sub095.pkl-6-0,sub095,,sub095.pkl,2,val,True
sub095.pkl-6-1,sub095.pkl-6-1,sub095,,sub095.pkl,2,val,True
sub095.pkl-6-2,sub095.pkl-6-2,sub095,,sub095.pkl,2,val,True
sub095.pkl-7-0,sub095.pkl-7-0,sub095,,sub095.pkl,2,val,True
sub095.pkl-7-1,sub095.pkl-7-1,sub095,,sub095.pkl,2,val,True
sub095.pkl-7-2,sub095.pkl-7-2,sub095,,sub095.pkl,2,val,True
sub095.pkl-8-0,sub095.pkl-8-0,sub095,,sub095.pkl,2,val,True
sub095.pkl-8-1,sub095.pkl-8-1,sub095,,sub095.pkl,2,val,True
sub095.pkl-8-2,sub095.pkl-8-2,sub095,,sub095.pkl,2,val,True
sub095.pkl-9-0,sub095.pkl-9-0,sub095,,sub095.pkl,3,val,True
sub095.pkl-9-1,sub095.pkl-9-1,sub095,,sub095.pkl,3,val,True
sub095.pkl-9-2,sub095.pkl-9-2,sub095,,sub095.pkl,3,val,True
sub095.pkl-10-0,sub095.pkl-10-0,sub095,,sub095.pkl,3,val,True
sub095.pkl-10-1,sub095.pkl-10-1,sub095,,sub095.pkl,3,val,True
sub095.pkl-10-2,sub095.pkl-10-2,sub095,,sub095.pkl,3,val,True
sub095.pkl-11-0,sub095.pkl-11-0,sub095,,sub095.pkl,3,val,True
sub095.pkl-11-1,sub095.pkl-11-1,sub095,,sub095.pkl,3,val,True
sub095.pkl-11-2,sub095.pkl-11-2,sub095,,sub095.pkl,3,val,True
sub095.pkl-12-0,sub095.pkl-12-0,sub095,,sub095.pkl,4,val,True
sub095.pkl-12-1,sub095.pkl-12-1,sub095,,sub095.pkl,4,val,True
sub095.pkl-12-2,sub095.pkl-12-2,sub095,,sub095.pkl,4,val,True
sub095.pkl-13-0,sub095.pkl-13-0,sub095,,sub095.pkl,4,val,True
sub095.pkl-13-1,sub095.pkl-13-1,sub095,,sub095.pkl,4,val,True
sub095.pkl-13-2,sub095.pkl-13-2,sub095,,sub095.pkl,4,val,True
sub095.pkl-14-0,sub095.pkl-14-0,sub095,,sub095.pkl,4,val,True
sub095.pkl-14-1,sub095.pkl-14-1,sub095,,sub095.pkl,4,val,True
sub095.pkl-14-2,sub095.pkl-14-2,sub095,,sub095.pkl,4,val,True
sub095.pkl-15-0,sub095.pkl-15-0,sub095,,sub095.pkl,4,val,True
sub095.pkl-15-1,sub095.pkl-15-1,sub095,,sub095.pkl,4,val,True
sub095.pkl-15-2,sub095.pkl-15-2,sub095,,sub095.pkl,4,val,True
sub095.pkl-16-0,sub095.pkl-16-0,sub095,,sub095.pkl,5,val,True
sub095.pkl-16-1,sub095.pkl-16-1,sub095,,sub095.pkl,5,val,True
sub095.pkl-16-2,sub095.pkl-16-2,sub095,,sub095.pkl,5,val,True
sub095.pkl-17-0,sub095.pkl-17-0,sub095,,sub095.pkl,5,val,True
sub095.pkl-17-1,sub095.pkl-17-1,sub095,,sub095.pkl,5,val,True
sub095.pkl-17-2,sub095.pkl-17-2,sub095,,sub095.pkl,5,val,True
sub095.pkl-18-0,sub095.pkl-18-0,sub095,,sub095.pkl,5,val,True
sub095.pkl-18-1,sub095.pkl-18-1,sub095,,sub095.pkl,5,val,True
sub095.pkl-18-2,sub095.pkl-18-2,sub095,,sub095.pkl,5,val,True
sub095.pkl-19-0,sub095.pkl-19-0,sub095,,sub095.pkl,6,val,True
sub095.pkl-19-1,sub095.pkl-19-1,sub095,,sub095.pkl,6,val,True
sub095.pkl-19-2,sub095.pkl-19-2,sub095,,sub095.pkl,6,val,True
sub095.pkl-20-0,sub095.pkl-20-0,sub095,,sub095.pkl,6,val,True
sub095.pkl-20-1,sub095.pkl-20-1,sub095,,sub095.pkl,6,val,True
sub095.pkl-20-2,sub095.pkl-20-2,sub095,,sub095.pkl,6,val,True
sub095.pkl-21-0,sub095.pkl-21-0,sub095,,sub095.pkl,6,val,True
sub095.pkl-21-1,sub095.pkl-21-1,sub095,,sub095.pkl,6,val,True
sub095.pkl-21-2,sub095.pkl-21-2,sub095,,sub095.pkl,6,val,True
sub095.pkl-22-0,sub095.pkl-22-0,sub095,,sub095.pkl,7,val,True
sub095.pkl-22-1,sub095.pkl-22-1,sub095,,sub095.pkl,7,val,True
sub095.pkl-22-2,sub095.pkl-22-2,sub095,,sub095.pkl,7,val,True
sub095.pkl-23-0,sub095.pkl-23-0,sub095,,sub095.pkl,7,val,True
sub095.pkl-23-1,sub095.pkl-23-1,sub095,,sub095.pkl,7,val,True
sub095.pkl-23-2,sub095.pkl-23-2,sub095,,sub095.pkl,7,val,True
sub095.pkl-24-0,sub095.pkl-24-0,sub095,,sub095.pkl,7,val,True
sub095.pkl-24-1,sub095.pkl-24-1,sub095,,sub095.pkl,7,val,True
sub095.pkl-24-2,sub095.pkl-24-2,sub095,,sub095.pkl,7,val,True
sub095.pkl-25-0,sub095.pkl-25-0,sub095,,sub095.pkl,8,val,True
sub095.pkl-25-1,sub095.pkl-25-1,sub095,,sub095.pkl,8,val,True
sub095.pkl-25-2,sub095.pkl-25-2,sub095,,sub095.pkl,8,val,True
sub095.pkl-26-0,sub095.pkl-26-0,sub095,,sub095.pkl,8,val,True
sub095.pkl-26-1,sub095.pkl-26-1,sub095,,sub095.pkl,8,val,True
sub095.pkl-26-2,sub095.pkl-26-2,sub095,,sub095.pkl,8,val,True
sub095.pkl-27-0,sub095.pkl-27-0,sub095,,sub095.pkl,8,val,True
sub095.pkl-27-1,sub095.pkl-27-1,sub095,,sub095.pkl,8,val,True
sub095.pkl-27-2,sub095.pkl-27-2,sub095,,sub095.pkl,8,val,True
sub096.pkl-0-0,sub096.pkl-0-0,sub096,,sub096.pkl,0,val,True
sub096.pkl-0-1,sub096.pkl-0-1,sub096,,sub096.pkl,0,val,True
sub096.pkl-0-2,sub096.pkl-0-2,sub096,,sub096.pkl,0,val,True
sub096.pkl-1-0,sub096.pkl-1-0,sub096,,sub096.pkl,0,val,True
sub096.pkl-1-1,sub096.pkl-1-1,sub096,,sub096.pkl,0,val,True
sub096.pkl-1-2,sub096.pkl-1-2,sub096,,sub096.pkl,0,val,True
sub096.pkl-2-0,sub096.pkl-2-0,sub096,,sub096.pkl,0,val,True
sub096.pkl-2-1,sub096.pkl-2-1,sub096,,sub096.pkl,0,val,True
sub096.pkl-2-2,sub096.pkl-2-2,sub096,,sub096.pkl,0,val,True
sub096.pkl-3-0,sub096.pkl-3-0,sub096,,sub096.pkl,1,val,True
sub096.pkl-3-1,sub096.pkl-3-1,sub096,,sub096.pkl,1,val,True
sub096.pkl-3-2,sub096.pkl-3-2,sub096,,sub096.pkl,1,val,True
sub096.pkl-4-0,sub096.pkl-4-0,sub096,,sub096.pkl,1,val,True
sub096.pkl-4-1,sub096.pkl-4-1,sub096,,sub096.pkl,1,val,True
sub096.pkl-4-2,sub096.pkl-4-2,sub096,,sub096.pkl,1,val,True
sub096.pkl-5-0,sub096.pkl-5-0,sub096,,sub096.pkl,1,val,True
sub096.pkl-5-1,sub096.pkl-5-1,sub096,,sub096.pkl,1,val,True
sub096.pkl-5-2,sub096.pkl-5-2,sub096,,sub096.pkl,1,val,True
sub096.pkl-6-0,sub096.pkl-6-0,sub096,,sub096.pkl,2,val,True
sub096.pkl-6-1,sub096.pkl-6-1,sub096,,sub096.pkl,2,val,True
sub096.pkl-6-2,sub096.pkl-6-2,sub096,,sub096.pkl,2,val,True
sub096.pkl-7-0,sub096.pkl-7-0,sub096,,sub096.pkl,2,val,True
sub096.pkl-7-1,sub096.pkl-7-1,sub096,,sub096.pkl,2,val,True
sub096.pkl-7-2,sub096.pkl-7-2,sub096,,sub096.pkl,2,val,True
sub096.pkl-8-0,sub096.pkl-8-0,sub096,,sub096.pkl,2,val,True
sub096.pkl-8-1,sub096.pkl-8-1,sub096,,sub096.pkl,2,val,True
sub096.pkl-8-2,sub096.pkl-8-2,sub096,,sub096.pkl,2,val,True
sub096.pkl-9-0,sub096.pkl-9-0,sub096,,sub096.pkl,3,val,True
sub096.pkl-9-1,sub096.pkl-9-1,sub096,,sub096.pkl,3,val,True
sub096.pkl-9-2,sub096.pkl-9-2,sub096,,sub096.pkl,3,val,True
sub096.pkl-10-0,sub096.pkl-10-0,sub096,,sub096.pkl,3,val,True
sub096.pkl-10-1,sub096.pkl-10-1,sub096,,sub096.pkl,3,val,True
sub096.pkl-10-2,sub096.pkl-10-2,sub096,,sub096.pkl,3,val,True
sub096.pkl-11-0,sub096.pkl-11-0,sub096,,sub096.pkl,3,val,True
sub096.pkl-11-1,sub096.pkl-11-1,sub096,,sub096.pkl,3,val,True
sub096.pkl-11-2,sub096.pkl-11-2,sub096,,sub096.pkl,3,val,True
sub096.pkl-12-0,sub096.pkl-12-0,sub096,,sub096.pkl,4,val,True
sub096.pkl-12-1,sub096.pkl-12-1,sub096,,sub096.pkl,4,val,True
sub096.pkl-12-2,sub096.pkl-12-2,sub096,,sub096.pkl,4,val,True
sub096.pkl-13-0,sub096.pkl-13-0,sub096,,sub096.pkl,4,val,True
sub096.pkl-13-1,sub096.pkl-13-1,sub096,,sub096.pkl,4,val,True
sub096.pkl-13-2,sub096.pkl-13-2,sub096,,sub096.pkl,4,val,True
sub096.pkl-14-0,sub096.pkl-14-0,sub096,,sub096.pkl,4,val,True
sub096.pkl-14-1,sub096.pkl-14-1,sub096,,sub096.pkl,4,val,True
sub096.pkl-14-2,sub096.pkl-14-2,sub096,,sub096.pkl,4,val,True
sub096.pkl-15-0,sub096.pkl-15-0,sub096,,sub096.pkl,4,val,True
sub096.pkl-15-1,sub096.pkl-15-1,sub096,,sub096.pkl,4,val,True
sub096.pkl-15-2,sub096.pkl-15-2,sub096,,sub096.pkl,4,val,True
sub096.pkl-16-0,sub096.pkl-16-0,sub096,,sub096.pkl,5,val,True
sub096.pkl-16-1,sub096.pkl-16-1,sub096,,sub096.pkl,5,val,True
sub096.pkl-16-2,sub096.pkl-16-2,sub096,,sub096.pkl,5,val,True
sub096.pkl-17-0,sub096.pkl-17-0,sub096,,sub096.pkl,5,val,True
sub096.pkl-17-1,sub096.pkl-17-1,sub096,,sub096.pkl,5,val,True
sub096.pkl-17-2,sub096.pkl-17-2,sub096,,sub096.pkl,5,val,True
sub096.pkl-18-0,sub096.pkl-18-0,sub096,,sub096.pkl,5,val,True
sub096.pkl-18-1,sub096.pkl-18-1,sub096,,sub096.pkl,5,val,True
sub096.pkl-18-2,sub096.pkl-18-2,sub096,,sub096.pkl,5,val,True
sub096.pkl-19-0,sub096.pkl-19-0,sub096,,sub096.pkl,6,val,True
sub096.pkl-19-1,sub096.pkl-19-1,sub096,,sub096.pkl,6,val,True
sub096.pkl-19-2,sub096.pkl-19-2,sub096,,sub096.pkl,6,val,True
sub096.pkl-20-0,sub096.pkl-20-0,sub096,,sub096.pkl,6,val,True
sub096.pkl-20-1,sub096.pkl-20-1,sub096,,sub096.pkl,6,val,True
sub096.pkl-20-2,sub096.pkl-20-2,sub096,,sub096.pkl,6,val,True
sub096.pkl-21-0,sub096.pkl-21-0,sub096,,sub096.pkl,6,val,True
sub096.pkl-21-1,sub096.pkl-21-1,sub096,,sub096.pkl,6,val,True
sub096.pkl-21-2,sub096.pkl-21-2,sub096,,sub096.pkl,6,val,True
sub096.pkl-22-0,sub096.pkl-22-0,sub096,,sub096.pkl,7,val,True
sub096.pkl-22-1,sub096.pkl-22-1,sub096,,sub096.pkl,7,val,True
sub096.pkl-22-2,sub096.pkl-22-2,sub096,,sub096.pkl,7,val,True
sub096.pkl-23-0,sub096.pkl-23-0,sub096,,sub096.pkl,7,val,True
sub096.pkl-23-1,sub096.pkl-23-1,sub096,,sub096.pkl,7,val,True
sub096.pkl-23-2,sub096.pkl-23-2,sub096,,sub096.pkl,7,val,True
sub096.pkl-24-0,sub096.pkl-24-0,sub096,,sub096.pkl,7,val,True
sub096.pkl-24-1,sub096.pkl-24-1,sub096,,sub096.pkl,7,val,True
sub096.pkl-24-2,sub096.pkl-24-2,sub096,,sub096.pkl,7,val,True
sub096.pkl-25-0,sub096.pkl-25-0,sub096,,sub096.pkl,8,val,True
sub096.pkl-25-1,sub096.pkl-25-1,sub096,,sub096.pkl,8,val,True
sub096.pkl-25-2,sub096.pkl-25-2,sub096,,sub096.pkl,8,val,True
sub096.pkl-26-0,sub096.pkl-26-0,sub096,,sub096.pkl,8,val,True
sub096.pkl-26-1,sub096.pkl-26-1,sub096,,sub096.pkl,8,val,True
sub096.pkl-26-2,sub096.pkl-26-2,sub096,,sub096.pkl,8,val,True
sub096.pkl-27-0,sub096.pkl-27-0,sub096,,sub096.pkl,8,val,True
sub096.pkl-27-1,sub096.pkl-27-1,sub096,,sub096.pkl,8,val,True
sub096.pkl-27-2,sub096.pkl-27-2,sub096,,sub096.pkl,8,val,True
sub097.pkl-0-0,sub097.pkl-0-0,sub097,,sub097.pkl,0,val,True
sub097.pkl-0-1,sub097.pkl-0-1,sub097,,sub097.pkl,0,val,True
sub097.pkl-0-2,sub097.pkl-0-2,sub097,,sub097.pkl,0,val,True
sub097.pkl-1-0,sub097.pkl-1-0,sub097,,sub097.pkl,0,val,True
sub097.pkl-1-1,sub097.pkl-1-1,sub097,,sub097.pkl,0,val,True
sub097.pkl-1-2,sub097.pkl-1-2,sub097,,sub097.pkl,0,val,True
sub097.pkl-2-0,sub097.pkl-2-0,sub097,,sub097.pkl,0,val,True
sub097.pkl-2-1,sub097.pkl-2-1,sub097,,sub097.pkl,0,val,True
sub097.pkl-2-2,sub097.pkl-2-2,sub097,,sub097.pkl,0,val,True
sub097.pkl-3-0,sub097.pkl-3-0,sub097,,sub097.pkl,1,val,True
sub097.pkl-3-1,sub097.pkl-3-1,sub097,,sub097.pkl,1,val,True
sub097.pkl-3-2,sub097.pkl-3-2,sub097,,sub097.pkl,1,val,True
sub097.pkl-4-0,sub097.pkl-4-0,sub097,,sub097.pkl,1,val,True
sub097.pkl-4-1,sub097.pkl-4-1,sub097,,sub097.pkl,1,val,True
sub097.pkl-4-2,sub097.pkl-4-2,sub097,,sub097.pkl,1,val,True
sub097.pkl-5-0,sub097.pkl-5-0,sub097,,sub097.pkl,1,val,True
sub097.pkl-5-1,sub097.pkl-5-1,sub097,,sub097.pkl,1,val,True
sub097.pkl-5-2,sub097.pkl-5-2,sub097,,sub097.pkl,1,val,True
sub097.pkl-6-0,sub097.pkl-6-0,sub097,,sub097.pkl,2,val,True
sub097.pkl-6-1,sub097.pkl-6-1,sub097,,sub097.pkl,2,val,True
sub097.pkl-6-2,sub097.pkl-6-2,sub097,,sub097.pkl,2,val,True
sub097.pkl-7-0,sub097.pkl-7-0,sub097,,sub097.pkl,2,val,True
sub097.pkl-7-1,sub097.pkl-7-1,sub097,,sub097.pkl,2,val,True
sub097.pkl-7-2,sub097.pkl-7-2,sub097,,sub097.pkl,2,val,True
sub097.pkl-8-0,sub097.pkl-8-0,sub097,,sub097.pkl,2,val,True
sub097.pkl-8-1,sub097.pkl-8-1,sub097,,sub097.pkl,2,val,True
sub097.pkl-8-2,sub097.pkl-8-2,sub097,,sub097.pkl,2,val,True
sub097.pkl-9-0,sub097.pkl-9-0,sub097,,sub097.pkl,3,val,True
sub097.pkl-9-1,sub097.pkl-9-1,sub097,,sub097.pkl,3,val,True
sub097.pkl-9-2,sub097.pkl-9-2,sub097,,sub097.pkl,3,val,True
sub097.pkl-10-0,sub097.pkl-10-0,sub097,,sub097.pkl,3,val,True
sub097.pkl-10-1,sub097.pkl-10-1,sub097,,sub097.pkl,3,val,True
sub097.pkl-10-2,sub097.pkl-10-2,sub097,,sub097.pkl,3,val,True
sub097.pkl-11-0,sub097.pkl-11-0,sub097,,sub097.pkl,3,val,True
sub097.pkl-11-1,sub097.pkl-11-1,sub097,,sub097.pkl,3,val,True
sub097.pkl-11-2,sub097.pkl-11-2,sub097,,sub097.pkl,3,val,True
sub097.pkl-12-0,sub097.pkl-12-0,sub097,,sub097.pkl,4,val,True
sub097.pkl-12-1,sub097.pkl-12-1,sub097,,sub097.pkl,4,val,True
sub097.pkl-12-2,sub097.pkl-12-2,sub097,,sub097.pkl,4,val,True
sub097.pkl-13-0,sub097.pkl-13-0,sub097,,sub097.pkl,4,val,True
sub097.pkl-13-1,sub097.pkl-13-1,sub097,,sub097.pkl,4,val,True
sub097.pkl-13-2,sub097.pkl-13-2,sub097,,sub097.pkl,4,val,True
sub097.pkl-14-0,sub097.pkl-14-0,sub097,,sub097.pkl,4,val,True
sub097.pkl-14-1,sub097.pkl-14-1,sub097,,sub097.pkl,4,val,True
sub097.pkl-14-2,sub097.pkl-14-2,sub097,,sub097.pkl,4,val,True
sub097.pkl-15-0,sub097.pkl-15-0,sub097,,sub097.pkl,4,val,True
sub097.pkl-15-1,sub097.pkl-15-1,sub097,,sub097.pkl,4,val,True
sub097.pkl-15-2,sub097.pkl-15-2,sub097,,sub097.pkl,4,val,True
sub097.pkl-16-0,sub097.pkl-16-0,sub097,,sub097.pkl,5,val,True
sub097.pkl-16-1,sub097.pkl-16-1,sub097,,sub097.pkl,5,val,True
sub097.pkl-16-2,sub097.pkl-16-2,sub097,,sub097.pkl,5,val,True
sub097.pkl-17-0,sub097.pkl-17-0,sub097,,sub097.pkl,5,val,True
sub097.pkl-17-1,sub097.pkl-17-1,sub097,,sub097.pkl,5,val,True
sub097.pkl-17-2,sub097.pkl-17-2,sub097,,sub097.pkl,5,val,True
sub097.pkl-18-0,sub097.pkl-18-0,sub097,,sub097.pkl,5,val,True
sub097.pkl-18-1,sub097.pkl-18-1,sub097,,sub097.pkl,5,val,True
sub097.pkl-18-2,sub097.pkl-18-2,sub097,,sub097.pkl,5,val,True
sub097.pkl-19-0,sub097.pkl-19-0,sub097,,sub097.pkl,6,val,True
sub097.pkl-19-1,sub097.pkl-19-1,sub097,,sub097.pkl,6,val,True
sub097.pkl-19-2,sub097.pkl-19-2,sub097,,sub097.pkl,6,val,True
sub097.pkl-20-0,sub097.pkl-20-0,sub097,,sub097.pkl,6,val,True
sub097.pkl-20-1,sub097.pkl-20-1,sub097,,sub097.pkl,6,val,True
sub097.pkl-20-2,sub097.pkl-20-2,sub097,,sub097.pkl,6,val,True
sub097.pkl-21-0,sub097.pkl-21-0,sub097,,sub097.pkl,6,val,True
sub097.pkl-21-1,sub097.pkl-21-1,sub097,,sub097.pkl,6,val,True
sub097.pkl-21-2,sub097.pkl-21-2,sub097,,sub097.pkl,6,val,True
sub097.pkl-22-0,sub097.pkl-22-0,sub097,,sub097.pkl,7,val,True
sub097.pkl-22-1,sub097.pkl-22-1,sub097,,sub097.pkl,7,val,True
sub097.pkl-22-2,sub097.pkl-22-2,sub097,,sub097.pkl,7,val,True
sub097.pkl-23-0,sub097.pkl-23-0,sub097,,sub097.pkl,7,val,True
sub097.pkl-23-1,sub097.pkl-23-1,sub097,,sub097.pkl,7,val,True
sub097.pkl-23-2,sub097.pkl-23-2,sub097,,sub097.pkl,7,val,True
sub097.pkl-24-0,sub097.pkl-24-0,sub097,,sub097.pkl,7,val,True
sub097.pkl-24-1,sub097.pkl-24-1,sub097,,sub097.pkl,7,val,True
sub097.pkl-24-2,sub097.pkl-24-2,sub097,,sub097.pkl,7,val,True
sub097.pkl-25-0,sub097.pkl-25-0,sub097,,sub097.pkl,8,val,True
sub097.pkl-25-1,sub097.pkl-25-1,sub097,,sub097.pkl,8,val,True
sub097.pkl-25-2,sub097.pkl-25-2,sub097,,sub097.pkl,8,val,True
sub097.pkl-26-0,sub097.pkl-26-0,sub097,,sub097.pkl,8,val,True
sub097.pkl-26-1,sub097.pkl-26-1,sub097,,sub097.pkl,8,val,True
sub097.pkl-26-2,sub097.pkl-26-2,sub097,,sub097.pkl,8,val,True
sub097.pkl-27-0,sub097.pkl-27-0,sub097,,sub097.pkl,8,val,True
sub097.pkl-27-1,sub097.pkl-27-1,sub097,,sub097.pkl,8,val,True
sub097.pkl-27-2,sub097.pkl-27-2,sub097,,sub097.pkl,8,val,True
sub098.pkl-0-0,sub098.pkl-0-0,sub098,,sub098.pkl,0,val,True
sub098.pkl-0-1,sub098.pkl-0-1,sub098,,sub098.pkl,0,val,True
sub098.pkl-0-2,sub098.pkl-0-2,sub098,,sub098.pkl,0,val,True
sub098.pkl-1-0,sub098.pkl-1-0,sub098,,sub098.pkl,0,val,True
sub098.pkl-1-1,sub098.pkl-1-1,sub098,,sub098.pkl,0,val,True
sub098.pkl-1-2,sub098.pkl-1-2,sub098,,sub098.pkl,0,val,True
sub098.pkl-2-0,sub098.pkl-2-0,sub098,,sub098.pkl,0,val,True
sub098.pkl-2-1,sub098.pkl-2-1,sub098,,sub098.pkl,0,val,True
sub098.pkl-2-2,sub098.pkl-2-2,sub098,,sub098.pkl,0,val,True
sub098.pkl-3-0,sub098.pkl-3-0,sub098,,sub098.pkl,1,val,True
sub098.pkl-3-1,sub098.pkl-3-1,sub098,,sub098.pkl,1,val,True
sub098.pkl-3-2,sub098.pkl-3-2,sub098,,sub098.pkl,1,val,True
sub098.pkl-4-0,sub098.pkl-4-0,sub098,,sub098.pkl,1,val,True
sub098.pkl-4-1,sub098.pkl-4-1,sub098,,sub098.pkl,1,val,True
sub098.pkl-4-2,sub098.pkl-4-2,sub098,,sub098.pkl,1,val,True
sub098.pkl-5-0,sub098.pkl-5-0,sub098,,sub098.pkl,1,val,True
sub098.pkl-5-1,sub098.pkl-5-1,sub098,,sub098.pkl,1,val,True
sub098.pkl-5-2,sub098.pkl-5-2,sub098,,sub098.pkl,1,val,True
sub098.pkl-6-0,sub098.pkl-6-0,sub098,,sub098.pkl,2,val,True
sub098.pkl-6-1,sub098.pkl-6-1,sub098,,sub098.pkl,2,val,True
sub098.pkl-6-2,sub098.pkl-6-2,sub098,,sub098.pkl,2,val,True
sub098.pkl-7-0,sub098.pkl-7-0,sub098,,sub098.pkl,2,val,True
sub098.pkl-7-1,sub098.pkl-7-1,sub098,,sub098.pkl,2,val,True
sub098.pkl-7-2,sub098.pkl-7-2,sub098,,sub098.pkl,2,val,True
sub098.pkl-8-0,sub098.pkl-8-0,sub098,,sub098.pkl,2,val,True
sub098.pkl-8-1,sub098.pkl-8-1,sub098,,sub098.pkl,2,val,True
sub098.pkl-8-2,sub098.pkl-8-2,sub098,,sub098.pkl,2,val,True
sub098.pkl-9-0,sub098.pkl-9-0,sub098,,sub098.pkl,3,val,True
sub098.pkl-9-1,sub098.pkl-9-1,sub098,,sub098.pkl,3,val,True
sub098.pkl-9-2,sub098.pkl-9-2,sub098,,sub098.pkl,3,val,True
sub098.pkl-10-0,sub098.pkl-10-0,sub098,,sub098.pkl,3,val,True
sub098.pkl-10-1,sub098.pkl-10-1,sub098,,sub098.pkl,3,val,True
sub098.pkl-10-2,sub098.pkl-10-2,sub098,,sub098.pkl,3,val,True
sub098.pkl-11-0,sub098.pkl-11-0,sub098,,sub098.pkl,3,val,True
sub098.pkl-11-1,sub098.pkl-11-1,sub098,,sub098.pkl,3,val,True
sub098.pkl-11-2,sub098.pkl-11-2,sub098,,sub098.pkl,3,val,True
sub098.pkl-12-0,sub098.pkl-12-0,sub098,,sub098.pkl,4,val,True
sub098.pkl-12-1,sub098.pkl-12-1,sub098,,sub098.pkl,4,val,True
sub098.pkl-12-2,sub098.pkl-12-2,sub098,,sub098.pkl,4,val,True
sub098.pkl-13-0,sub098.pkl-13-0,sub098,,sub098.pkl,4,val,True
sub098.pkl-13-1,sub098.pkl-13-1,sub098,,sub098.pkl,4,val,True
sub098.pkl-13-2,sub098.pkl-13-2,sub098,,sub098.pkl,4,val,True
sub098.pkl-14-0,sub098.pkl-14-0,sub098,,sub098.pkl,4,val,True
sub098.pkl-14-1,sub098.pkl-14-1,sub098,,sub098.pkl,4,val,True
sub098.pkl-14-2,sub098.pkl-14-2,sub098,,sub098.pkl,4,val,True
sub098.pkl-15-0,sub098.pkl-15-0,sub098,,sub098.pkl,4,val,True
sub098.pkl-15-1,sub098.pkl-15-1,sub098,,sub098.pkl,4,val,True
sub098.pkl-15-2,sub098.pkl-15-2,sub098,,sub098.pkl,4,val,True
sub098.pkl-16-0,sub098.pkl-16-0,sub098,,sub098.pkl,5,val,True
sub098.pkl-16-1,sub098.pkl-16-1,sub098,,sub098.pkl,5,val,True
sub098.pkl-16-2,sub098.pkl-16-2,sub098,,sub098.pkl,5,val,True
sub098.pkl-17-0,sub098.pkl-17-0,sub098,,sub098.pkl,5,val,True
sub098.pkl-17-1,sub098.pkl-17-1,sub098,,sub098.pkl,5,val,True
sub098.pkl-17-2,sub098.pkl-17-2,sub098,,sub098.pkl,5,val,True
sub098.pkl-18-0,sub098.pkl-18-0,sub098,,sub098.pkl,5,val,True
sub098.pkl-18-1,sub098.pkl-18-1,sub098,,sub098.pkl,5,val,True
sub098.pkl-18-2,sub098.pkl-18-2,sub098,,sub098.pkl,5,val,True
sub098.pkl-19-0,sub098.pkl-19-0,sub098,,sub098.pkl,6,val,True
sub098.pkl-19-1,sub098.pkl-19-1,sub098,,sub098.pkl,6,val,True
sub098.pkl-19-2,sub098.pkl-19-2,sub098,,sub098.pkl,6,val,True
sub098.pkl-20-0,sub098.pkl-20-0,sub098,,sub098.pkl,6,val,True
sub098.pkl-20-1,sub098.pkl-20-1,sub098,,sub098.pkl,6,val,True
sub098.pkl-20-2,sub098.pkl-20-2,sub098,,sub098.pkl,6,val,True
sub098.pkl-21-0,sub098.pkl-21-0,sub098,,sub098.pkl,6,val,True
sub098.pkl-21-1,sub098.pkl-21-1,sub098,,sub098.pkl,6,val,True
sub098.pkl-21-2,sub098.pkl-21-2,sub098,,sub098.pkl,6,val,True
sub098.pkl-22-0,sub098.pkl-22-0,sub098,,sub098.pkl,7,val,True
sub098.pkl-22-1,sub098.pkl-22-1,sub098,,sub098.pkl,7,val,True
sub098.pkl-22-2,sub098.pkl-22-2,sub098,,sub098.pkl,7,val,True
sub098.pkl-23-0,sub098.pkl-23-0,sub098,,sub098.pkl,7,val,True
sub098.pkl-23-1,sub098.pkl-23-1,sub098,,sub098.pkl,7,val,True
sub098.pkl-23-2,sub098.pkl-23-2,sub098,,sub098.pkl,7,val,True
sub098.pkl-24-0,sub098.pkl-24-0,sub098,,sub098.pkl,7,val,True
sub098.pkl-24-1,sub098.pkl-24-1,sub098,,sub098.pkl,7,val,True
sub098.pkl-24-2,sub098.pkl-24-2,sub098,,sub098.pkl,7,val,True
sub098.pkl-25-0,sub098.pkl-25-0,sub098,,sub098.pkl,8,val,True
sub098.pkl-25-1,sub098.pkl-25-1,sub098,,sub098.pkl,8,val,True
sub098.pkl-25-2,sub098.pkl-25-2,sub098,,sub098.pkl,8,val,True
sub098.pkl-26-0,sub098.pkl-26-0,sub098,,sub098.pkl,8,val,True
sub098.pkl-26-1,sub098.pkl-26-1,sub098,,sub098.pkl,8,val,True
sub098.pkl-26-2,sub098.pkl-26-2,sub098,,sub098.pkl,8,val,True
sub098.pkl-27-0,sub098.pkl-27-0,sub098,,sub098.pkl,8,val,True
sub098.pkl-27-1,sub098.pkl-27-1,sub098,,sub098.pkl,8,val,True
sub098.pkl-27-2,sub098.pkl-27-2,sub098,,sub098.pkl,8,val,True
sub099.pkl-0-0,sub099.pkl-0-0,sub099,,sub099.pkl,0,val,True
sub099.pkl-0-1,sub099.pkl-0-1,sub099,,sub099.pkl,0,val,True
sub099.pkl-0-2,sub099.pkl-0-2,sub099,,sub099.pkl,0,val,True
sub099.pkl-1-0,sub099.pkl-1-0,sub099,,sub099.pkl,0,val,True
sub099.pkl-1-1,sub099.pkl-1-1,sub099,,sub099.pkl,0,val,True
sub099.pkl-1-2,sub099.pkl-1-2,sub099,,sub099.pkl,0,val,True
sub099.pkl-2-0,sub099.pkl-2-0,sub099,,sub099.pkl,0,val,True
sub099.pkl-2-1,sub099.pkl-2-1,sub099,,sub099.pkl,0,val,True
sub099.pkl-2-2,sub099.pkl-2-2,sub099,,sub099.pkl,0,val,True
sub099.pkl-3-0,sub099.pkl-3-0,sub099,,sub099.pkl,1,val,True
sub099.pkl-3-1,sub099.pkl-3-1,sub099,,sub099.pkl,1,val,True
sub099.pkl-3-2,sub099.pkl-3-2,sub099,,sub099.pkl,1,val,True
sub099.pkl-4-0,sub099.pkl-4-0,sub099,,sub099.pkl,1,val,True
sub099.pkl-4-1,sub099.pkl-4-1,sub099,,sub099.pkl,1,val,True
sub099.pkl-4-2,sub099.pkl-4-2,sub099,,sub099.pkl,1,val,True
sub099.pkl-5-0,sub099.pkl-5-0,sub099,,sub099.pkl,1,val,True
sub099.pkl-5-1,sub099.pkl-5-1,sub099,,sub099.pkl,1,val,True
sub099.pkl-5-2,sub099.pkl-5-2,sub099,,sub099.pkl,1,val,True
sub099.pkl-6-0,sub099.pkl-6-0,sub099,,sub099.pkl,2,val,True
sub099.pkl-6-1,sub099.pkl-6-1,sub099,,sub099.pkl,2,val,True
sub099.pkl-6-2,sub099.pkl-6-2,sub099,,sub099.pkl,2,val,True
sub099.pkl-7-0,sub099.pkl-7-0,sub099,,sub099.pkl,2,val,True
sub099.pkl-7-1,sub099.pkl-7-1,sub099,,sub099.pkl,2,val,True
sub099.pkl-7-2,sub099.pkl-7-2,sub099,,sub099.pkl,2,val,True
sub099.pkl-8-0,sub099.pkl-8-0,sub099,,sub099.pkl,2,val,True
sub099.pkl-8-1,sub099.pkl-8-1,sub099,,sub099.pkl,2,val,True
sub099.pkl-8-2,sub099.pkl-8-2,sub099,,sub099.pkl,2,val,True
sub099.pkl-9-0,sub099.pkl-9-0,sub099,,sub099.pkl,3,val,True
sub099.pkl-9-1,sub099.pkl-9-1,sub099,,sub099.pkl,3,val,True
sub099.pkl-9-2,sub099.pkl-9-2,sub099,,sub099.pkl,3,val,True
sub099.pkl-10-0,sub099.pkl-10-0,sub099,,sub099.pkl,3,val,True
sub099.pkl-10-1,sub099.pkl-10-1,sub099,,sub099.pkl,3,val,True
sub099.pkl-10-2,sub099.pkl-10-2,sub099,,sub099.pkl,3,val,True
sub099.pkl-11-0,sub099.pkl-11-0,sub099,,sub099.pkl,3,val,True
sub099.pkl-11-1,sub099.pkl-11-1,sub099,,sub099.pkl,3,val,True
sub099.pkl-11-2,sub099.pkl-11-2,sub099,,sub099.pkl,3,val,True
sub099.pkl-12-0,sub099.pkl-12-0,sub099,,sub099.pkl,4,val,True
sub099.pkl-12-1,sub099.pkl-12-1,sub099,,sub099.pkl,4,val,True
sub099.pkl-12-2,sub099.pkl-12-2,sub099,,sub099.pkl,4,val,True
sub099.pkl-13-0,sub099.pkl-13-0,sub099,,sub099.pkl,4,val,True
sub099.pkl-13-1,sub099.pkl-13-1,sub099,,sub099.pkl,4,val,True
sub099.pkl-13-2,sub099.pkl-13-2,sub099,,sub099.pkl,4,val,True
sub099.pkl-14-0,sub099.pkl-14-0,sub099,,sub099.pkl,4,val,True
sub099.pkl-14-1,sub099.pkl-14-1,sub099,,sub099.pkl,4,val,True
sub099.pkl-14-2,sub099.pkl-14-2,sub099,,sub099.pkl,4,val,True
sub099.pkl-15-0,sub099.pkl-15-0,sub099,,sub099.pkl,4,val,True
sub099.pkl-15-1,sub099.pkl-15-1,sub099,,sub099.pkl,4,val,True
sub099.pkl-15-2,sub099.pkl-15-2,sub099,,sub099.pkl,4,val,True
sub099.pkl-16-0,sub099.pkl-16-0,sub099,,sub099.pkl,5,val,True
sub099.pkl-16-1,sub099.pkl-16-1,sub099,,sub099.pkl,5,val,True
sub099.pkl-16-2,sub099.pkl-16-2,sub099,,sub099.pkl,5,val,True
sub099.pkl-17-0,sub099.pkl-17-0,sub099,,sub099.pkl,5,val,True
sub099.pkl-17-1,sub099.pkl-17-1,sub099,,sub099.pkl,5,val,True
sub099.pkl-17-2,sub099.pkl-17-2,sub099,,sub099.pkl,5,val,True
sub099.pkl-18-0,sub099.pkl-18-0,sub099,,sub099.pkl,5,val,True
sub099.pkl-18-1,sub099.pkl-18-1,sub099,,sub099.pkl,5,val,True
sub099.pkl-18-2,sub099.pkl-18-2,sub099,,sub099.pkl,5,val,True
sub099.pkl-19-0,sub099.pkl-19-0,sub099,,sub099.pkl,6,val,True
sub099.pkl-19-1,sub099.pkl-19-1,sub099,,sub099.pkl,6,val,True
sub099.pkl-19-2,sub099.pkl-19-2,sub099,,sub099.pkl,6,val,True
sub099.pkl-20-0,sub099.pkl-20-0,sub099,,sub099.pkl,6,val,True
sub099.pkl-20-1,sub099.pkl-20-1,sub099,,sub099.pkl,6,val,True
sub099.pkl-20-2,sub099.pkl-20-2,sub099,,sub099.pkl,6,val,True
sub099.pkl-21-0,sub099.pkl-21-0,sub099,,sub099.pkl,6,val,True
sub099.pkl-21-1,sub099.pkl-21-1,sub099,,sub099.pkl,6,val,True
sub099.pkl-21-2,sub099.pkl-21-2,sub099,,sub099.pkl,6,val,True
sub099.pkl-22-0,sub099.pkl-22-0,sub099,,sub099.pkl,7,val,True
sub099.pkl-22-1,sub099.pkl-22-1,sub099,,sub099.pkl,7,val,True
sub099.pkl-22-2,sub099.pkl-22-2,sub099,,sub099.pkl,7,val,True
sub099.pkl-23-0,sub099.pkl-23-0,sub099,,sub099.pkl,7,val,True
sub099.pkl-23-1,sub099.pkl-23-1,sub099,,sub099.pkl,7,val,True
sub099.pkl-23-2,sub099.pkl-23-2,sub099,,sub099.pkl,7,val,True
sub099.pkl-24-0,sub099.pkl-24-0,sub099,,sub099.pkl,7,val,True
sub099.pkl-24-1,sub099.pkl-24-1,sub099,,sub099.pkl,7,val,True
sub099.pkl-24-2,sub099.pkl-24-2,sub099,,sub099.pkl,7,val,True
sub099.pkl-25-0,sub099.pkl-25-0,sub099,,sub099.pkl,8,val,True
sub099.pkl-25-1,sub099.pkl-25-1,sub099,,sub099.pkl,8,val,True
sub099.pkl-25-2,sub099.pkl-25-2,sub099,,sub099.pkl,8,val,True
sub099.pkl-26-0,sub099.pkl-26-0,sub099,,sub099.pkl,8,val,True
sub099.pkl-26-1,sub099.pkl-26-1,sub099,,sub099.pkl,8,val,True
sub099.pkl-26-2,sub099.pkl-26-2,sub099,,sub099.pkl,8,val,True
sub099.pkl-27-0,sub099.pkl-27-0,sub099,,sub099.pkl,8,val,True
sub099.pkl-27-1,sub099.pkl-27-1,sub099,,sub099.pkl,8,val,True
sub099.pkl-27-2,sub099.pkl-27-2,sub099,,sub099.pkl,8,val,True
sub100.pkl-0-0,sub100.pkl-0-0,sub100,,sub100.pkl,0,test,True
sub100.pkl-0-1,sub100.pkl-0-1,sub100,,sub100.pkl,0,test,True
sub100.pkl-0-2,sub100.pkl-0-2,sub100,,sub100.pkl,0,test,True
sub100.pkl-1-0,sub100.pkl-1-0,sub100,,sub100.pkl,0,test,True
sub100.pkl-1-1,sub100.pkl-1-1,sub100,,sub100.pkl,0,test,True
sub100.pkl-1-2,sub100.pkl-1-2,sub100,,sub100.pkl,0,test,True
sub100.pkl-2-0,sub100.pkl-2-0,sub100,,sub100.pkl,0,test,True
sub100.pkl-2-1,sub100.pkl-2-1,sub100,,sub100.pkl,0,test,True
sub100.pkl-2-2,sub100.pkl-2-2,sub100,,sub100.pkl,0,test,True
sub100.pkl-3-0,sub100.pkl-3-0,sub100,,sub100.pkl,1,test,True
sub100.pkl-3-1,sub100.pkl-3-1,sub100,,sub100.pkl,1,test,True
sub100.pkl-3-2,sub100.pkl-3-2,sub100,,sub100.pkl,1,test,True
sub100.pkl-4-0,sub100.pkl-4-0,sub100,,sub100.pkl,1,test,True
sub100.pkl-4-1,sub100.pkl-4-1,sub100,,sub100.pkl,1,test,True
sub100.pkl-4-2,sub100.pkl-4-2,sub100,,sub100.pkl,1,test,True
sub100.pkl-5-0,sub100.pkl-5-0,sub100,,sub100.pkl,1,test,True
sub100.pkl-5-1,sub100.pkl-5-1,sub100,,sub100.pkl,1,test,True
sub100.pkl-5-2,sub100.pkl-5-2,sub100,,sub100.pkl,1,test,True
sub100.pkl-6-0,sub100.pkl-6-0,sub100,,sub100.pkl,2,test,True
sub100.pkl-6-1,sub100.pkl-6-1,sub100,,sub100.pkl,2,test,True
sub100.pkl-6-2,sub100.pkl-6-2,sub100,,sub100.pkl,2,test,True
sub100.pkl-7-0,sub100.pkl-7-0,sub100,,sub100.pkl,2,test,True
sub100.pkl-7-1,sub100.pkl-7-1,sub100,,sub100.pkl,2,test,True
sub100.pkl-7-2,sub100.pkl-7-2,sub100,,sub100.pkl,2,test,True
sub100.pkl-8-0,sub100.pkl-8-0,sub100,,sub100.pkl,2,test,True
sub100.pkl-8-1,sub100.pkl-8-1,sub100,,sub100.pkl,2,test,True
sub100.pkl-8-2,sub100.pkl-8-2,sub100,,sub100.pkl,2,test,True
sub100.pkl-9-0,sub100.pkl-9-0,sub100,,sub100.pkl,3,test,True
sub100.pkl-9-1,sub100.pkl-9-1,sub100,,sub100.pkl,3,test,True
sub100.pkl-9-2,sub100.pkl-9-2,sub100,,sub100.pkl,3,test,True
sub100.pkl-10-0,sub100.pkl-10-0,sub100,,sub100.pkl,3,test,True
sub100.pkl-10-1,sub100.pkl-10-1,sub100,,sub100.pkl,3,test,True
sub100.pkl-10-2,sub100.pkl-10-2,sub100,,sub100.pkl,3,test,True
sub100.pkl-11-0,sub100.pkl-11-0,sub100,,sub100.pkl,3,test,True
sub100.pkl-11-1,sub100.pkl-11-1,sub100,,sub100.pkl,3,test,True
sub100.pkl-11-2,sub100.pkl-11-2,sub100,,sub100.pkl,3,test,True
sub100.pkl-12-0,sub100.pkl-12-0,sub100,,sub100.pkl,4,test,True
sub100.pkl-12-1,sub100.pkl-12-1,sub100,,sub100.pkl,4,test,True
sub100.pkl-12-2,sub100.pkl-12-2,sub100,,sub100.pkl,4,test,True
sub100.pkl-13-0,sub100.pkl-13-0,sub100,,sub100.pkl,4,test,True
sub100.pkl-13-1,sub100.pkl-13-1,sub100,,sub100.pkl,4,test,True
sub100.pkl-13-2,sub100.pkl-13-2,sub100,,sub100.pkl,4,test,True
sub100.pkl-14-0,sub100.pkl-14-0,sub100,,sub100.pkl,4,test,True
sub100.pkl-14-1,sub100.pkl-14-1,sub100,,sub100.pkl,4,test,True
sub100.pkl-14-2,sub100.pkl-14-2,sub100,,sub100.pkl,4,test,True
sub100.pkl-15-0,sub100.pkl-15-0,sub100,,sub100.pkl,4,test,True
sub100.pkl-15-1,sub100.pkl-15-1,sub100,,sub100.pkl,4,test,True
sub100.pkl-15-2,sub100.pkl-15-2,sub100,,sub100.pkl,4,test,True
sub100.pkl-16-0,sub100.pkl-16-0,sub100,,sub100.pkl,5,test,True
sub100.pkl-16-1,sub100.pkl-16-1,sub100,,sub100.pkl,5,test,True
sub100.pkl-16-2,sub100.pkl-16-2,sub100,,sub100.pkl,5,test,True
sub100.pkl-17-0,sub100.pkl-17-0,sub100,,sub100.pkl,5,test,True
sub100.pkl-17-1,sub100.pkl-17-1,sub100,,sub100.pkl,5,test,True
sub100.pkl-17-2,sub100.pkl-17-2,sub100,,sub100.pkl,5,test,True
sub100.pkl-18-0,sub100.pkl-18-0,sub100,,sub100.pkl,5,test,True
sub100.pkl-18-1,sub100.pkl-18-1,sub100,,sub100.pkl,5,test,True
sub100.pkl-18-2,sub100.pkl-18-2,sub100,,sub100.pkl,5,test,True
sub100.pkl-19-0,sub100.pkl-19-0,sub100,,sub100.pkl,6,test,True
sub100.pkl-19-1,sub100.pkl-19-1,sub100,,sub100.pkl,6,test,True
sub100.pkl-19-2,sub100.pkl-19-2,sub100,,sub100.pkl,6,test,True
sub100.pkl-20-0,sub100.pkl-20-0,sub100,,sub100.pkl,6,test,True
sub100.pkl-20-1,sub100.pkl-20-1,sub100,,sub100.pkl,6,test,True
sub100.pkl-20-2,sub100.pkl-20-2,sub100,,sub100.pkl,6,test,True
sub100.pkl-21-0,sub100.pkl-21-0,sub100,,sub100.pkl,6,test,True
sub100.pkl-21-1,sub100.pkl-21-1,sub100,,sub100.pkl,6,test,True
sub100.pkl-21-2,sub100.pkl-21-2,sub100,,sub100.pkl,6,test,True
sub100.pkl-22-0,sub100.pkl-22-0,sub100,,sub100.pkl,7,test,True
sub100.pkl-22-1,sub100.pkl-22-1,sub100,,sub100.pkl,7,test,True
sub100.pkl-22-2,sub100.pkl-22-2,sub100,,sub100.pkl,7,test,True
sub100.pkl-23-0,sub100.pkl-23-0,sub100,,sub100.pkl,7,test,True
sub100.pkl-23-1,sub100.pkl-23-1,sub100,,sub100.pkl,7,test,True
sub100.pkl-23-2,sub100.pkl-23-2,sub100,,sub100.pkl,7,test,True
sub100.pkl-24-0,sub100.pkl-24-0,sub100,,sub100.pkl,7,test,True
sub100.pkl-24-1,sub100.pkl-24-1,sub100,,sub100.pkl,7,test,True
sub100.pkl-24-2,sub100.pkl-24-2,sub100,,sub100.pkl,7,test,True
sub100.pkl-25-0,sub100.pkl-25-0,sub100,,sub100.pkl,8,test,True
sub100.pkl-25-1,sub100.pkl-25-1,sub100,,sub100.pkl,8,test,True
sub100.pkl-25-2,sub100.pkl-25-2,sub100,,sub100.pkl,8,test,True
sub100.pkl-26-0,sub100.pkl-26-0,sub100,,sub100.pkl,8,test,True
sub100.pkl-26-1,sub100.pkl-26-1,sub100,,sub100.pkl,8,test,True
sub100.pkl-26-2,sub100.pkl-26-2,sub100,,sub100.pkl,8,test,True
sub100.pkl-27-0,sub100.pkl-27-0,sub100,,sub100.pkl,8,test,True
sub100.pkl-27-1,sub100.pkl-27-1,sub100,,sub100.pkl,8,test,True
sub100.pkl-27-2,sub100.pkl-27-2,sub100,,sub100.pkl,8,test,True
sub101.pkl-0-0,sub101.pkl-0-0,sub101,,sub101.pkl,0,test,True
sub101.pkl-0-1,sub101.pkl-0-1,sub101,,sub101.pkl,0,test,True
sub101.pkl-0-2,sub101.pkl-0-2,sub101,,sub101.pkl,0,test,True
sub101.pkl-1-0,sub101.pkl-1-0,sub101,,sub101.pkl,0,test,True
sub101.pkl-1-1,sub101.pkl-1-1,sub101,,sub101.pkl,0,test,True
sub101.pkl-1-2,sub101.pkl-1-2,sub101,,sub101.pkl,0,test,True
sub101.pkl-2-0,sub101.pkl-2-0,sub101,,sub101.pkl,0,test,True
sub101.pkl-2-1,sub101.pkl-2-1,sub101,,sub101.pkl,0,test,True
sub101.pkl-2-2,sub101.pkl-2-2,sub101,,sub101.pkl,0,test,True
sub101.pkl-3-0,sub101.pkl-3-0,sub101,,sub101.pkl,1,test,True
sub101.pkl-3-1,sub101.pkl-3-1,sub101,,sub101.pkl,1,test,True
sub101.pkl-3-2,sub101.pkl-3-2,sub101,,sub101.pkl,1,test,True
sub101.pkl-4-0,sub101.pkl-4-0,sub101,,sub101.pkl,1,test,True
sub101.pkl-4-1,sub101.pkl-4-1,sub101,,sub101.pkl,1,test,True
sub101.pkl-4-2,sub101.pkl-4-2,sub101,,sub101.pkl,1,test,True
sub101.pkl-5-0,sub101.pkl-5-0,sub101,,sub101.pkl,1,test,True
sub101.pkl-5-1,sub101.pkl-5-1,sub101,,sub101.pkl,1,test,True
sub101.pkl-5-2,sub101.pkl-5-2,sub101,,sub101.pkl,1,test,True
sub101.pkl-6-0,sub101.pkl-6-0,sub101,,sub101.pkl,2,test,True
sub101.pkl-6-1,sub101.pkl-6-1,sub101,,sub101.pkl,2,test,True
sub101.pkl-6-2,sub101.pkl-6-2,sub101,,sub101.pkl,2,test,True
sub101.pkl-7-0,sub101.pkl-7-0,sub101,,sub101.pkl,2,test,True
sub101.pkl-7-1,sub101.pkl-7-1,sub101,,sub101.pkl,2,test,True
sub101.pkl-7-2,sub101.pkl-7-2,sub101,,sub101.pkl,2,test,True
sub101.pkl-8-0,sub101.pkl-8-0,sub101,,sub101.pkl,2,test,True
sub101.pkl-8-1,sub101.pkl-8-1,sub101,,sub101.pkl,2,test,True
sub101.pkl-8-2,sub101.pkl-8-2,sub101,,sub101.pkl,2,test,True
sub101.pkl-9-0,sub101.pkl-9-0,sub101,,sub101.pkl,3,test,True
sub101.pkl-9-1,sub101.pkl-9-1,sub101,,sub101.pkl,3,test,True
sub101.pkl-9-2,sub101.pkl-9-2,sub101,,sub101.pkl,3,test,True
sub101.pkl-10-0,sub101.pkl-10-0,sub101,,sub101.pkl,3,test,True
sub101.pkl-10-1,sub101.pkl-10-1,sub101,,sub101.pkl,3,test,True
sub101.pkl-10-2,sub101.pkl-10-2,sub101,,sub101.pkl,3,test,True
sub101.pkl-11-0,sub101.pkl-11-0,sub101,,sub101.pkl,3,test,True
sub101.pkl-11-1,sub101.pkl-11-1,sub101,,sub101.pkl,3,test,True
sub101.pkl-11-2,sub101.pkl-11-2,sub101,,sub101.pkl,3,test,True
sub101.pkl-12-0,sub101.pkl-12-0,sub101,,sub101.pkl,4,test,True
sub101.pkl-12-1,sub101.pkl-12-1,sub101,,sub101.pkl,4,test,True
sub101.pkl-12-2,sub101.pkl-12-2,sub101,,sub101.pkl,4,test,True
sub101.pkl-13-0,sub101.pkl-13-0,sub101,,sub101.pkl,4,test,True
sub101.pkl-13-1,sub101.pkl-13-1,sub101,,sub101.pkl,4,test,True
sub101.pkl-13-2,sub101.pkl-13-2,sub101,,sub101.pkl,4,test,True
sub101.pkl-14-0,sub101.pkl-14-0,sub101,,sub101.pkl,4,test,True
sub101.pkl-14-1,sub101.pkl-14-1,sub101,,sub101.pkl,4,test,True
sub101.pkl-14-2,sub101.pkl-14-2,sub101,,sub101.pkl,4,test,True
sub101.pkl-15-0,sub101.pkl-15-0,sub101,,sub101.pkl,4,test,True
sub101.pkl-15-1,sub101.pkl-15-1,sub101,,sub101.pkl,4,test,True
sub101.pkl-15-2,sub101.pkl-15-2,sub101,,sub101.pkl,4,test,True
sub101.pkl-16-0,sub101.pkl-16-0,sub101,,sub101.pkl,5,test,True
sub101.pkl-16-1,sub101.pkl-16-1,sub101,,sub101.pkl,5,test,True
sub101.pkl-16-2,sub101.pkl-16-2,sub101,,sub101.pkl,5,test,True
sub101.pkl-17-0,sub101.pkl-17-0,sub101,,sub101.pkl,5,test,True
sub101.pkl-17-1,sub101.pkl-17-1,sub101,,sub101.pkl,5,test,True
sub101.pkl-17-2,sub101.pkl-17-2,sub101,,sub101.pkl,5,test,True
sub101.pkl-18-0,sub101.pkl-18-0,sub101,,sub101.pkl,5,test,True
sub101.pkl-18-1,sub101.pkl-18-1,sub101,,sub101.pkl,5,test,True
sub101.pkl-18-2,sub101.pkl-18-2,sub101,,sub101.pkl,5,test,True
sub101.pkl-19-0,sub101.pkl-19-0,sub101,,sub101.pkl,6,test,True
sub101.pkl-19-1,sub101.pkl-19-1,sub101,,sub101.pkl,6,test,True
sub101.pkl-19-2,sub101.pkl-19-2,sub101,,sub101.pkl,6,test,True
sub101.pkl-20-0,sub101.pkl-20-0,sub101,,sub101.pkl,6,test,True
sub101.pkl-20-1,sub101.pkl-20-1,sub101,,sub101.pkl,6,test,True
sub101.pkl-20-2,sub101.pkl-20-2,sub101,,sub101.pkl,6,test,True
sub101.pkl-21-0,sub101.pkl-21-0,sub101,,sub101.pkl,6,test,True
sub101.pkl-21-1,sub101.pkl-21-1,sub101,,sub101.pkl,6,test,True
sub101.pkl-21-2,sub101.pkl-21-2,sub101,,sub101.pkl,6,test,True
sub101.pkl-22-0,sub101.pkl-22-0,sub101,,sub101.pkl,7,test,True
sub101.pkl-22-1,sub101.pkl-22-1,sub101,,sub101.pkl,7,test,True
sub101.pkl-22-2,sub101.pkl-22-2,sub101,,sub101.pkl,7,test,True
sub101.pkl-23-0,sub101.pkl-23-0,sub101,,sub101.pkl,7,test,True
sub101.pkl-23-1,sub101.pkl-23-1,sub101,,sub101.pkl,7,test,True
sub101.pkl-23-2,sub101.pkl-23-2,sub101,,sub101.pkl,7,test,True
sub101.pkl-24-0,sub101.pkl-24-0,sub101,,sub101.pkl,7,test,True
sub101.pkl-24-1,sub101.pkl-24-1,sub101,,sub101.pkl,7,test,True
sub101.pkl-24-2,sub101.pkl-24-2,sub101,,sub101.pkl,7,test,True
sub101.pkl-25-0,sub101.pkl-25-0,sub101,,sub101.pkl,8,test,True
sub101.pkl-25-1,sub101.pkl-25-1,sub101,,sub101.pkl,8,test,True
sub101.pkl-25-2,sub101.pkl-25-2,sub101,,sub101.pkl,8,test,True
sub101.pkl-26-0,sub101.pkl-26-0,sub101,,sub101.pkl,8,test,True
sub101.pkl-26-1,sub101.pkl-26-1,sub101,,sub101.pkl,8,test,True
sub101.pkl-26-2,sub101.pkl-26-2,sub101,,sub101.pkl,8,test,True
sub101.pkl-27-0,sub101.pkl-27-0,sub101,,sub101.pkl,8,test,True
sub101.pkl-27-1,sub101.pkl-27-1,sub101,,sub101.pkl,8,test,True
sub101.pkl-27-2,sub101.pkl-27-2,sub101,,sub101.pkl,8,test,True
sub102.pkl-0-0,sub102.pkl-0-0,sub102,,sub102.pkl,0,test,True
sub102.pkl-0-1,sub102.pkl-0-1,sub102,,sub102.pkl,0,test,True
sub102.pkl-0-2,sub102.pkl-0-2,sub102,,sub102.pkl,0,test,True
sub102.pkl-1-0,sub102.pkl-1-0,sub102,,sub102.pkl,0,test,True
sub102.pkl-1-1,sub102.pkl-1-1,sub102,,sub102.pkl,0,test,True
sub102.pkl-1-2,sub102.pkl-1-2,sub102,,sub102.pkl,0,test,True
sub102.pkl-2-0,sub102.pkl-2-0,sub102,,sub102.pkl,0,test,True
sub102.pkl-2-1,sub102.pkl-2-1,sub102,,sub102.pkl,0,test,True
sub102.pkl-2-2,sub102.pkl-2-2,sub102,,sub102.pkl,0,test,True
sub102.pkl-3-0,sub102.pkl-3-0,sub102,,sub102.pkl,1,test,True
sub102.pkl-3-1,sub102.pkl-3-1,sub102,,sub102.pkl,1,test,True
sub102.pkl-3-2,sub102.pkl-3-2,sub102,,sub102.pkl,1,test,True
sub102.pkl-4-0,sub102.pkl-4-0,sub102,,sub102.pkl,1,test,True
sub102.pkl-4-1,sub102.pkl-4-1,sub102,,sub102.pkl,1,test,True
sub102.pkl-4-2,sub102.pkl-4-2,sub102,,sub102.pkl,1,test,True
sub102.pkl-5-0,sub102.pkl-5-0,sub102,,sub102.pkl,1,test,True
sub102.pkl-5-1,sub102.pkl-5-1,sub102,,sub102.pkl,1,test,True
sub102.pkl-5-2,sub102.pkl-5-2,sub102,,sub102.pkl,1,test,True
sub102.pkl-6-0,sub102.pkl-6-0,sub102,,sub102.pkl,2,test,True
sub102.pkl-6-1,sub102.pkl-6-1,sub102,,sub102.pkl,2,test,True
sub102.pkl-6-2,sub102.pkl-6-2,sub102,,sub102.pkl,2,test,True
sub102.pkl-7-0,sub102.pkl-7-0,sub102,,sub102.pkl,2,test,True
sub102.pkl-7-1,sub102.pkl-7-1,sub102,,sub102.pkl,2,test,True
sub102.pkl-7-2,sub102.pkl-7-2,sub102,,sub102.pkl,2,test,True
sub102.pkl-8-0,sub102.pkl-8-0,sub102,,sub102.pkl,2,test,True
sub102.pkl-8-1,sub102.pkl-8-1,sub102,,sub102.pkl,2,test,True
sub102.pkl-8-2,sub102.pkl-8-2,sub102,,sub102.pkl,2,test,True
sub102.pkl-9-0,sub102.pkl-9-0,sub102,,sub102.pkl,3,test,True
sub102.pkl-9-1,sub102.pkl-9-1,sub102,,sub102.pkl,3,test,True
sub102.pkl-9-2,sub102.pkl-9-2,sub102,,sub102.pkl,3,test,True
sub102.pkl-10-0,sub102.pkl-10-0,sub102,,sub102.pkl,3,test,True
sub102.pkl-10-1,sub102.pkl-10-1,sub102,,sub102.pkl,3,test,True
sub102.pkl-10-2,sub102.pkl-10-2,sub102,,sub102.pkl,3,test,True
sub102.pkl-11-0,sub102.pkl-11-0,sub102,,sub102.pkl,3,test,True
sub102.pkl-11-1,sub102.pkl-11-1,sub102,,sub102.pkl,3,test,True
sub102.pkl-11-2,sub102.pkl-11-2,sub102,,sub102.pkl,3,test,True
sub102.pkl-12-0,sub102.pkl-12-0,sub102,,sub102.pkl,4,test,True
sub102.pkl-12-1,sub102.pkl-12-1,sub102,,sub102.pkl,4,test,True
sub102.pkl-12-2,sub102.pkl-12-2,sub102,,sub102.pkl,4,test,True
sub102.pkl-13-0,sub102.pkl-13-0,sub102,,sub102.pkl,4,test,True
sub102.pkl-13-1,sub102.pkl-13-1,sub102,,sub102.pkl,4,test,True
sub102.pkl-13-2,sub102.pkl-13-2,sub102,,sub102.pkl,4,test,True
sub102.pkl-14-0,sub102.pkl-14-0,sub102,,sub102.pkl,4,test,True
sub102.pkl-14-1,sub102.pkl-14-1,sub102,,sub102.pkl,4,test,True
sub102.pkl-14-2,sub102.pkl-14-2,sub102,,sub102.pkl,4,test,True
sub102.pkl-15-0,sub102.pkl-15-0,sub102,,sub102.pkl,4,test,True
sub102.pkl-15-1,sub102.pkl-15-1,sub102,,sub102.pkl,4,test,True
sub102.pkl-15-2,sub102.pkl-15-2,sub102,,sub102.pkl,4,test,True
sub102.pkl-16-0,sub102.pkl-16-0,sub102,,sub102.pkl,5,test,True
sub102.pkl-16-1,sub102.pkl-16-1,sub102,,sub102.pkl,5,test,True
sub102.pkl-16-2,sub102.pkl-16-2,sub102,,sub102.pkl,5,test,True
sub102.pkl-17-0,sub102.pkl-17-0,sub102,,sub102.pkl,5,test,True
sub102.pkl-17-1,sub102.pkl-17-1,sub102,,sub102.pkl,5,test,True
sub102.pkl-17-2,sub102.pkl-17-2,sub102,,sub102.pkl,5,test,True
sub102.pkl-18-0,sub102.pkl-18-0,sub102,,sub102.pkl,5,test,True
sub102.pkl-18-1,sub102.pkl-18-1,sub102,,sub102.pkl,5,test,True
sub102.pkl-18-2,sub102.pkl-18-2,sub102,,sub102.pkl,5,test,True
sub102.pkl-19-0,sub102.pkl-19-0,sub102,,sub102.pkl,6,test,True
sub102.pkl-19-1,sub102.pkl-19-1,sub102,,sub102.pkl,6,test,True
sub102.pkl-19-2,sub102.pkl-19-2,sub102,,sub102.pkl,6,test,True
sub102.pkl-20-0,sub102.pkl-20-0,sub102,,sub102.pkl,6,test,True
sub102.pkl-20-1,sub102.pkl-20-1,sub102,,sub102.pkl,6,test,True
sub102.pkl-20-2,sub102.pkl-20-2,sub102,,sub102.pkl,6,test,True
sub102.pkl-21-0,sub102.pkl-21-0,sub102,,sub102.pkl,6,test,True
sub102.pkl-21-1,sub102.pkl-21-1,sub102,,sub102.pkl,6,test,True
sub102.pkl-21-2,sub102.pkl-21-2,sub102,,sub102.pkl,6,test,True
sub102.pkl-22-0,sub102.pkl-22-0,sub102,,sub102.pkl,7,test,True
sub102.pkl-22-1,sub102.pkl-22-1,sub102,,sub102.pkl,7,test,True
sub102.pkl-22-2,sub102.pkl-22-2,sub102,,sub102.pkl,7,test,True
sub102.pkl-23-0,sub102.pkl-23-0,sub102,,sub102.pkl,7,test,True
sub102.pkl-23-1,sub102.pkl-23-1,sub102,,sub102.pkl,7,test,True
sub102.pkl-23-2,sub102.pkl-23-2,sub102,,sub102.pkl,7,test,True
sub102.pkl-24-0,sub102.pkl-24-0,sub102,,sub102.pkl,7,test,True
sub102.pkl-24-1,sub102.pkl-24-1,sub102,,sub102.pkl,7,test,True
sub102.pkl-24-2,sub102.pkl-24-2,sub102,,sub102.pkl,7,test,True
sub102.pkl-25-0,sub102.pkl-25-0,sub102,,sub102.pkl,8,test,True
sub102.pkl-25-1,sub102.pkl-25-1,sub102,,sub102.pkl,8,test,True
sub102.pkl-25-2,sub102.pkl-25-2,sub102,,sub102.pkl,8,test,True
sub102.pkl-26-0,sub102.pkl-26-0,sub102,,sub102.pkl,8,test,True
sub102.pkl-26-1,sub102.pkl-26-1,sub102,,sub102.pkl,8,test,True
sub102.pkl-26-2,sub102.pkl-26-2,sub102,,sub102.pkl,8,test,True
sub102.pkl-27-0,sub102.pkl-27-0,sub102,,sub102.pkl,8,test,True
sub102.pkl-27-1,sub102.pkl-27-1,sub102,,sub102.pkl,8,test,True
sub102.pkl-27-2,sub102.pkl-27-2,sub102,,sub102.pkl,8,test,True
sub103.pkl-0-0,sub103.pkl-0-0,sub103,,sub103.pkl,0,test,True
sub103.pkl-0-1,sub103.pkl-0-1,sub103,,sub103.pkl,0,test,True
sub103.pkl-0-2,sub103.pkl-0-2,sub103,,sub103.pkl,0,test,True
sub103.pkl-1-0,sub103.pkl-1-0,sub103,,sub103.pkl,0,test,True
sub103.pkl-1-1,sub103.pkl-1-1,sub103,,sub103.pkl,0,test,True
sub103.pkl-1-2,sub103.pkl-1-2,sub103,,sub103.pkl,0,test,True
sub103.pkl-2-0,sub103.pkl-2-0,sub103,,sub103.pkl,0,test,True
sub103.pkl-2-1,sub103.pkl-2-1,sub103,,sub103.pkl,0,test,True
sub103.pkl-2-2,sub103.pkl-2-2,sub103,,sub103.pkl,0,test,True
sub103.pkl-3-0,sub103.pkl-3-0,sub103,,sub103.pkl,1,test,True
sub103.pkl-3-1,sub103.pkl-3-1,sub103,,sub103.pkl,1,test,True
sub103.pkl-3-2,sub103.pkl-3-2,sub103,,sub103.pkl,1,test,True
sub103.pkl-4-0,sub103.pkl-4-0,sub103,,sub103.pkl,1,test,True
sub103.pkl-4-1,sub103.pkl-4-1,sub103,,sub103.pkl,1,test,True
sub103.pkl-4-2,sub103.pkl-4-2,sub103,,sub103.pkl,1,test,True
sub103.pkl-5-0,sub103.pkl-5-0,sub103,,sub103.pkl,1,test,True
sub103.pkl-5-1,sub103.pkl-5-1,sub103,,sub103.pkl,1,test,True
sub103.pkl-5-2,sub103.pkl-5-2,sub103,,sub103.pkl,1,test,True
sub103.pkl-6-0,sub103.pkl-6-0,sub103,,sub103.pkl,2,test,True
sub103.pkl-6-1,sub103.pkl-6-1,sub103,,sub103.pkl,2,test,True
sub103.pkl-6-2,sub103.pkl-6-2,sub103,,sub103.pkl,2,test,True
sub103.pkl-7-0,sub103.pkl-7-0,sub103,,sub103.pkl,2,test,True
sub103.pkl-7-1,sub103.pkl-7-1,sub103,,sub103.pkl,2,test,True
sub103.pkl-7-2,sub103.pkl-7-2,sub103,,sub103.pkl,2,test,True
sub103.pkl-8-0,sub103.pkl-8-0,sub103,,sub103.pkl,2,test,True
sub103.pkl-8-1,sub103.pkl-8-1,sub103,,sub103.pkl,2,test,True
sub103.pkl-8-2,sub103.pkl-8-2,sub103,,sub103.pkl,2,test,True
sub103.pkl-9-0,sub103.pkl-9-0,sub103,,sub103.pkl,3,test,True
sub103.pkl-9-1,sub103.pkl-9-1,sub103,,sub103.pkl,3,test,True
sub103.pkl-9-2,sub103.pkl-9-2,sub103,,sub103.pkl,3,test,True
sub103.pkl-10-0,sub103.pkl-10-0,sub103,,sub103.pkl,3,test,True
sub103.pkl-10-1,sub103.pkl-10-1,sub103,,sub103.pkl,3,test,True
sub103.pkl-10-2,sub103.pkl-10-2,sub103,,sub103.pkl,3,test,True
sub103.pkl-11-0,sub103.pkl-11-0,sub103,,sub103.pkl,3,test,True
sub103.pkl-11-1,sub103.pkl-11-1,sub103,,sub103.pkl,3,test,True
sub103.pkl-11-2,sub103.pkl-11-2,sub103,,sub103.pkl,3,test,True
sub103.pkl-12-0,sub103.pkl-12-0,sub103,,sub103.pkl,4,test,True
sub103.pkl-12-1,sub103.pkl-12-1,sub103,,sub103.pkl,4,test,True
sub103.pkl-12-2,sub103.pkl-12-2,sub103,,sub103.pkl,4,test,True
sub103.pkl-13-0,sub103.pkl-13-0,sub103,,sub103.pkl,4,test,True
sub103.pkl-13-1,sub103.pkl-13-1,sub103,,sub103.pkl,4,test,True
sub103.pkl-13-2,sub103.pkl-13-2,sub103,,sub103.pkl,4,test,True
sub103.pkl-14-0,sub103.pkl-14-0,sub103,,sub103.pkl,4,test,True
sub103.pkl-14-1,sub103.pkl-14-1,sub103,,sub103.pkl,4,test,True
sub103.pkl-14-2,sub103.pkl-14-2,sub103,,sub103.pkl,4,test,True
sub103.pkl-15-0,sub103.pkl-15-0,sub103,,sub103.pkl,4,test,True
sub103.pkl-15-1,sub103.pkl-15-1,sub103,,sub103.pkl,4,test,True
sub103.pkl-15-2,sub103.pkl-15-2,sub103,,sub103.pkl,4,test,True
sub103.pkl-16-0,sub103.pkl-16-0,sub103,,sub103.pkl,5,test,True
sub103.pkl-16-1,sub103.pkl-16-1,sub103,,sub103.pkl,5,test,True
sub103.pkl-16-2,sub103.pkl-16-2,sub103,,sub103.pkl,5,test,True
sub103.pkl-17-0,sub103.pkl-17-0,sub103,,sub103.pkl,5,test,True
sub103.pkl-17-1,sub103.pkl-17-1,sub103,,sub103.pkl,5,test,True
sub103.pkl-17-2,sub103.pkl-17-2,sub103,,sub103.pkl,5,test,True
sub103.pkl-18-0,sub103.pkl-18-0,sub103,,sub103.pkl,5,test,True
sub103.pkl-18-1,sub103.pkl-18-1,sub103,,sub103.pkl,5,test,True
sub103.pkl-18-2,sub103.pkl-18-2,sub103,,sub103.pkl,5,test,True
sub103.pkl-19-0,sub103.pkl-19-0,sub103,,sub103.pkl,6,test,True
sub103.pkl-19-1,sub103.pkl-19-1,sub103,,sub103.pkl,6,test,True
sub103.pkl-19-2,sub103.pkl-19-2,sub103,,sub103.pkl,6,test,True
sub103.pkl-20-0,sub103.pkl-20-0,sub103,,sub103.pkl,6,test,True
sub103.pkl-20-1,sub103.pkl-20-1,sub103,,sub103.pkl,6,test,True
sub103.pkl-20-2,sub103.pkl-20-2,sub103,,sub103.pkl,6,test,True
sub103.pkl-21-0,sub103.pkl-21-0,sub103,,sub103.pkl,6,test,True
sub103.pkl-21-1,sub103.pkl-21-1,sub103,,sub103.pkl,6,test,True
sub103.pkl-21-2,sub103.pkl-21-2,sub103,,sub103.pkl,6,test,True
sub103.pkl-22-0,sub103.pkl-22-0,sub103,,sub103.pkl,7,test,True
sub103.pkl-22-1,sub103.pkl-22-1,sub103,,sub103.pkl,7,test,True
sub103.pkl-22-2,sub103.pkl-22-2,sub103,,sub103.pkl,7,test,True
sub103.pkl-23-0,sub103.pkl-23-0,sub103,,sub103.pkl,7,test,True
sub103.pkl-23-1,sub103.pkl-23-1,sub103,,sub103.pkl,7,test,True
sub103.pkl-23-2,sub103.pkl-23-2,sub103,,sub103.pkl,7,test,True
sub103.pkl-24-0,sub103.pkl-24-0,sub103,,sub103.pkl,7,test,True
sub103.pkl-24-1,sub103.pkl-24-1,sub103,,sub103.pkl,7,test,True
sub103.pkl-24-2,sub103.pkl-24-2,sub103,,sub103.pkl,7,test,True
sub103.pkl-25-0,sub103.pkl-25-0,sub103,,sub103.pkl,8,test,True
sub103.pkl-25-1,sub103.pkl-25-1,sub103,,sub103.pkl,8,test,True
sub103.pkl-25-2,sub103.pkl-25-2,sub103,,sub103.pkl,8,test,True
sub103.pkl-26-0,sub103.pkl-26-0,sub103,,sub103.pkl,8,test,True
sub103.pkl-26-1,sub103.pkl-26-1,sub103,,sub103.pkl,8,test,True
sub103.pkl-26-2,sub103.pkl-26-2,sub103,,sub103.pkl,8,test,True
sub103.pkl-27-0,sub103.pkl-27-0,sub103,,sub103.pkl,8,test,True
sub103.pkl-27-1,sub103.pkl-27-1,sub103,,sub103.pkl,8,test,True
sub103.pkl-27-2,sub103.pkl-27-2,sub103,,sub103.pkl,8,test,True
sub104.pkl-0-0,sub104.pkl-0-0,sub104,,sub104.pkl,0,test,True
sub104.pkl-0-1,sub104.pkl-0-1,sub104,,sub104.pkl,0,test,True
sub104.pkl-0-2,sub104.pkl-0-2,sub104,,sub104.pkl,0,test,True
sub104.pkl-1-0,sub104.pkl-1-0,sub104,,sub104.pkl,0,test,True
sub104.pkl-1-1,sub104.pkl-1-1,sub104,,sub104.pkl,0,test,True
sub104.pkl-1-2,sub104.pkl-1-2,sub104,,sub104.pkl,0,test,True
sub104.pkl-2-0,sub104.pkl-2-0,sub104,,sub104.pkl,0,test,True
sub104.pkl-2-1,sub104.pkl-2-1,sub104,,sub104.pkl,0,test,True
sub104.pkl-2-2,sub104.pkl-2-2,sub104,,sub104.pkl,0,test,True
sub104.pkl-3-0,sub104.pkl-3-0,sub104,,sub104.pkl,1,test,True
sub104.pkl-3-1,sub104.pkl-3-1,sub104,,sub104.pkl,1,test,True
sub104.pkl-3-2,sub104.pkl-3-2,sub104,,sub104.pkl,1,test,True
sub104.pkl-4-0,sub104.pkl-4-0,sub104,,sub104.pkl,1,test,True
sub104.pkl-4-1,sub104.pkl-4-1,sub104,,sub104.pkl,1,test,True
sub104.pkl-4-2,sub104.pkl-4-2,sub104,,sub104.pkl,1,test,True
sub104.pkl-5-0,sub104.pkl-5-0,sub104,,sub104.pkl,1,test,True
sub104.pkl-5-1,sub104.pkl-5-1,sub104,,sub104.pkl,1,test,True
sub104.pkl-5-2,sub104.pkl-5-2,sub104,,sub104.pkl,1,test,True
sub104.pkl-6-0,sub104.pkl-6-0,sub104,,sub104.pkl,2,test,True
sub104.pkl-6-1,sub104.pkl-6-1,sub104,,sub104.pkl,2,test,True
sub104.pkl-6-2,sub104.pkl-6-2,sub104,,sub104.pkl,2,test,True
sub104.pkl-7-0,sub104.pkl-7-0,sub104,,sub104.pkl,2,test,True
sub104.pkl-7-1,sub104.pkl-7-1,sub104,,sub104.pkl,2,test,True
sub104.pkl-7-2,sub104.pkl-7-2,sub104,,sub104.pkl,2,test,True
sub104.pkl-8-0,sub104.pkl-8-0,sub104,,sub104.pkl,2,test,True
sub104.pkl-8-1,sub104.pkl-8-1,sub104,,sub104.pkl,2,test,True
sub104.pkl-8-2,sub104.pkl-8-2,sub104,,sub104.pkl,2,test,True
sub104.pkl-9-0,sub104.pkl-9-0,sub104,,sub104.pkl,3,test,True
sub104.pkl-9-1,sub104.pkl-9-1,sub104,,sub104.pkl,3,test,True
sub104.pkl-9-2,sub104.pkl-9-2,sub104,,sub104.pkl,3,test,True
sub104.pkl-10-0,sub104.pkl-10-0,sub104,,sub104.pkl,3,test,True
sub104.pkl-10-1,sub104.pkl-10-1,sub104,,sub104.pkl,3,test,True
sub104.pkl-10-2,sub104.pkl-10-2,sub104,,sub104.pkl,3,test,True
sub104.pkl-11-0,sub104.pkl-11-0,sub104,,sub104.pkl,3,test,True
sub104.pkl-11-1,sub104.pkl-11-1,sub104,,sub104.pkl,3,test,True
sub104.pkl-11-2,sub104.pkl-11-2,sub104,,sub104.pkl,3,test,True
sub104.pkl-12-0,sub104.pkl-12-0,sub104,,sub104.pkl,4,test,True
sub104.pkl-12-1,sub104.pkl-12-1,sub104,,sub104.pkl,4,test,True
sub104.pkl-12-2,sub104.pkl-12-2,sub104,,sub104.pkl,4,test,True
sub104.pkl-13-0,sub104.pkl-13-0,sub104,,sub104.pkl,4,test,True
sub104.pkl-13-1,sub104.pkl-13-1,sub104,,sub104.pkl,4,test,True
sub104.pkl-13-2,sub104.pkl-13-2,sub104,,sub104.pkl,4,test,True
sub104.pkl-14-0,sub104.pkl-14-0,sub104,,sub104.pkl,4,test,True
sub104.pkl-14-1,sub104.pkl-14-1,sub104,,sub104.pkl,4,test,True
sub104.pkl-14-2,sub104.pkl-14-2,sub104,,sub104.pkl,4,test,True
sub104.pkl-15-0,sub104.pkl-15-0,sub104,,sub104.pkl,4,test,True
sub104.pkl-15-1,sub104.pkl-15-1,sub104,,sub104.pkl,4,test,True
sub104.pkl-15-2,sub104.pkl-15-2,sub104,,sub104.pkl,4,test,True
sub104.pkl-16-0,sub104.pkl-16-0,sub104,,sub104.pkl,5,test,True
sub104.pkl-16-1,sub104.pkl-16-1,sub104,,sub104.pkl,5,test,True
sub104.pkl-16-2,sub104.pkl-16-2,sub104,,sub104.pkl,5,test,True
sub104.pkl-17-0,sub104.pkl-17-0,sub104,,sub104.pkl,5,test,True
sub104.pkl-17-1,sub104.pkl-17-1,sub104,,sub104.pkl,5,test,True
sub104.pkl-17-2,sub104.pkl-17-2,sub104,,sub104.pkl,5,test,True
sub104.pkl-18-0,sub104.pkl-18-0,sub104,,sub104.pkl,5,test,True
sub104.pkl-18-1,sub104.pkl-18-1,sub104,,sub104.pkl,5,test,True
sub104.pkl-18-2,sub104.pkl-18-2,sub104,,sub104.pkl,5,test,True
sub104.pkl-19-0,sub104.pkl-19-0,sub104,,sub104.pkl,6,test,True
sub104.pkl-19-1,sub104.pkl-19-1,sub104,,sub104.pkl,6,test,True
sub104.pkl-19-2,sub104.pkl-19-2,sub104,,sub104.pkl,6,test,True
sub104.pkl-20-0,sub104.pkl-20-0,sub104,,sub104.pkl,6,test,True
sub104.pkl-20-1,sub104.pkl-20-1,sub104,,sub104.pkl,6,test,True
sub104.pkl-20-2,sub104.pkl-20-2,sub104,,sub104.pkl,6,test,True
sub104.pkl-21-0,sub104.pkl-21-0,sub104,,sub104.pkl,6,test,True
sub104.pkl-21-1,sub104.pkl-21-1,sub104,,sub104.pkl,6,test,True
sub104.pkl-21-2,sub104.pkl-21-2,sub104,,sub104.pkl,6,test,True
sub104.pkl-22-0,sub104.pkl-22-0,sub104,,sub104.pkl,7,test,True
sub104.pkl-22-1,sub104.pkl-22-1,sub104,,sub104.pkl,7,test,True
sub104.pkl-22-2,sub104.pkl-22-2,sub104,,sub104.pkl,7,test,True
sub104.pkl-23-0,sub104.pkl-23-0,sub104,,sub104.pkl,7,test,True
sub104.pkl-23-1,sub104.pkl-23-1,sub104,,sub104.pkl,7,test,True
sub104.pkl-23-2,sub104.pkl-23-2,sub104,,sub104.pkl,7,test,True
sub104.pkl-24-0,sub104.pkl-24-0,sub104,,sub104.pkl,7,test,True
sub104.pkl-24-1,sub104.pkl-24-1,sub104,,sub104.pkl,7,test,True
sub104.pkl-24-2,sub104.pkl-24-2,sub104,,sub104.pkl,7,test,True
sub104.pkl-25-0,sub104.pkl-25-0,sub104,,sub104.pkl,8,test,True
sub104.pkl-25-1,sub104.pkl-25-1,sub104,,sub104.pkl,8,test,True
sub104.pkl-25-2,sub104.pkl-25-2,sub104,,sub104.pkl,8,test,True
sub104.pkl-26-0,sub104.pkl-26-0,sub104,,sub104.pkl,8,test,True
sub104.pkl-26-1,sub104.pkl-26-1,sub104,,sub104.pkl,8,test,True
sub104.pkl-26-2,sub104.pkl-26-2,sub104,,sub104.pkl,8,test,True
sub104.pkl-27-0,sub104.pkl-27-0,sub104,,sub104.pkl,8,test,True
sub104.pkl-27-1,sub104.pkl-27-1,sub104,,sub104.pkl,8,test,True
sub104.pkl-27-2,sub104.pkl-27-2,sub104,,sub104.pkl,8,test,True
sub105.pkl-0-0,sub105.pkl-0-0,sub105,,sub105.pkl,0,test,True
sub105.pkl-0-1,sub105.pkl-0-1,sub105,,sub105.pkl,0,test,True
sub105.pkl-0-2,sub105.pkl-0-2,sub105,,sub105.pkl,0,test,True
sub105.pkl-1-0,sub105.pkl-1-0,sub105,,sub105.pkl,0,test,True
sub105.pkl-1-1,sub105.pkl-1-1,sub105,,sub105.pkl,0,test,True
sub105.pkl-1-2,sub105.pkl-1-2,sub105,,sub105.pkl,0,test,True
sub105.pkl-2-0,sub105.pkl-2-0,sub105,,sub105.pkl,0,test,True
sub105.pkl-2-1,sub105.pkl-2-1,sub105,,sub105.pkl,0,test,True
sub105.pkl-2-2,sub105.pkl-2-2,sub105,,sub105.pkl,0,test,True
sub105.pkl-3-0,sub105.pkl-3-0,sub105,,sub105.pkl,1,test,True
sub105.pkl-3-1,sub105.pkl-3-1,sub105,,sub105.pkl,1,test,True
sub105.pkl-3-2,sub105.pkl-3-2,sub105,,sub105.pkl,1,test,True
sub105.pkl-4-0,sub105.pkl-4-0,sub105,,sub105.pkl,1,test,True
sub105.pkl-4-1,sub105.pkl-4-1,sub105,,sub105.pkl,1,test,True
sub105.pkl-4-2,sub105.pkl-4-2,sub105,,sub105.pkl,1,test,True
sub105.pkl-5-0,sub105.pkl-5-0,sub105,,sub105.pkl,1,test,True
sub105.pkl-5-1,sub105.pkl-5-1,sub105,,sub105.pkl,1,test,True
sub105.pkl-5-2,sub105.pkl-5-2,sub105,,sub105.pkl,1,test,True
sub105.pkl-6-0,sub105.pkl-6-0,sub105,,sub105.pkl,2,test,True
sub105.pkl-6-1,sub105.pkl-6-1,sub105,,sub105.pkl,2,test,True
sub105.pkl-6-2,sub105.pkl-6-2,sub105,,sub105.pkl,2,test,True
sub105.pkl-7-0,sub105.pkl-7-0,sub105,,sub105.pkl,2,test,True
sub105.pkl-7-1,sub105.pkl-7-1,sub105,,sub105.pkl,2,test,True
sub105.pkl-7-2,sub105.pkl-7-2,sub105,,sub105.pkl,2,test,True
sub105.pkl-8-0,sub105.pkl-8-0,sub105,,sub105.pkl,2,test,True
sub105.pkl-8-1,sub105.pkl-8-1,sub105,,sub105.pkl,2,test,True
sub105.pkl-8-2,sub105.pkl-8-2,sub105,,sub105.pkl,2,test,True
sub105.pkl-9-0,sub105.pkl-9-0,sub105,,sub105.pkl,3,test,True
sub105.pkl-9-1,sub105.pkl-9-1,sub105,,sub105.pkl,3,test,True
sub105.pkl-9-2,sub105.pkl-9-2,sub105,,sub105.pkl,3,test,True
sub105.pkl-10-0,sub105.pkl-10-0,sub105,,sub105.pkl,3,test,True
sub105.pkl-10-1,sub105.pkl-10-1,sub105,,sub105.pkl,3,test,True
sub105.pkl-10-2,sub105.pkl-10-2,sub105,,sub105.pkl,3,test,True
sub105.pkl-11-0,sub105.pkl-11-0,sub105,,sub105.pkl,3,test,True
sub105.pkl-11-1,sub105.pkl-11-1,sub105,,sub105.pkl,3,test,True
sub105.pkl-11-2,sub105.pkl-11-2,sub105,,sub105.pkl,3,test,True
sub105.pkl-12-0,sub105.pkl-12-0,sub105,,sub105.pkl,4,test,True
sub105.pkl-12-1,sub105.pkl-12-1,sub105,,sub105.pkl,4,test,True
sub105.pkl-12-2,sub105.pkl-12-2,sub105,,sub105.pkl,4,test,True
sub105.pkl-13-0,sub105.pkl-13-0,sub105,,sub105.pkl,4,test,True
sub105.pkl-13-1,sub105.pkl-13-1,sub105,,sub105.pkl,4,test,True
sub105.pkl-13-2,sub105.pkl-13-2,sub105,,sub105.pkl,4,test,True
sub105.pkl-14-0,sub105.pkl-14-0,sub105,,sub105.pkl,4,test,True
sub105.pkl-14-1,sub105.pkl-14-1,sub105,,sub105.pkl,4,test,True
sub105.pkl-14-2,sub105.pkl-14-2,sub105,,sub105.pkl,4,test,True
sub105.pkl-15-0,sub105.pkl-15-0,sub105,,sub105.pkl,4,test,True
sub105.pkl-15-1,sub105.pkl-15-1,sub105,,sub105.pkl,4,test,True
sub105.pkl-15-2,sub105.pkl-15-2,sub105,,sub105.pkl,4,test,True
sub105.pkl-16-0,sub105.pkl-16-0,sub105,,sub105.pkl,5,test,True
sub105.pkl-16-1,sub105.pkl-16-1,sub105,,sub105.pkl,5,test,True
sub105.pkl-16-2,sub105.pkl-16-2,sub105,,sub105.pkl,5,test,True
sub105.pkl-17-0,sub105.pkl-17-0,sub105,,sub105.pkl,5,test,True
sub105.pkl-17-1,sub105.pkl-17-1,sub105,,sub105.pkl,5,test,True
sub105.pkl-17-2,sub105.pkl-17-2,sub105,,sub105.pkl,5,test,True
sub105.pkl-18-0,sub105.pkl-18-0,sub105,,sub105.pkl,5,test,True
sub105.pkl-18-1,sub105.pkl-18-1,sub105,,sub105.pkl,5,test,True
sub105.pkl-18-2,sub105.pkl-18-2,sub105,,sub105.pkl,5,test,True
sub105.pkl-19-0,sub105.pkl-19-0,sub105,,sub105.pkl,6,test,True
sub105.pkl-19-1,sub105.pkl-19-1,sub105,,sub105.pkl,6,test,True
sub105.pkl-19-2,sub105.pkl-19-2,sub105,,sub105.pkl,6,test,True
sub105.pkl-20-0,sub105.pkl-20-0,sub105,,sub105.pkl,6,test,True
sub105.pkl-20-1,sub105.pkl-20-1,sub105,,sub105.pkl,6,test,True
sub105.pkl-20-2,sub105.pkl-20-2,sub105,,sub105.pkl,6,test,True
sub105.pkl-21-0,sub105.pkl-21-0,sub105,,sub105.pkl,6,test,True
sub105.pkl-21-1,sub105.pkl-21-1,sub105,,sub105.pkl,6,test,True
sub105.pkl-21-2,sub105.pkl-21-2,sub105,,sub105.pkl,6,test,True
sub105.pkl-22-0,sub105.pkl-22-0,sub105,,sub105.pkl,7,test,True
sub105.pkl-22-1,sub105.pkl-22-1,sub105,,sub105.pkl,7,test,True
sub105.pkl-22-2,sub105.pkl-22-2,sub105,,sub105.pkl,7,test,True
sub105.pkl-23-0,sub105.pkl-23-0,sub105,,sub105.pkl,7,test,True
sub105.pkl-23-1,sub105.pkl-23-1,sub105,,sub105.pkl,7,test,True
sub105.pkl-23-2,sub105.pkl-23-2,sub105,,sub105.pkl,7,test,True
sub105.pkl-24-0,sub105.pkl-24-0,sub105,,sub105.pkl,7,test,True
sub105.pkl-24-1,sub105.pkl-24-1,sub105,,sub105.pkl,7,test,True
sub105.pkl-24-2,sub105.pkl-24-2,sub105,,sub105.pkl,7,test,True
sub105.pkl-25-0,sub105.pkl-25-0,sub105,,sub105.pkl,8,test,True
sub105.pkl-25-1,sub105.pkl-25-1,sub105,,sub105.pkl,8,test,True
sub105.pkl-25-2,sub105.pkl-25-2,sub105,,sub105.pkl,8,test,True
sub105.pkl-26-0,sub105.pkl-26-0,sub105,,sub105.pkl,8,test,True
sub105.pkl-26-1,sub105.pkl-26-1,sub105,,sub105.pkl,8,test,True
sub105.pkl-26-2,sub105.pkl-26-2,sub105,,sub105.pkl,8,test,True
sub105.pkl-27-0,sub105.pkl-27-0,sub105,,sub105.pkl,8,test,True
sub105.pkl-27-1,sub105.pkl-27-1,sub105,,sub105.pkl,8,test,True
sub105.pkl-27-2,sub105.pkl-27-2,sub105,,sub105.pkl,8,test,True
sub106.pkl-0-0,sub106.pkl-0-0,sub106,,sub106.pkl,0,test,True
sub106.pkl-0-1,sub106.pkl-0-1,sub106,,sub106.pkl,0,test,True
sub106.pkl-0-2,sub106.pkl-0-2,sub106,,sub106.pkl,0,test,True
sub106.pkl-1-0,sub106.pkl-1-0,sub106,,sub106.pkl,0,test,True
sub106.pkl-1-1,sub106.pkl-1-1,sub106,,sub106.pkl,0,test,True
sub106.pkl-1-2,sub106.pkl-1-2,sub106,,sub106.pkl,0,test,True
sub106.pkl-2-0,sub106.pkl-2-0,sub106,,sub106.pkl,0,test,True
sub106.pkl-2-1,sub106.pkl-2-1,sub106,,sub106.pkl,0,test,True
sub106.pkl-2-2,sub106.pkl-2-2,sub106,,sub106.pkl,0,test,True
sub106.pkl-3-0,sub106.pkl-3-0,sub106,,sub106.pkl,1,test,True
sub106.pkl-3-1,sub106.pkl-3-1,sub106,,sub106.pkl,1,test,True
sub106.pkl-3-2,sub106.pkl-3-2,sub106,,sub106.pkl,1,test,True
sub106.pkl-4-0,sub106.pkl-4-0,sub106,,sub106.pkl,1,test,True
sub106.pkl-4-1,sub106.pkl-4-1,sub106,,sub106.pkl,1,test,True
sub106.pkl-4-2,sub106.pkl-4-2,sub106,,sub106.pkl,1,test,True
sub106.pkl-5-0,sub106.pkl-5-0,sub106,,sub106.pkl,1,test,True
sub106.pkl-5-1,sub106.pkl-5-1,sub106,,sub106.pkl,1,test,True
sub106.pkl-5-2,sub106.pkl-5-2,sub106,,sub106.pkl,1,test,True
sub106.pkl-6-0,sub106.pkl-6-0,sub106,,sub106.pkl,2,test,True
sub106.pkl-6-1,sub106.pkl-6-1,sub106,,sub106.pkl,2,test,True
sub106.pkl-6-2,sub106.pkl-6-2,sub106,,sub106.pkl,2,test,True
sub106.pkl-7-0,sub106.pkl-7-0,sub106,,sub106.pkl,2,test,True
sub106.pkl-7-1,sub106.pkl-7-1,sub106,,sub106.pkl,2,test,True
sub106.pkl-7-2,sub106.pkl-7-2,sub106,,sub106.pkl,2,test,True
sub106.pkl-8-0,sub106.pkl-8-0,sub106,,sub106.pkl,2,test,True
sub106.pkl-8-1,sub106.pkl-8-1,sub106,,sub106.pkl,2,test,True
sub106.pkl-8-2,sub106.pkl-8-2,sub106,,sub106.pkl,2,test,True
sub106.pkl-9-0,sub106.pkl-9-0,sub106,,sub106.pkl,3,test,True
sub106.pkl-9-1,sub106.pkl-9-1,sub106,,sub106.pkl,3,test,True
sub106.pkl-9-2,sub106.pkl-9-2,sub106,,sub106.pkl,3,test,True
sub106.pkl-10-0,sub106.pkl-10-0,sub106,,sub106.pkl,3,test,True
sub106.pkl-10-1,sub106.pkl-10-1,sub106,,sub106.pkl,3,test,True
sub106.pkl-10-2,sub106.pkl-10-2,sub106,,sub106.pkl,3,test,True
sub106.pkl-11-0,sub106.pkl-11-0,sub106,,sub106.pkl,3,test,True
sub106.pkl-11-1,sub106.pkl-11-1,sub106,,sub106.pkl,3,test,True
sub106.pkl-11-2,sub106.pkl-11-2,sub106,,sub106.pkl,3,test,True
sub106.pkl-12-0,sub106.pkl-12-0,sub106,,sub106.pkl,4,test,True
sub106.pkl-12-1,sub106.pkl-12-1,sub106,,sub106.pkl,4,test,True
sub106.pkl-12-2,sub106.pkl-12-2,sub106,,sub106.pkl,4,test,True
sub106.pkl-13-0,sub106.pkl-13-0,sub106,,sub106.pkl,4,test,True
sub106.pkl-13-1,sub106.pkl-13-1,sub106,,sub106.pkl,4,test,True
sub106.pkl-13-2,sub106.pkl-13-2,sub106,,sub106.pkl,4,test,True
sub106.pkl-14-0,sub106.pkl-14-0,sub106,,sub106.pkl,4,test,True
sub106.pkl-14-1,sub106.pkl-14-1,sub106,,sub106.pkl,4,test,True
sub106.pkl-14-2,sub106.pkl-14-2,sub106,,sub106.pkl,4,test,True
sub106.pkl-15-0,sub106.pkl-15-0,sub106,,sub106.pkl,4,test,True
sub106.pkl-15-1,sub106.pkl-15-1,sub106,,sub106.pkl,4,test,True
sub106.pkl-15-2,sub106.pkl-15-2,sub106,,sub106.pkl,4,test,True
sub106.pkl-16-0,sub106.pkl-16-0,sub106,,sub106.pkl,5,test,True
sub106.pkl-16-1,sub106.pkl-16-1,sub106,,sub106.pkl,5,test,True
sub106.pkl-16-2,sub106.pkl-16-2,sub106,,sub106.pkl,5,test,True
sub106.pkl-17-0,sub106.pkl-17-0,sub106,,sub106.pkl,5,test,True
sub106.pkl-17-1,sub106.pkl-17-1,sub106,,sub106.pkl,5,test,True
sub106.pkl-17-2,sub106.pkl-17-2,sub106,,sub106.pkl,5,test,True
sub106.pkl-18-0,sub106.pkl-18-0,sub106,,sub106.pkl,5,test,True
sub106.pkl-18-1,sub106.pkl-18-1,sub106,,sub106.pkl,5,test,True
sub106.pkl-18-2,sub106.pkl-18-2,sub106,,sub106.pkl,5,test,True
sub106.pkl-19-0,sub106.pkl-19-0,sub106,,sub106.pkl,6,test,True
sub106.pkl-19-1,sub106.pkl-19-1,sub106,,sub106.pkl,6,test,True
sub106.pkl-19-2,sub106.pkl-19-2,sub106,,sub106.pkl,6,test,True
sub106.pkl-20-0,sub106.pkl-20-0,sub106,,sub106.pkl,6,test,True
sub106.pkl-20-1,sub106.pkl-20-1,sub106,,sub106.pkl,6,test,True
sub106.pkl-20-2,sub106.pkl-20-2,sub106,,sub106.pkl,6,test,True
sub106.pkl-21-0,sub106.pkl-21-0,sub106,,sub106.pkl,6,test,True
sub106.pkl-21-1,sub106.pkl-21-1,sub106,,sub106.pkl,6,test,True
sub106.pkl-21-2,sub106.pkl-21-2,sub106,,sub106.pkl,6,test,True
sub106.pkl-22-0,sub106.pkl-22-0,sub106,,sub106.pkl,7,test,True
sub106.pkl-22-1,sub106.pkl-22-1,sub106,,sub106.pkl,7,test,True
sub106.pkl-22-2,sub106.pkl-22-2,sub106,,sub106.pkl,7,test,True
sub106.pkl-23-0,sub106.pkl-23-0,sub106,,sub106.pkl,7,test,True
sub106.pkl-23-1,sub106.pkl-23-1,sub106,,sub106.pkl,7,test,True
sub106.pkl-23-2,sub106.pkl-23-2,sub106,,sub106.pkl,7,test,True
sub106.pkl-24-0,sub106.pkl-24-0,sub106,,sub106.pkl,7,test,True
sub106.pkl-24-1,sub106.pkl-24-1,sub106,,sub106.pkl,7,test,True
sub106.pkl-24-2,sub106.pkl-24-2,sub106,,sub106.pkl,7,test,True
sub106.pkl-25-0,sub106.pkl-25-0,sub106,,sub106.pkl,8,test,True
sub106.pkl-25-1,sub106.pkl-25-1,sub106,,sub106.pkl,8,test,True
sub106.pkl-25-2,sub106.pkl-25-2,sub106,,sub106.pkl,8,test,True
sub106.pkl-26-0,sub106.pkl-26-0,sub106,,sub106.pkl,8,test,True
sub106.pkl-26-1,sub106.pkl-26-1,sub106,,sub106.pkl,8,test,True
sub106.pkl-26-2,sub106.pkl-26-2,sub106,,sub106.pkl,8,test,True
sub106.pkl-27-0,sub106.pkl-27-0,sub106,,sub106.pkl,8,test,True
sub106.pkl-27-1,sub106.pkl-27-1,sub106,,sub106.pkl,8,test,True
sub106.pkl-27-2,sub106.pkl-27-2,sub106,,sub106.pkl,8,test,True
sub107.pkl-0-0,sub107.pkl-0-0,sub107,,sub107.pkl,0,test,True
sub107.pkl-0-1,sub107.pkl-0-1,sub107,,sub107.pkl,0,test,True
sub107.pkl-0-2,sub107.pkl-0-2,sub107,,sub107.pkl,0,test,True
sub107.pkl-1-0,sub107.pkl-1-0,sub107,,sub107.pkl,0,test,True
sub107.pkl-1-1,sub107.pkl-1-1,sub107,,sub107.pkl,0,test,True
sub107.pkl-1-2,sub107.pkl-1-2,sub107,,sub107.pkl,0,test,True
sub107.pkl-2-0,sub107.pkl-2-0,sub107,,sub107.pkl,0,test,True
sub107.pkl-2-1,sub107.pkl-2-1,sub107,,sub107.pkl,0,test,True
sub107.pkl-2-2,sub107.pkl-2-2,sub107,,sub107.pkl,0,test,True
sub107.pkl-3-0,sub107.pkl-3-0,sub107,,sub107.pkl,1,test,True
sub107.pkl-3-1,sub107.pkl-3-1,sub107,,sub107.pkl,1,test,True
sub107.pkl-3-2,sub107.pkl-3-2,sub107,,sub107.pkl,1,test,True
sub107.pkl-4-0,sub107.pkl-4-0,sub107,,sub107.pkl,1,test,True
sub107.pkl-4-1,sub107.pkl-4-1,sub107,,sub107.pkl,1,test,True
sub107.pkl-4-2,sub107.pkl-4-2,sub107,,sub107.pkl,1,test,True
sub107.pkl-5-0,sub107.pkl-5-0,sub107,,sub107.pkl,1,test,True
sub107.pkl-5-1,sub107.pkl-5-1,sub107,,sub107.pkl,1,test,True
sub107.pkl-5-2,sub107.pkl-5-2,sub107,,sub107.pkl,1,test,True
sub107.pkl-6-0,sub107.pkl-6-0,sub107,,sub107.pkl,2,test,True
sub107.pkl-6-1,sub107.pkl-6-1,sub107,,sub107.pkl,2,test,True
sub107.pkl-6-2,sub107.pkl-6-2,sub107,,sub107.pkl,2,test,True
sub107.pkl-7-0,sub107.pkl-7-0,sub107,,sub107.pkl,2,test,True
sub107.pkl-7-1,sub107.pkl-7-1,sub107,,sub107.pkl,2,test,True
sub107.pkl-7-2,sub107.pkl-7-2,sub107,,sub107.pkl,2,test,True
sub107.pkl-8-0,sub107.pkl-8-0,sub107,,sub107.pkl,2,test,True
sub107.pkl-8-1,sub107.pkl-8-1,sub107,,sub107.pkl,2,test,True
sub107.pkl-8-2,sub107.pkl-8-2,sub107,,sub107.pkl,2,test,True
sub107.pkl-9-0,sub107.pkl-9-0,sub107,,sub107.pkl,3,test,True
sub107.pkl-9-1,sub107.pkl-9-1,sub107,,sub107.pkl,3,test,True
sub107.pkl-9-2,sub107.pkl-9-2,sub107,,sub107.pkl,3,test,True
sub107.pkl-10-0,sub107.pkl-10-0,sub107,,sub107.pkl,3,test,True
sub107.pkl-10-1,sub107.pkl-10-1,sub107,,sub107.pkl,3,test,True
sub107.pkl-10-2,sub107.pkl-10-2,sub107,,sub107.pkl,3,test,True
sub107.pkl-11-0,sub107.pkl-11-0,sub107,,sub107.pkl,3,test,True
sub107.pkl-11-1,sub107.pkl-11-1,sub107,,sub107.pkl,3,test,True
sub107.pkl-11-2,sub107.pkl-11-2,sub107,,sub107.pkl,3,test,True
sub107.pkl-12-0,sub107.pkl-12-0,sub107,,sub107.pkl,4,test,True
sub107.pkl-12-1,sub107.pkl-12-1,sub107,,sub107.pkl,4,test,True
sub107.pkl-12-2,sub107.pkl-12-2,sub107,,sub107.pkl,4,test,True
sub107.pkl-13-0,sub107.pkl-13-0,sub107,,sub107.pkl,4,test,True
sub107.pkl-13-1,sub107.pkl-13-1,sub107,,sub107.pkl,4,test,True
sub107.pkl-13-2,sub107.pkl-13-2,sub107,,sub107.pkl,4,test,True
sub107.pkl-14-0,sub107.pkl-14-0,sub107,,sub107.pkl,4,test,True
sub107.pkl-14-1,sub107.pkl-14-1,sub107,,sub107.pkl,4,test,True
sub107.pkl-14-2,sub107.pkl-14-2,sub107,,sub107.pkl,4,test,True
sub107.pkl-15-0,sub107.pkl-15-0,sub107,,sub107.pkl,4,test,True
sub107.pkl-15-1,sub107.pkl-15-1,sub107,,sub107.pkl,4,test,True
sub107.pkl-15-2,sub107.pkl-15-2,sub107,,sub107.pkl,4,test,True
sub107.pkl-16-0,sub107.pkl-16-0,sub107,,sub107.pkl,5,test,True
sub107.pkl-16-1,sub107.pkl-16-1,sub107,,sub107.pkl,5,test,True
sub107.pkl-16-2,sub107.pkl-16-2,sub107,,sub107.pkl,5,test,True
sub107.pkl-17-0,sub107.pkl-17-0,sub107,,sub107.pkl,5,test,True
sub107.pkl-17-1,sub107.pkl-17-1,sub107,,sub107.pkl,5,test,True
sub107.pkl-17-2,sub107.pkl-17-2,sub107,,sub107.pkl,5,test,True
sub107.pkl-18-0,sub107.pkl-18-0,sub107,,sub107.pkl,5,test,True
sub107.pkl-18-1,sub107.pkl-18-1,sub107,,sub107.pkl,5,test,True
sub107.pkl-18-2,sub107.pkl-18-2,sub107,,sub107.pkl,5,test,True
sub107.pkl-19-0,sub107.pkl-19-0,sub107,,sub107.pkl,6,test,True
sub107.pkl-19-1,sub107.pkl-19-1,sub107,,sub107.pkl,6,test,True
sub107.pkl-19-2,sub107.pkl-19-2,sub107,,sub107.pkl,6,test,True
sub107.pkl-20-0,sub107.pkl-20-0,sub107,,sub107.pkl,6,test,True
sub107.pkl-20-1,sub107.pkl-20-1,sub107,,sub107.pkl,6,test,True
sub107.pkl-20-2,sub107.pkl-20-2,sub107,,sub107.pkl,6,test,True
sub107.pkl-21-0,sub107.pkl-21-0,sub107,,sub107.pkl,6,test,True
sub107.pkl-21-1,sub107.pkl-21-1,sub107,,sub107.pkl,6,test,True
sub107.pkl-21-2,sub107.pkl-21-2,sub107,,sub107.pkl,6,test,True
sub107.pkl-22-0,sub107.pkl-22-0,sub107,,sub107.pkl,7,test,True
sub107.pkl-22-1,sub107.pkl-22-1,sub107,,sub107.pkl,7,test,True
sub107.pkl-22-2,sub107.pkl-22-2,sub107,,sub107.pkl,7,test,True
sub107.pkl-23-0,sub107.pkl-23-0,sub107,,sub107.pkl,7,test,True
sub107.pkl-23-1,sub107.pkl-23-1,sub107,,sub107.pkl,7,test,True
sub107.pkl-23-2,sub107.pkl-23-2,sub107,,sub107.pkl,7,test,True
sub107.pkl-24-0,sub107.pkl-24-0,sub107,,sub107.pkl,7,test,True
sub107.pkl-24-1,sub107.pkl-24-1,sub107,,sub107.pkl,7,test,True
sub107.pkl-24-2,sub107.pkl-24-2,sub107,,sub107.pkl,7,test,True
sub107.pkl-25-0,sub107.pkl-25-0,sub107,,sub107.pkl,8,test,True
sub107.pkl-25-1,sub107.pkl-25-1,sub107,,sub107.pkl,8,test,True
sub107.pkl-25-2,sub107.pkl-25-2,sub107,,sub107.pkl,8,test,True
sub107.pkl-26-0,sub107.pkl-26-0,sub107,,sub107.pkl,8,test,True
sub107.pkl-26-1,sub107.pkl-26-1,sub107,,sub107.pkl,8,test,True
sub107.pkl-26-2,sub107.pkl-26-2,sub107,,sub107.pkl,8,test,True
sub107.pkl-27-0,sub107.pkl-27-0,sub107,,sub107.pkl,8,test,True
sub107.pkl-27-1,sub107.pkl-27-1,sub107,,sub107.pkl,8,test,True
sub107.pkl-27-2,sub107.pkl-27-2,sub107,,sub107.pkl,8,test,True
sub108.pkl-0-0,sub108.pkl-0-0,sub108,,sub108.pkl,0,test,True
sub108.pkl-0-1,sub108.pkl-0-1,sub108,,sub108.pkl,0,test,True
sub108.pkl-0-2,sub108.pkl-0-2,sub108,,sub108.pkl,0,test,True
sub108.pkl-1-0,sub108.pkl-1-0,sub108,,sub108.pkl,0,test,True
sub108.pkl-1-1,sub108.pkl-1-1,sub108,,sub108.pkl,0,test,True
sub108.pkl-1-2,sub108.pkl-1-2,sub108,,sub108.pkl,0,test,True
sub108.pkl-2-0,sub108.pkl-2-0,sub108,,sub108.pkl,0,test,True
sub108.pkl-2-1,sub108.pkl-2-1,sub108,,sub108.pkl,0,test,True
sub108.pkl-2-2,sub108.pkl-2-2,sub108,,sub108.pkl,0,test,True
sub108.pkl-3-0,sub108.pkl-3-0,sub108,,sub108.pkl,1,test,True
sub108.pkl-3-1,sub108.pkl-3-1,sub108,,sub108.pkl,1,test,True
sub108.pkl-3-2,sub108.pkl-3-2,sub108,,sub108.pkl,1,test,True
sub108.pkl-4-0,sub108.pkl-4-0,sub108,,sub108.pkl,1,test,True
sub108.pkl-4-1,sub108.pkl-4-1,sub108,,sub108.pkl,1,test,True
sub108.pkl-4-2,sub108.pkl-4-2,sub108,,sub108.pkl,1,test,True
sub108.pkl-5-0,sub108.pkl-5-0,sub108,,sub108.pkl,1,test,True
sub108.pkl-5-1,sub108.pkl-5-1,sub108,,sub108.pkl,1,test,True
sub108.pkl-5-2,sub108.pkl-5-2,sub108,,sub108.pkl,1,test,True
sub108.pkl-6-0,sub108.pkl-6-0,sub108,,sub108.pkl,2,test,True
sub108.pkl-6-1,sub108.pkl-6-1,sub108,,sub108.pkl,2,test,True
sub108.pkl-6-2,sub108.pkl-6-2,sub108,,sub108.pkl,2,test,True
sub108.pkl-7-0,sub108.pkl-7-0,sub108,,sub108.pkl,2,test,True
sub108.pkl-7-1,sub108.pkl-7-1,sub108,,sub108.pkl,2,test,True
sub108.pkl-7-2,sub108.pkl-7-2,sub108,,sub108.pkl,2,test,True
sub108.pkl-8-0,sub108.pkl-8-0,sub108,,sub108.pkl,2,test,True
sub108.pkl-8-1,sub108.pkl-8-1,sub108,,sub108.pkl,2,test,True
sub108.pkl-8-2,sub108.pkl-8-2,sub108,,sub108.pkl,2,test,True
sub108.pkl-9-0,sub108.pkl-9-0,sub108,,sub108.pkl,3,test,True
sub108.pkl-9-1,sub108.pkl-9-1,sub108,,sub108.pkl,3,test,True
sub108.pkl-9-2,sub108.pkl-9-2,sub108,,sub108.pkl,3,test,True
sub108.pkl-10-0,sub108.pkl-10-0,sub108,,sub108.pkl,3,test,True
sub108.pkl-10-1,sub108.pkl-10-1,sub108,,sub108.pkl,3,test,True
sub108.pkl-10-2,sub108.pkl-10-2,sub108,,sub108.pkl,3,test,True
sub108.pkl-11-0,sub108.pkl-11-0,sub108,,sub108.pkl,3,test,True
sub108.pkl-11-1,sub108.pkl-11-1,sub108,,sub108.pkl,3,test,True
sub108.pkl-11-2,sub108.pkl-11-2,sub108,,sub108.pkl,3,test,True
sub108.pkl-12-0,sub108.pkl-12-0,sub108,,sub108.pkl,4,test,True
sub108.pkl-12-1,sub108.pkl-12-1,sub108,,sub108.pkl,4,test,True
sub108.pkl-12-2,sub108.pkl-12-2,sub108,,sub108.pkl,4,test,True
sub108.pkl-13-0,sub108.pkl-13-0,sub108,,sub108.pkl,4,test,True
sub108.pkl-13-1,sub108.pkl-13-1,sub108,,sub108.pkl,4,test,True
sub108.pkl-13-2,sub108.pkl-13-2,sub108,,sub108.pkl,4,test,True
sub108.pkl-14-0,sub108.pkl-14-0,sub108,,sub108.pkl,4,test,True
sub108.pkl-14-1,sub108.pkl-14-1,sub108,,sub108.pkl,4,test,True
sub108.pkl-14-2,sub108.pkl-14-2,sub108,,sub108.pkl,4,test,True
sub108.pkl-15-0,sub108.pkl-15-0,sub108,,sub108.pkl,4,test,True
sub108.pkl-15-1,sub108.pkl-15-1,sub108,,sub108.pkl,4,test,True
sub108.pkl-15-2,sub108.pkl-15-2,sub108,,sub108.pkl,4,test,True
sub108.pkl-16-0,sub108.pkl-16-0,sub108,,sub108.pkl,5,test,True
sub108.pkl-16-1,sub108.pkl-16-1,sub108,,sub108.pkl,5,test,True
sub108.pkl-16-2,sub108.pkl-16-2,sub108,,sub108.pkl,5,test,True
sub108.pkl-17-0,sub108.pkl-17-0,sub108,,sub108.pkl,5,test,True
sub108.pkl-17-1,sub108.pkl-17-1,sub108,,sub108.pkl,5,test,True
sub108.pkl-17-2,sub108.pkl-17-2,sub108,,sub108.pkl,5,test,True
sub108.pkl-18-0,sub108.pkl-18-0,sub108,,sub108.pkl,5,test,True
sub108.pkl-18-1,sub108.pkl-18-1,sub108,,sub108.pkl,5,test,True
sub108.pkl-18-2,sub108.pkl-18-2,sub108,,sub108.pkl,5,test,True
sub108.pkl-19-0,sub108.pkl-19-0,sub108,,sub108.pkl,6,test,True
sub108.pkl-19-1,sub108.pkl-19-1,sub108,,sub108.pkl,6,test,True
sub108.pkl-19-2,sub108.pkl-19-2,sub108,,sub108.pkl,6,test,True
sub108.pkl-20-0,sub108.pkl-20-0,sub108,,sub108.pkl,6,test,True
sub108.pkl-20-1,sub108.pkl-20-1,sub108,,sub108.pkl,6,test,True
sub108.pkl-20-2,sub108.pkl-20-2,sub108,,sub108.pkl,6,test,True
sub108.pkl-21-0,sub108.pkl-21-0,sub108,,sub108.pkl,6,test,True
sub108.pkl-21-1,sub108.pkl-21-1,sub108,,sub108.pkl,6,test,True
sub108.pkl-21-2,sub108.pkl-21-2,sub108,,sub108.pkl,6,test,True
sub108.pkl-22-0,sub108.pkl-22-0,sub108,,sub108.pkl,7,test,True
sub108.pkl-22-1,sub108.pkl-22-1,sub108,,sub108.pkl,7,test,True
sub108.pkl-22-2,sub108.pkl-22-2,sub108,,sub108.pkl,7,test,True
sub108.pkl-23-0,sub108.pkl-23-0,sub108,,sub108.pkl,7,test,True
sub108.pkl-23-1,sub108.pkl-23-1,sub108,,sub108.pkl,7,test,True
sub108.pkl-23-2,sub108.pkl-23-2,sub108,,sub108.pkl,7,test,True
sub108.pkl-24-0,sub108.pkl-24-0,sub108,,sub108.pkl,7,test,True
sub108.pkl-24-1,sub108.pkl-24-1,sub108,,sub108.pkl,7,test,True
sub108.pkl-24-2,sub108.pkl-24-2,sub108,,sub108.pkl,7,test,True
sub108.pkl-25-0,sub108.pkl-25-0,sub108,,sub108.pkl,8,test,True
sub108.pkl-25-1,sub108.pkl-25-1,sub108,,sub108.pkl,8,test,True
sub108.pkl-25-2,sub108.pkl-25-2,sub108,,sub108.pkl,8,test,True
sub108.pkl-26-0,sub108.pkl-26-0,sub108,,sub108.pkl,8,test,True
sub108.pkl-26-1,sub108.pkl-26-1,sub108,,sub108.pkl,8,test,True
sub108.pkl-26-2,sub108.pkl-26-2,sub108,,sub108.pkl,8,test,True
sub108.pkl-27-0,sub108.pkl-27-0,sub108,,sub108.pkl,8,test,True
sub108.pkl-27-1,sub108.pkl-27-1,sub108,,sub108.pkl,8,test,True
sub108.pkl-27-2,sub108.pkl-27-2,sub108,,sub108.pkl,8,test,True
sub109.pkl-0-0,sub109.pkl-0-0,sub109,,sub109.pkl,0,test,True
sub109.pkl-0-1,sub109.pkl-0-1,sub109,,sub109.pkl,0,test,True
sub109.pkl-0-2,sub109.pkl-0-2,sub109,,sub109.pkl,0,test,True
sub109.pkl-1-0,sub109.pkl-1-0,sub109,,sub109.pkl,0,test,True
sub109.pkl-1-1,sub109.pkl-1-1,sub109,,sub109.pkl,0,test,True
sub109.pkl-1-2,sub109.pkl-1-2,sub109,,sub109.pkl,0,test,True
sub109.pkl-2-0,sub109.pkl-2-0,sub109,,sub109.pkl,0,test,True
sub109.pkl-2-1,sub109.pkl-2-1,sub109,,sub109.pkl,0,test,True
sub109.pkl-2-2,sub109.pkl-2-2,sub109,,sub109.pkl,0,test,True
sub109.pkl-3-0,sub109.pkl-3-0,sub109,,sub109.pkl,1,test,True
sub109.pkl-3-1,sub109.pkl-3-1,sub109,,sub109.pkl,1,test,True
sub109.pkl-3-2,sub109.pkl-3-2,sub109,,sub109.pkl,1,test,True
sub109.pkl-4-0,sub109.pkl-4-0,sub109,,sub109.pkl,1,test,True
sub109.pkl-4-1,sub109.pkl-4-1,sub109,,sub109.pkl,1,test,True
sub109.pkl-4-2,sub109.pkl-4-2,sub109,,sub109.pkl,1,test,True
sub109.pkl-5-0,sub109.pkl-5-0,sub109,,sub109.pkl,1,test,True
sub109.pkl-5-1,sub109.pkl-5-1,sub109,,sub109.pkl,1,test,True
sub109.pkl-5-2,sub109.pkl-5-2,sub109,,sub109.pkl,1,test,True
sub109.pkl-6-0,sub109.pkl-6-0,sub109,,sub109.pkl,2,test,True
sub109.pkl-6-1,sub109.pkl-6-1,sub109,,sub109.pkl,2,test,True
sub109.pkl-6-2,sub109.pkl-6-2,sub109,,sub109.pkl,2,test,True
sub109.pkl-7-0,sub109.pkl-7-0,sub109,,sub109.pkl,2,test,True
sub109.pkl-7-1,sub109.pkl-7-1,sub109,,sub109.pkl,2,test,True
sub109.pkl-7-2,sub109.pkl-7-2,sub109,,sub109.pkl,2,test,True
sub109.pkl-8-0,sub109.pkl-8-0,sub109,,sub109.pkl,2,test,True
sub109.pkl-8-1,sub109.pkl-8-1,sub109,,sub109.pkl,2,test,True
sub109.pkl-8-2,sub109.pkl-8-2,sub109,,sub109.pkl,2,test,True
sub109.pkl-9-0,sub109.pkl-9-0,sub109,,sub109.pkl,3,test,True
sub109.pkl-9-1,sub109.pkl-9-1,sub109,,sub109.pkl,3,test,True
sub109.pkl-9-2,sub109.pkl-9-2,sub109,,sub109.pkl,3,test,True
sub109.pkl-10-0,sub109.pkl-10-0,sub109,,sub109.pkl,3,test,True
sub109.pkl-10-1,sub109.pkl-10-1,sub109,,sub109.pkl,3,test,True
sub109.pkl-10-2,sub109.pkl-10-2,sub109,,sub109.pkl,3,test,True
sub109.pkl-11-0,sub109.pkl-11-0,sub109,,sub109.pkl,3,test,True
sub109.pkl-11-1,sub109.pkl-11-1,sub109,,sub109.pkl,3,test,True
sub109.pkl-11-2,sub109.pkl-11-2,sub109,,sub109.pkl,3,test,True
sub109.pkl-12-0,sub109.pkl-12-0,sub109,,sub109.pkl,4,test,True
sub109.pkl-12-1,sub109.pkl-12-1,sub109,,sub109.pkl,4,test,True
sub109.pkl-12-2,sub109.pkl-12-2,sub109,,sub109.pkl,4,test,True
sub109.pkl-13-0,sub109.pkl-13-0,sub109,,sub109.pkl,4,test,True
sub109.pkl-13-1,sub109.pkl-13-1,sub109,,sub109.pkl,4,test,True
sub109.pkl-13-2,sub109.pkl-13-2,sub109,,sub109.pkl,4,test,True
sub109.pkl-14-0,sub109.pkl-14-0,sub109,,sub109.pkl,4,test,True
sub109.pkl-14-1,sub109.pkl-14-1,sub109,,sub109.pkl,4,test,True
sub109.pkl-14-2,sub109.pkl-14-2,sub109,,sub109.pkl,4,test,True
sub109.pkl-15-0,sub109.pkl-15-0,sub109,,sub109.pkl,4,test,True
sub109.pkl-15-1,sub109.pkl-15-1,sub109,,sub109.pkl,4,test,True
sub109.pkl-15-2,sub109.pkl-15-2,sub109,,sub109.pkl,4,test,True
sub109.pkl-16-0,sub109.pkl-16-0,sub109,,sub109.pkl,5,test,True
sub109.pkl-16-1,sub109.pkl-16-1,sub109,,sub109.pkl,5,test,True
sub109.pkl-16-2,sub109.pkl-16-2,sub109,,sub109.pkl,5,test,True
sub109.pkl-17-0,sub109.pkl-17-0,sub109,,sub109.pkl,5,test,True
sub109.pkl-17-1,sub109.pkl-17-1,sub109,,sub109.pkl,5,test,True
sub109.pkl-17-2,sub109.pkl-17-2,sub109,,sub109.pkl,5,test,True
sub109.pkl-18-0,sub109.pkl-18-0,sub109,,sub109.pkl,5,test,True
sub109.pkl-18-1,sub109.pkl-18-1,sub109,,sub109.pkl,5,test,True
sub109.pkl-18-2,sub109.pkl-18-2,sub109,,sub109.pkl,5,test,True
sub109.pkl-19-0,sub109.pkl-19-0,sub109,,sub109.pkl,6,test,True
sub109.pkl-19-1,sub109.pkl-19-1,sub109,,sub109.pkl,6,test,True
sub109.pkl-19-2,sub109.pkl-19-2,sub109,,sub109.pkl,6,test,True
sub109.pkl-20-0,sub109.pkl-20-0,sub109,,sub109.pkl,6,test,True
sub109.pkl-20-1,sub109.pkl-20-1,sub109,,sub109.pkl,6,test,True
sub109.pkl-20-2,sub109.pkl-20-2,sub109,,sub109.pkl,6,test,True
sub109.pkl-21-0,sub109.pkl-21-0,sub109,,sub109.pkl,6,test,True
sub109.pkl-21-1,sub109.pkl-21-1,sub109,,sub109.pkl,6,test,True
sub109.pkl-21-2,sub109.pkl-21-2,sub109,,sub109.pkl,6,test,True
sub109.pkl-22-0,sub109.pkl-22-0,sub109,,sub109.pkl,7,test,True
sub109.pkl-22-1,sub109.pkl-22-1,sub109,,sub109.pkl,7,test,True
sub109.pkl-22-2,sub109.pkl-22-2,sub109,,sub109.pkl,7,test,True
sub109.pkl-23-0,sub109.pkl-23-0,sub109,,sub109.pkl,7,test,True
sub109.pkl-23-1,sub109.pkl-23-1,sub109,,sub109.pkl,7,test,True
sub109.pkl-23-2,sub109.pkl-23-2,sub109,,sub109.pkl,7,test,True
sub109.pkl-24-0,sub109.pkl-24-0,sub109,,sub109.pkl,7,test,True
sub109.pkl-24-1,sub109.pkl-24-1,sub109,,sub109.pkl,7,test,True
sub109.pkl-24-2,sub109.pkl-24-2,sub109,,sub109.pkl,7,test,True
sub109.pkl-25-0,sub109.pkl-25-0,sub109,,sub109.pkl,8,test,True
sub109.pkl-25-1,sub109.pkl-25-1,sub109,,sub109.pkl,8,test,True
sub109.pkl-25-2,sub109.pkl-25-2,sub109,,sub109.pkl,8,test,True
sub109.pkl-26-0,sub109.pkl-26-0,sub109,,sub109.pkl,8,test,True
sub109.pkl-26-1,sub109.pkl-26-1,sub109,,sub109.pkl,8,test,True
sub109.pkl-26-2,sub109.pkl-26-2,sub109,,sub109.pkl,8,test,True
sub109.pkl-27-0,sub109.pkl-27-0,sub109,,sub109.pkl,8,test,True
sub109.pkl-27-1,sub109.pkl-27-1,sub109,,sub109.pkl,8,test,True
sub109.pkl-27-2,sub109.pkl-27-2,sub109,,sub109.pkl,8,test,True
sub110.pkl-0-0,sub110.pkl-0-0,sub110,,sub110.pkl,0,test,True
sub110.pkl-0-1,sub110.pkl-0-1,sub110,,sub110.pkl,0,test,True
sub110.pkl-0-2,sub110.pkl-0-2,sub110,,sub110.pkl,0,test,True
sub110.pkl-1-0,sub110.pkl-1-0,sub110,,sub110.pkl,0,test,True
sub110.pkl-1-1,sub110.pkl-1-1,sub110,,sub110.pkl,0,test,True
sub110.pkl-1-2,sub110.pkl-1-2,sub110,,sub110.pkl,0,test,True
sub110.pkl-2-0,sub110.pkl-2-0,sub110,,sub110.pkl,0,test,True
sub110.pkl-2-1,sub110.pkl-2-1,sub110,,sub110.pkl,0,test,True
sub110.pkl-2-2,sub110.pkl-2-2,sub110,,sub110.pkl,0,test,True
sub110.pkl-3-0,sub110.pkl-3-0,sub110,,sub110.pkl,1,test,True
sub110.pkl-3-1,sub110.pkl-3-1,sub110,,sub110.pkl,1,test,True
sub110.pkl-3-2,sub110.pkl-3-2,sub110,,sub110.pkl,1,test,True
sub110.pkl-4-0,sub110.pkl-4-0,sub110,,sub110.pkl,1,test,True
sub110.pkl-4-1,sub110.pkl-4-1,sub110,,sub110.pkl,1,test,True
sub110.pkl-4-2,sub110.pkl-4-2,sub110,,sub110.pkl,1,test,True
sub110.pkl-5-0,sub110.pkl-5-0,sub110,,sub110.pkl,1,test,True
sub110.pkl-5-1,sub110.pkl-5-1,sub110,,sub110.pkl,1,test,True
sub110.pkl-5-2,sub110.pkl-5-2,sub110,,sub110.pkl,1,test,True
sub110.pkl-6-0,sub110.pkl-6-0,sub110,,sub110.pkl,2,test,True
sub110.pkl-6-1,sub110.pkl-6-1,sub110,,sub110.pkl,2,test,True
sub110.pkl-6-2,sub110.pkl-6-2,sub110,,sub110.pkl,2,test,True
sub110.pkl-7-0,sub110.pkl-7-0,sub110,,sub110.pkl,2,test,True
sub110.pkl-7-1,sub110.pkl-7-1,sub110,,sub110.pkl,2,test,True
sub110.pkl-7-2,sub110.pkl-7-2,sub110,,sub110.pkl,2,test,True
sub110.pkl-8-0,sub110.pkl-8-0,sub110,,sub110.pkl,2,test,True
sub110.pkl-8-1,sub110.pkl-8-1,sub110,,sub110.pkl,2,test,True
sub110.pkl-8-2,sub110.pkl-8-2,sub110,,sub110.pkl,2,test,True
sub110.pkl-9-0,sub110.pkl-9-0,sub110,,sub110.pkl,3,test,True
sub110.pkl-9-1,sub110.pkl-9-1,sub110,,sub110.pkl,3,test,True
sub110.pkl-9-2,sub110.pkl-9-2,sub110,,sub110.pkl,3,test,True
sub110.pkl-10-0,sub110.pkl-10-0,sub110,,sub110.pkl,3,test,True
sub110.pkl-10-1,sub110.pkl-10-1,sub110,,sub110.pkl,3,test,True
sub110.pkl-10-2,sub110.pkl-10-2,sub110,,sub110.pkl,3,test,True
sub110.pkl-11-0,sub110.pkl-11-0,sub110,,sub110.pkl,3,test,True
sub110.pkl-11-1,sub110.pkl-11-1,sub110,,sub110.pkl,3,test,True
sub110.pkl-11-2,sub110.pkl-11-2,sub110,,sub110.pkl,3,test,True
sub110.pkl-12-0,sub110.pkl-12-0,sub110,,sub110.pkl,4,test,True
sub110.pkl-12-1,sub110.pkl-12-1,sub110,,sub110.pkl,4,test,True
sub110.pkl-12-2,sub110.pkl-12-2,sub110,,sub110.pkl,4,test,True
sub110.pkl-13-0,sub110.pkl-13-0,sub110,,sub110.pkl,4,test,True
sub110.pkl-13-1,sub110.pkl-13-1,sub110,,sub110.pkl,4,test,True
sub110.pkl-13-2,sub110.pkl-13-2,sub110,,sub110.pkl,4,test,True
sub110.pkl-14-0,sub110.pkl-14-0,sub110,,sub110.pkl,4,test,True
sub110.pkl-14-1,sub110.pkl-14-1,sub110,,sub110.pkl,4,test,True
sub110.pkl-14-2,sub110.pkl-14-2,sub110,,sub110.pkl,4,test,True
sub110.pkl-15-0,sub110.pkl-15-0,sub110,,sub110.pkl,4,test,True
sub110.pkl-15-1,sub110.pkl-15-1,sub110,,sub110.pkl,4,test,True
sub110.pkl-15-2,sub110.pkl-15-2,sub110,,sub110.pkl,4,test,True
sub110.pkl-16-0,sub110.pkl-16-0,sub110,,sub110.pkl,5,test,True
sub110.pkl-16-1,sub110.pkl-16-1,sub110,,sub110.pkl,5,test,True
sub110.pkl-16-2,sub110.pkl-16-2,sub110,,sub110.pkl,5,test,True
sub110.pkl-17-0,sub110.pkl-17-0,sub110,,sub110.pkl,5,test,True
sub110.pkl-17-1,sub110.pkl-17-1,sub110,,sub110.pkl,5,test,True
sub110.pkl-17-2,sub110.pkl-17-2,sub110,,sub110.pkl,5,test,True
sub110.pkl-18-0,sub110.pkl-18-0,sub110,,sub110.pkl,5,test,True
sub110.pkl-18-1,sub110.pkl-18-1,sub110,,sub110.pkl,5,test,True
sub110.pkl-18-2,sub110.pkl-18-2,sub110,,sub110.pkl,5,test,True
sub110.pkl-19-0,sub110.pkl-19-0,sub110,,sub110.pkl,6,test,True
sub110.pkl-19-1,sub110.pkl-19-1,sub110,,sub110.pkl,6,test,True
sub110.pkl-19-2,sub110.pkl-19-2,sub110,,sub110.pkl,6,test,True
sub110.pkl-20-0,sub110.pkl-20-0,sub110,,sub110.pkl,6,test,True
sub110.pkl-20-1,sub110.pkl-20-1,sub110,,sub110.pkl,6,test,True
sub110.pkl-20-2,sub110.pkl-20-2,sub110,,sub110.pkl,6,test,True
sub110.pkl-21-0,sub110.pkl-21-0,sub110,,sub110.pkl,6,test,True
sub110.pkl-21-1,sub110.pkl-21-1,sub110,,sub110.pkl,6,test,True
sub110.pkl-21-2,sub110.pkl-21-2,sub110,,sub110.pkl,6,test,True
sub110.pkl-22-0,sub110.pkl-22-0,sub110,,sub110.pkl,7,test,True
sub110.pkl-22-1,sub110.pkl-22-1,sub110,,sub110.pkl,7,test,True
sub110.pkl-22-2,sub110.pkl-22-2,sub110,,sub110.pkl,7,test,True
sub110.pkl-23-0,sub110.pkl-23-0,sub110,,sub110.pkl,7,test,True
sub110.pkl-23-1,sub110.pkl-23-1,sub110,,sub110.pkl,7,test,True
sub110.pkl-23-2,sub110.pkl-23-2,sub110,,sub110.pkl,7,test,True
sub110.pkl-24-0,sub110.pkl-24-0,sub110,,sub110.pkl,7,test,True
sub110.pkl-24-1,sub110.pkl-24-1,sub110,,sub110.pkl,7,test,True
sub110.pkl-24-2,sub110.pkl-24-2,sub110,,sub110.pkl,7,test,True
sub110.pkl-25-0,sub110.pkl-25-0,sub110,,sub110.pkl,8,test,True
sub110.pkl-25-1,sub110.pkl-25-1,sub110,,sub110.pkl,8,test,True
sub110.pkl-25-2,sub110.pkl-25-2,sub110,,sub110.pkl,8,test,True
sub110.pkl-26-0,sub110.pkl-26-0,sub110,,sub110.pkl,8,test,True
sub110.pkl-26-1,sub110.pkl-26-1,sub110,,sub110.pkl,8,test,True
sub110.pkl-26-2,sub110.pkl-26-2,sub110,,sub110.pkl,8,test,True
sub110.pkl-27-0,sub110.pkl-27-0,sub110,,sub110.pkl,8,test,True
sub110.pkl-27-1,sub110.pkl-27-1,sub110,,sub110.pkl,8,test,True
sub110.pkl-27-2,sub110.pkl-27-2,sub110,,sub110.pkl,8,test,True
sub111.pkl-0-0,sub111.pkl-0-0,sub111,,sub111.pkl,0,test,True
sub111.pkl-0-1,sub111.pkl-0-1,sub111,,sub111.pkl,0,test,True
sub111.pkl-0-2,sub111.pkl-0-2,sub111,,sub111.pkl,0,test,True
sub111.pkl-1-0,sub111.pkl-1-0,sub111,,sub111.pkl,0,test,True
sub111.pkl-1-1,sub111.pkl-1-1,sub111,,sub111.pkl,0,test,True
sub111.pkl-1-2,sub111.pkl-1-2,sub111,,sub111.pkl,0,test,True
sub111.pkl-2-0,sub111.pkl-2-0,sub111,,sub111.pkl,0,test,True
sub111.pkl-2-1,sub111.pkl-2-1,sub111,,sub111.pkl,0,test,True
sub111.pkl-2-2,sub111.pkl-2-2,sub111,,sub111.pkl,0,test,True
sub111.pkl-3-0,sub111.pkl-3-0,sub111,,sub111.pkl,1,test,True
sub111.pkl-3-1,sub111.pkl-3-1,sub111,,sub111.pkl,1,test,True
sub111.pkl-3-2,sub111.pkl-3-2,sub111,,sub111.pkl,1,test,True
sub111.pkl-4-0,sub111.pkl-4-0,sub111,,sub111.pkl,1,test,True
sub111.pkl-4-1,sub111.pkl-4-1,sub111,,sub111.pkl,1,test,True
sub111.pkl-4-2,sub111.pkl-4-2,sub111,,sub111.pkl,1,test,True
sub111.pkl-5-0,sub111.pkl-5-0,sub111,,sub111.pkl,1,test,True
sub111.pkl-5-1,sub111.pkl-5-1,sub111,,sub111.pkl,1,test,True
sub111.pkl-5-2,sub111.pkl-5-2,sub111,,sub111.pkl,1,test,True
sub111.pkl-6-0,sub111.pkl-6-0,sub111,,sub111.pkl,2,test,True
sub111.pkl-6-1,sub111.pkl-6-1,sub111,,sub111.pkl,2,test,True
sub111.pkl-6-2,sub111.pkl-6-2,sub111,,sub111.pkl,2,test,True
sub111.pkl-7-0,sub111.pkl-7-0,sub111,,sub111.pkl,2,test,True
sub111.pkl-7-1,sub111.pkl-7-1,sub111,,sub111.pkl,2,test,True
sub111.pkl-7-2,sub111.pkl-7-2,sub111,,sub111.pkl,2,test,True
sub111.pkl-8-0,sub111.pkl-8-0,sub111,,sub111.pkl,2,test,True
sub111.pkl-8-1,sub111.pkl-8-1,sub111,,sub111.pkl,2,test,True
sub111.pkl-8-2,sub111.pkl-8-2,sub111,,sub111.pkl,2,test,True
sub111.pkl-9-0,sub111.pkl-9-0,sub111,,sub111.pkl,3,test,True
sub111.pkl-9-1,sub111.pkl-9-1,sub111,,sub111.pkl,3,test,True
sub111.pkl-9-2,sub111.pkl-9-2,sub111,,sub111.pkl,3,test,True
sub111.pkl-10-0,sub111.pkl-10-0,sub111,,sub111.pkl,3,test,True
sub111.pkl-10-1,sub111.pkl-10-1,sub111,,sub111.pkl,3,test,True
sub111.pkl-10-2,sub111.pkl-10-2,sub111,,sub111.pkl,3,test,True
sub111.pkl-11-0,sub111.pkl-11-0,sub111,,sub111.pkl,3,test,True
sub111.pkl-11-1,sub111.pkl-11-1,sub111,,sub111.pkl,3,test,True
sub111.pkl-11-2,sub111.pkl-11-2,sub111,,sub111.pkl,3,test,True
sub111.pkl-12-0,sub111.pkl-12-0,sub111,,sub111.pkl,4,test,True
sub111.pkl-12-1,sub111.pkl-12-1,sub111,,sub111.pkl,4,test,True
sub111.pkl-12-2,sub111.pkl-12-2,sub111,,sub111.pkl,4,test,True
sub111.pkl-13-0,sub111.pkl-13-0,sub111,,sub111.pkl,4,test,True
sub111.pkl-13-1,sub111.pkl-13-1,sub111,,sub111.pkl,4,test,True
sub111.pkl-13-2,sub111.pkl-13-2,sub111,,sub111.pkl,4,test,True
sub111.pkl-14-0,sub111.pkl-14-0,sub111,,sub111.pkl,4,test,True
sub111.pkl-14-1,sub111.pkl-14-1,sub111,,sub111.pkl,4,test,True
sub111.pkl-14-2,sub111.pkl-14-2,sub111,,sub111.pkl,4,test,True
sub111.pkl-15-0,sub111.pkl-15-0,sub111,,sub111.pkl,4,test,True
sub111.pkl-15-1,sub111.pkl-15-1,sub111,,sub111.pkl,4,test,True
sub111.pkl-15-2,sub111.pkl-15-2,sub111,,sub111.pkl,4,test,True
sub111.pkl-16-0,sub111.pkl-16-0,sub111,,sub111.pkl,5,test,True
sub111.pkl-16-1,sub111.pkl-16-1,sub111,,sub111.pkl,5,test,True
sub111.pkl-16-2,sub111.pkl-16-2,sub111,,sub111.pkl,5,test,True
sub111.pkl-17-0,sub111.pkl-17-0,sub111,,sub111.pkl,5,test,True
sub111.pkl-17-1,sub111.pkl-17-1,sub111,,sub111.pkl,5,test,True
sub111.pkl-17-2,sub111.pkl-17-2,sub111,,sub111.pkl,5,test,True
sub111.pkl-18-0,sub111.pkl-18-0,sub111,,sub111.pkl,5,test,True
sub111.pkl-18-1,sub111.pkl-18-1,sub111,,sub111.pkl,5,test,True
sub111.pkl-18-2,sub111.pkl-18-2,sub111,,sub111.pkl,5,test,True
sub111.pkl-19-0,sub111.pkl-19-0,sub111,,sub111.pkl,6,test,True
sub111.pkl-19-1,sub111.pkl-19-1,sub111,,sub111.pkl,6,test,True
sub111.pkl-19-2,sub111.pkl-19-2,sub111,,sub111.pkl,6,test,True
sub111.pkl-20-0,sub111.pkl-20-0,sub111,,sub111.pkl,6,test,True
sub111.pkl-20-1,sub111.pkl-20-1,sub111,,sub111.pkl,6,test,True
sub111.pkl-20-2,sub111.pkl-20-2,sub111,,sub111.pkl,6,test,True
sub111.pkl-21-0,sub111.pkl-21-0,sub111,,sub111.pkl,6,test,True
sub111.pkl-21-1,sub111.pkl-21-1,sub111,,sub111.pkl,6,test,True
sub111.pkl-21-2,sub111.pkl-21-2,sub111,,sub111.pkl,6,test,True
sub111.pkl-22-0,sub111.pkl-22-0,sub111,,sub111.pkl,7,test,True
sub111.pkl-22-1,sub111.pkl-22-1,sub111,,sub111.pkl,7,test,True
sub111.pkl-22-2,sub111.pkl-22-2,sub111,,sub111.pkl,7,test,True
sub111.pkl-23-0,sub111.pkl-23-0,sub111,,sub111.pkl,7,test,True
sub111.pkl-23-1,sub111.pkl-23-1,sub111,,sub111.pkl,7,test,True
sub111.pkl-23-2,sub111.pkl-23-2,sub111,,sub111.pkl,7,test,True
sub111.pkl-24-0,sub111.pkl-24-0,sub111,,sub111.pkl,7,test,True
sub111.pkl-24-1,sub111.pkl-24-1,sub111,,sub111.pkl,7,test,True
sub111.pkl-24-2,sub111.pkl-24-2,sub111,,sub111.pkl,7,test,True
sub111.pkl-25-0,sub111.pkl-25-0,sub111,,sub111.pkl,8,test,True
sub111.pkl-25-1,sub111.pkl-25-1,sub111,,sub111.pkl,8,test,True
sub111.pkl-25-2,sub111.pkl-25-2,sub111,,sub111.pkl,8,test,True
sub111.pkl-26-0,sub111.pkl-26-0,sub111,,sub111.pkl,8,test,True
sub111.pkl-26-1,sub111.pkl-26-1,sub111,,sub111.pkl,8,test,True
sub111.pkl-26-2,sub111.pkl-26-2,sub111,,sub111.pkl,8,test,True
sub111.pkl-27-0,sub111.pkl-27-0,sub111,,sub111.pkl,8,test,True
sub111.pkl-27-1,sub111.pkl-27-1,sub111,,sub111.pkl,8,test,True
sub111.pkl-27-2,sub111.pkl-27-2,sub111,,sub111.pkl,8,test,True
sub112.pkl-0-0,sub112.pkl-0-0,sub112,,sub112.pkl,0,test,True
sub112.pkl-0-1,sub112.pkl-0-1,sub112,,sub112.pkl,0,test,True
sub112.pkl-0-2,sub112.pkl-0-2,sub112,,sub112.pkl,0,test,True
sub112.pkl-1-0,sub112.pkl-1-0,sub112,,sub112.pkl,0,test,True
sub112.pkl-1-1,sub112.pkl-1-1,sub112,,sub112.pkl,0,test,True
sub112.pkl-1-2,sub112.pkl-1-2,sub112,,sub112.pkl,0,test,True
sub112.pkl-2-0,sub112.pkl-2-0,sub112,,sub112.pkl,0,test,True
sub112.pkl-2-1,sub112.pkl-2-1,sub112,,sub112.pkl,0,test,True
sub112.pkl-2-2,sub112.pkl-2-2,sub112,,sub112.pkl,0,test,True
sub112.pkl-3-0,sub112.pkl-3-0,sub112,,sub112.pkl,1,test,True
sub112.pkl-3-1,sub112.pkl-3-1,sub112,,sub112.pkl,1,test,True
sub112.pkl-3-2,sub112.pkl-3-2,sub112,,sub112.pkl,1,test,True
sub112.pkl-4-0,sub112.pkl-4-0,sub112,,sub112.pkl,1,test,True
sub112.pkl-4-1,sub112.pkl-4-1,sub112,,sub112.pkl,1,test,True
sub112.pkl-4-2,sub112.pkl-4-2,sub112,,sub112.pkl,1,test,True
sub112.pkl-5-0,sub112.pkl-5-0,sub112,,sub112.pkl,1,test,True
sub112.pkl-5-1,sub112.pkl-5-1,sub112,,sub112.pkl,1,test,True
sub112.pkl-5-2,sub112.pkl-5-2,sub112,,sub112.pkl,1,test,True
sub112.pkl-6-0,sub112.pkl-6-0,sub112,,sub112.pkl,2,test,True
sub112.pkl-6-1,sub112.pkl-6-1,sub112,,sub112.pkl,2,test,True
sub112.pkl-6-2,sub112.pkl-6-2,sub112,,sub112.pkl,2,test,True
sub112.pkl-7-0,sub112.pkl-7-0,sub112,,sub112.pkl,2,test,True
sub112.pkl-7-1,sub112.pkl-7-1,sub112,,sub112.pkl,2,test,True
sub112.pkl-7-2,sub112.pkl-7-2,sub112,,sub112.pkl,2,test,True
sub112.pkl-8-0,sub112.pkl-8-0,sub112,,sub112.pkl,2,test,True
sub112.pkl-8-1,sub112.pkl-8-1,sub112,,sub112.pkl,2,test,True
sub112.pkl-8-2,sub112.pkl-8-2,sub112,,sub112.pkl,2,test,True
sub112.pkl-9-0,sub112.pkl-9-0,sub112,,sub112.pkl,3,test,True
sub112.pkl-9-1,sub112.pkl-9-1,sub112,,sub112.pkl,3,test,True
sub112.pkl-9-2,sub112.pkl-9-2,sub112,,sub112.pkl,3,test,True
sub112.pkl-10-0,sub112.pkl-10-0,sub112,,sub112.pkl,3,test,True
sub112.pkl-10-1,sub112.pkl-10-1,sub112,,sub112.pkl,3,test,True
sub112.pkl-10-2,sub112.pkl-10-2,sub112,,sub112.pkl,3,test,True
sub112.pkl-11-0,sub112.pkl-11-0,sub112,,sub112.pkl,3,test,True
sub112.pkl-11-1,sub112.pkl-11-1,sub112,,sub112.pkl,3,test,True
sub112.pkl-11-2,sub112.pkl-11-2,sub112,,sub112.pkl,3,test,True
sub112.pkl-12-0,sub112.pkl-12-0,sub112,,sub112.pkl,4,test,True
sub112.pkl-12-1,sub112.pkl-12-1,sub112,,sub112.pkl,4,test,True
sub112.pkl-12-2,sub112.pkl-12-2,sub112,,sub112.pkl,4,test,True
sub112.pkl-13-0,sub112.pkl-13-0,sub112,,sub112.pkl,4,test,True
sub112.pkl-13-1,sub112.pkl-13-1,sub112,,sub112.pkl,4,test,True
sub112.pkl-13-2,sub112.pkl-13-2,sub112,,sub112.pkl,4,test,True
sub112.pkl-14-0,sub112.pkl-14-0,sub112,,sub112.pkl,4,test,True
sub112.pkl-14-1,sub112.pkl-14-1,sub112,,sub112.pkl,4,test,True
sub112.pkl-14-2,sub112.pkl-14-2,sub112,,sub112.pkl,4,test,True
sub112.pkl-15-0,sub112.pkl-15-0,sub112,,sub112.pkl,4,test,True
sub112.pkl-15-1,sub112.pkl-15-1,sub112,,sub112.pkl,4,test,True
sub112.pkl-15-2,sub112.pkl-15-2,sub112,,sub112.pkl,4,test,True
sub112.pkl-16-0,sub112.pkl-16-0,sub112,,sub112.pkl,5,test,True
sub112.pkl-16-1,sub112.pkl-16-1,sub112,,sub112.pkl,5,test,True
sub112.pkl-16-2,sub112.pkl-16-2,sub112,,sub112.pkl,5,test,True
sub112.pkl-17-0,sub112.pkl-17-0,sub112,,sub112.pkl,5,test,True
sub112.pkl-17-1,sub112.pkl-17-1,sub112,,sub112.pkl,5,test,True
sub112.pkl-17-2,sub112.pkl-17-2,sub112,,sub112.pkl,5,test,True
sub112.pkl-18-0,sub112.pkl-18-0,sub112,,sub112.pkl,5,test,True
sub112.pkl-18-1,sub112.pkl-18-1,sub112,,sub112.pkl,5,test,True
sub112.pkl-18-2,sub112.pkl-18-2,sub112,,sub112.pkl,5,test,True
sub112.pkl-19-0,sub112.pkl-19-0,sub112,,sub112.pkl,6,test,True
sub112.pkl-19-1,sub112.pkl-19-1,sub112,,sub112.pkl,6,test,True
sub112.pkl-19-2,sub112.pkl-19-2,sub112,,sub112.pkl,6,test,True
sub112.pkl-20-0,sub112.pkl-20-0,sub112,,sub112.pkl,6,test,True
sub112.pkl-20-1,sub112.pkl-20-1,sub112,,sub112.pkl,6,test,True
sub112.pkl-20-2,sub112.pkl-20-2,sub112,,sub112.pkl,6,test,True
sub112.pkl-21-0,sub112.pkl-21-0,sub112,,sub112.pkl,6,test,True
sub112.pkl-21-1,sub112.pkl-21-1,sub112,,sub112.pkl,6,test,True
sub112.pkl-21-2,sub112.pkl-21-2,sub112,,sub112.pkl,6,test,True
sub112.pkl-22-0,sub112.pkl-22-0,sub112,,sub112.pkl,7,test,True
sub112.pkl-22-1,sub112.pkl-22-1,sub112,,sub112.pkl,7,test,True
sub112.pkl-22-2,sub112.pkl-22-2,sub112,,sub112.pkl,7,test,True
sub112.pkl-23-0,sub112.pkl-23-0,sub112,,sub112.pkl,7,test,True
sub112.pkl-23-1,sub112.pkl-23-1,sub112,,sub112.pkl,7,test,True
sub112.pkl-23-2,sub112.pkl-23-2,sub112,,sub112.pkl,7,test,True
sub112.pkl-24-0,sub112.pkl-24-0,sub112,,sub112.pkl,7,test,True
sub112.pkl-24-1,sub112.pkl-24-1,sub112,,sub112.pkl,7,test,True
sub112.pkl-24-2,sub112.pkl-24-2,sub112,,sub112.pkl,7,test,True
sub112.pkl-25-0,sub112.pkl-25-0,sub112,,sub112.pkl,8,test,True
sub112.pkl-25-1,sub112.pkl-25-1,sub112,,sub112.pkl,8,test,True
sub112.pkl-25-2,sub112.pkl-25-2,sub112,,sub112.pkl,8,test,True
sub112.pkl-26-0,sub112.pkl-26-0,sub112,,sub112.pkl,8,test,True
sub112.pkl-26-1,sub112.pkl-26-1,sub112,,sub112.pkl,8,test,True
sub112.pkl-26-2,sub112.pkl-26-2,sub112,,sub112.pkl,8,test,True
sub112.pkl-27-0,sub112.pkl-27-0,sub112,,sub112.pkl,8,test,True
sub112.pkl-27-1,sub112.pkl-27-1,sub112,,sub112.pkl,8,test,True
sub112.pkl-27-2,sub112.pkl-27-2,sub112,,sub112.pkl,8,test,True
sub113.pkl-0-0,sub113.pkl-0-0,sub113,,sub113.pkl,0,test,True
sub113.pkl-0-1,sub113.pkl-0-1,sub113,,sub113.pkl,0,test,True
sub113.pkl-0-2,sub113.pkl-0-2,sub113,,sub113.pkl,0,test,True
sub113.pkl-1-0,sub113.pkl-1-0,sub113,,sub113.pkl,0,test,True
sub113.pkl-1-1,sub113.pkl-1-1,sub113,,sub113.pkl,0,test,True
sub113.pkl-1-2,sub113.pkl-1-2,sub113,,sub113.pkl,0,test,True
sub113.pkl-2-0,sub113.pkl-2-0,sub113,,sub113.pkl,0,test,True
sub113.pkl-2-1,sub113.pkl-2-1,sub113,,sub113.pkl,0,test,True
sub113.pkl-2-2,sub113.pkl-2-2,sub113,,sub113.pkl,0,test,True
sub113.pkl-3-0,sub113.pkl-3-0,sub113,,sub113.pkl,1,test,True
sub113.pkl-3-1,sub113.pkl-3-1,sub113,,sub113.pkl,1,test,True
sub113.pkl-3-2,sub113.pkl-3-2,sub113,,sub113.pkl,1,test,True
sub113.pkl-4-0,sub113.pkl-4-0,sub113,,sub113.pkl,1,test,True
sub113.pkl-4-1,sub113.pkl-4-1,sub113,,sub113.pkl,1,test,True
sub113.pkl-4-2,sub113.pkl-4-2,sub113,,sub113.pkl,1,test,True
sub113.pkl-5-0,sub113.pkl-5-0,sub113,,sub113.pkl,1,test,True
sub113.pkl-5-1,sub113.pkl-5-1,sub113,,sub113.pkl,1,test,True
sub113.pkl-5-2,sub113.pkl-5-2,sub113,,sub113.pkl,1,test,True
sub113.pkl-6-0,sub113.pkl-6-0,sub113,,sub113.pkl,2,test,True
sub113.pkl-6-1,sub113.pkl-6-1,sub113,,sub113.pkl,2,test,True
sub113.pkl-6-2,sub113.pkl-6-2,sub113,,sub113.pkl,2,test,True
sub113.pkl-7-0,sub113.pkl-7-0,sub113,,sub113.pkl,2,test,True
sub113.pkl-7-1,sub113.pkl-7-1,sub113,,sub113.pkl,2,test,True
sub113.pkl-7-2,sub113.pkl-7-2,sub113,,sub113.pkl,2,test,True
sub113.pkl-8-0,sub113.pkl-8-0,sub113,,sub113.pkl,2,test,True
sub113.pkl-8-1,sub113.pkl-8-1,sub113,,sub113.pkl,2,test,True
sub113.pkl-8-2,sub113.pkl-8-2,sub113,,sub113.pkl,2,test,True
sub113.pkl-9-0,sub113.pkl-9-0,sub113,,sub113.pkl,3,test,True
sub113.pkl-9-1,sub113.pkl-9-1,sub113,,sub113.pkl,3,test,True
sub113.pkl-9-2,sub113.pkl-9-2,sub113,,sub113.pkl,3,test,True
sub113.pkl-10-0,sub113.pkl-10-0,sub113,,sub113.pkl,3,test,True
sub113.pkl-10-1,sub113.pkl-10-1,sub113,,sub113.pkl,3,test,True
sub113.pkl-10-2,sub113.pkl-10-2,sub113,,sub113.pkl,3,test,True
sub113.pkl-11-0,sub113.pkl-11-0,sub113,,sub113.pkl,3,test,True
sub113.pkl-11-1,sub113.pkl-11-1,sub113,,sub113.pkl,3,test,True
sub113.pkl-11-2,sub113.pkl-11-2,sub113,,sub113.pkl,3,test,True
sub113.pkl-12-0,sub113.pkl-12-0,sub113,,sub113.pkl,4,test,True
sub113.pkl-12-1,sub113.pkl-12-1,sub113,,sub113.pkl,4,test,True
sub113.pkl-12-2,sub113.pkl-12-2,sub113,,sub113.pkl,4,test,True
sub113.pkl-13-0,sub113.pkl-13-0,sub113,,sub113.pkl,4,test,True
sub113.pkl-13-1,sub113.pkl-13-1,sub113,,sub113.pkl,4,test,True
sub113.pkl-13-2,sub113.pkl-13-2,sub113,,sub113.pkl,4,test,True
sub113.pkl-14-0,sub113.pkl-14-0,sub113,,sub113.pkl,4,test,True
sub113.pkl-14-1,sub113.pkl-14-1,sub113,,sub113.pkl,4,test,True
sub113.pkl-14-2,sub113.pkl-14-2,sub113,,sub113.pkl,4,test,True
sub113.pkl-15-0,sub113.pkl-15-0,sub113,,sub113.pkl,4,test,True
sub113.pkl-15-1,sub113.pkl-15-1,sub113,,sub113.pkl,4,test,True
sub113.pkl-15-2,sub113.pkl-15-2,sub113,,sub113.pkl,4,test,True
sub113.pkl-16-0,sub113.pkl-16-0,sub113,,sub113.pkl,5,test,True
sub113.pkl-16-1,sub113.pkl-16-1,sub113,,sub113.pkl,5,test,True
sub113.pkl-16-2,sub113.pkl-16-2,sub113,,sub113.pkl,5,test,True
sub113.pkl-17-0,sub113.pkl-17-0,sub113,,sub113.pkl,5,test,True
sub113.pkl-17-1,sub113.pkl-17-1,sub113,,sub113.pkl,5,test,True
sub113.pkl-17-2,sub113.pkl-17-2,sub113,,sub113.pkl,5,test,True
sub113.pkl-18-0,sub113.pkl-18-0,sub113,,sub113.pkl,5,test,True
sub113.pkl-18-1,sub113.pkl-18-1,sub113,,sub113.pkl,5,test,True
sub113.pkl-18-2,sub113.pkl-18-2,sub113,,sub113.pkl,5,test,True
sub113.pkl-19-0,sub113.pkl-19-0,sub113,,sub113.pkl,6,test,True
sub113.pkl-19-1,sub113.pkl-19-1,sub113,,sub113.pkl,6,test,True
sub113.pkl-19-2,sub113.pkl-19-2,sub113,,sub113.pkl,6,test,True
sub113.pkl-20-0,sub113.pkl-20-0,sub113,,sub113.pkl,6,test,True
sub113.pkl-20-1,sub113.pkl-20-1,sub113,,sub113.pkl,6,test,True
sub113.pkl-20-2,sub113.pkl-20-2,sub113,,sub113.pkl,6,test,True
sub113.pkl-21-0,sub113.pkl-21-0,sub113,,sub113.pkl,6,test,True
sub113.pkl-21-1,sub113.pkl-21-1,sub113,,sub113.pkl,6,test,True
sub113.pkl-21-2,sub113.pkl-21-2,sub113,,sub113.pkl,6,test,True
sub113.pkl-22-0,sub113.pkl-22-0,sub113,,sub113.pkl,7,test,True
sub113.pkl-22-1,sub113.pkl-22-1,sub113,,sub113.pkl,7,test,True
sub113.pkl-22-2,sub113.pkl-22-2,sub113,,sub113.pkl,7,test,True
sub113.pkl-23-0,sub113.pkl-23-0,sub113,,sub113.pkl,7,test,True
sub113.pkl-23-1,sub113.pkl-23-1,sub113,,sub113.pkl,7,test,True
sub113.pkl-23-2,sub113.pkl-23-2,sub113,,sub113.pkl,7,test,True
sub113.pkl-24-0,sub113.pkl-24-0,sub113,,sub113.pkl,7,test,True
sub113.pkl-24-1,sub113.pkl-24-1,sub113,,sub113.pkl,7,test,True
sub113.pkl-24-2,sub113.pkl-24-2,sub113,,sub113.pkl,7,test,True
sub113.pkl-25-0,sub113.pkl-25-0,sub113,,sub113.pkl,8,test,True
sub113.pkl-25-1,sub113.pkl-25-1,sub113,,sub113.pkl,8,test,True
sub113.pkl-25-2,sub113.pkl-25-2,sub113,,sub113.pkl,8,test,True
sub113.pkl-26-0,sub113.pkl-26-0,sub113,,sub113.pkl,8,test,True
sub113.pkl-26-1,sub113.pkl-26-1,sub113,,sub113.pkl,8,test,True
sub113.pkl-26-2,sub113.pkl-26-2,sub113,,sub113.pkl,8,test,True
sub113.pkl-27-0,sub113.pkl-27-0,sub113,,sub113.pkl,8,test,True
sub113.pkl-27-1,sub113.pkl-27-1,sub113,,sub113.pkl,8,test,True
sub113.pkl-27-2,sub113.pkl-27-2,sub113,,sub113.pkl,8,test,True
sub114.pkl-0-0,sub114.pkl-0-0,sub114,,sub114.pkl,0,test,True
sub114.pkl-0-1,sub114.pkl-0-1,sub114,,sub114.pkl,0,test,True
sub114.pkl-0-2,sub114.pkl-0-2,sub114,,sub114.pkl,0,test,True
sub114.pkl-1-0,sub114.pkl-1-0,sub114,,sub114.pkl,0,test,True
sub114.pkl-1-1,sub114.pkl-1-1,sub114,,sub114.pkl,0,test,True
sub114.pkl-1-2,sub114.pkl-1-2,sub114,,sub114.pkl,0,test,True
sub114.pkl-2-0,sub114.pkl-2-0,sub114,,sub114.pkl,0,test,True
sub114.pkl-2-1,sub114.pkl-2-1,sub114,,sub114.pkl,0,test,True
sub114.pkl-2-2,sub114.pkl-2-2,sub114,,sub114.pkl,0,test,True
sub114.pkl-3-0,sub114.pkl-3-0,sub114,,sub114.pkl,1,test,True
sub114.pkl-3-1,sub114.pkl-3-1,sub114,,sub114.pkl,1,test,True
sub114.pkl-3-2,sub114.pkl-3-2,sub114,,sub114.pkl,1,test,True
sub114.pkl-4-0,sub114.pkl-4-0,sub114,,sub114.pkl,1,test,True
sub114.pkl-4-1,sub114.pkl-4-1,sub114,,sub114.pkl,1,test,True
sub114.pkl-4-2,sub114.pkl-4-2,sub114,,sub114.pkl,1,test,True
sub114.pkl-5-0,sub114.pkl-5-0,sub114,,sub114.pkl,1,test,True
sub114.pkl-5-1,sub114.pkl-5-1,sub114,,sub114.pkl,1,test,True
sub114.pkl-5-2,sub114.pkl-5-2,sub114,,sub114.pkl,1,test,True
sub114.pkl-6-0,sub114.pkl-6-0,sub114,,sub114.pkl,2,test,True
sub114.pkl-6-1,sub114.pkl-6-1,sub114,,sub114.pkl,2,test,True
sub114.pkl-6-2,sub114.pkl-6-2,sub114,,sub114.pkl,2,test,True
sub114.pkl-7-0,sub114.pkl-7-0,sub114,,sub114.pkl,2,test,True
sub114.pkl-7-1,sub114.pkl-7-1,sub114,,sub114.pkl,2,test,True
sub114.pkl-7-2,sub114.pkl-7-2,sub114,,sub114.pkl,2,test,True
sub114.pkl-8-0,sub114.pkl-8-0,sub114,,sub114.pkl,2,test,True
sub114.pkl-8-1,sub114.pkl-8-1,sub114,,sub114.pkl,2,test,True
sub114.pkl-8-2,sub114.pkl-8-2,sub114,,sub114.pkl,2,test,True
sub114.pkl-9-0,sub114.pkl-9-0,sub114,,sub114.pkl,3,test,True
sub114.pkl-9-1,sub114.pkl-9-1,sub114,,sub114.pkl,3,test,True
sub114.pkl-9-2,sub114.pkl-9-2,sub114,,sub114.pkl,3,test,True
sub114.pkl-10-0,sub114.pkl-10-0,sub114,,sub114.pkl,3,test,True
sub114.pkl-10-1,sub114.pkl-10-1,sub114,,sub114.pkl,3,test,True
sub114.pkl-10-2,sub114.pkl-10-2,sub114,,sub114.pkl,3,test,True
sub114.pkl-11-0,sub114.pkl-11-0,sub114,,sub114.pkl,3,test,True
sub114.pkl-11-1,sub114.pkl-11-1,sub114,,sub114.pkl,3,test,True
sub114.pkl-11-2,sub114.pkl-11-2,sub114,,sub114.pkl,3,test,True
sub114.pkl-12-0,sub114.pkl-12-0,sub114,,sub114.pkl,4,test,True
sub114.pkl-12-1,sub114.pkl-12-1,sub114,,sub114.pkl,4,test,True
sub114.pkl-12-2,sub114.pkl-12-2,sub114,,sub114.pkl,4,test,True
sub114.pkl-13-0,sub114.pkl-13-0,sub114,,sub114.pkl,4,test,True
sub114.pkl-13-1,sub114.pkl-13-1,sub114,,sub114.pkl,4,test,True
sub114.pkl-13-2,sub114.pkl-13-2,sub114,,sub114.pkl,4,test,True
sub114.pkl-14-0,sub114.pkl-14-0,sub114,,sub114.pkl,4,test,True
sub114.pkl-14-1,sub114.pkl-14-1,sub114,,sub114.pkl,4,test,True
sub114.pkl-14-2,sub114.pkl-14-2,sub114,,sub114.pkl,4,test,True
sub114.pkl-15-0,sub114.pkl-15-0,sub114,,sub114.pkl,4,test,True
sub114.pkl-15-1,sub114.pkl-15-1,sub114,,sub114.pkl,4,test,True
sub114.pkl-15-2,sub114.pkl-15-2,sub114,,sub114.pkl,4,test,True
sub114.pkl-16-0,sub114.pkl-16-0,sub114,,sub114.pkl,5,test,True
sub114.pkl-16-1,sub114.pkl-16-1,sub114,,sub114.pkl,5,test,True
sub114.pkl-16-2,sub114.pkl-16-2,sub114,,sub114.pkl,5,test,True
sub114.pkl-17-0,sub114.pkl-17-0,sub114,,sub114.pkl,5,test,True
sub114.pkl-17-1,sub114.pkl-17-1,sub114,,sub114.pkl,5,test,True
sub114.pkl-17-2,sub114.pkl-17-2,sub114,,sub114.pkl,5,test,True
sub114.pkl-18-0,sub114.pkl-18-0,sub114,,sub114.pkl,5,test,True
sub114.pkl-18-1,sub114.pkl-18-1,sub114,,sub114.pkl,5,test,True
sub114.pkl-18-2,sub114.pkl-18-2,sub114,,sub114.pkl,5,test,True
sub114.pkl-19-0,sub114.pkl-19-0,sub114,,sub114.pkl,6,test,True
sub114.pkl-19-1,sub114.pkl-19-1,sub114,,sub114.pkl,6,test,True
sub114.pkl-19-2,sub114.pkl-19-2,sub114,,sub114.pkl,6,test,True
sub114.pkl-20-0,sub114.pkl-20-0,sub114,,sub114.pkl,6,test,True
sub114.pkl-20-1,sub114.pkl-20-1,sub114,,sub114.pkl,6,test,True
sub114.pkl-20-2,sub114.pkl-20-2,sub114,,sub114.pkl,6,test,True
sub114.pkl-21-0,sub114.pkl-21-0,sub114,,sub114.pkl,6,test,True
sub114.pkl-21-1,sub114.pkl-21-1,sub114,,sub114.pkl,6,test,True
sub114.pkl-21-2,sub114.pkl-21-2,sub114,,sub114.pkl,6,test,True
sub114.pkl-22-0,sub114.pkl-22-0,sub114,,sub114.pkl,7,test,True
sub114.pkl-22-1,sub114.pkl-22-1,sub114,,sub114.pkl,7,test,True
sub114.pkl-22-2,sub114.pkl-22-2,sub114,,sub114.pkl,7,test,True
sub114.pkl-23-0,sub114.pkl-23-0,sub114,,sub114.pkl,7,test,True
sub114.pkl-23-1,sub114.pkl-23-1,sub114,,sub114.pkl,7,test,True
sub114.pkl-23-2,sub114.pkl-23-2,sub114,,sub114.pkl,7,test,True
sub114.pkl-24-0,sub114.pkl-24-0,sub114,,sub114.pkl,7,test,True
sub114.pkl-24-1,sub114.pkl-24-1,sub114,,sub114.pkl,7,test,True
sub114.pkl-24-2,sub114.pkl-24-2,sub114,,sub114.pkl,7,test,True
sub114.pkl-25-0,sub114.pkl-25-0,sub114,,sub114.pkl,8,test,True
sub114.pkl-25-1,sub114.pkl-25-1,sub114,,sub114.pkl,8,test,True
sub114.pkl-25-2,sub114.pkl-25-2,sub114,,sub114.pkl,8,test,True
sub114.pkl-26-0,sub114.pkl-26-0,sub114,,sub114.pkl,8,test,True
sub114.pkl-26-1,sub114.pkl-26-1,sub114,,sub114.pkl,8,test,True
sub114.pkl-26-2,sub114.pkl-26-2,sub114,,sub114.pkl,8,test,True
sub114.pkl-27-0,sub114.pkl-27-0,sub114,,sub114.pkl,8,test,True
sub114.pkl-27-1,sub114.pkl-27-1,sub114,,sub114.pkl,8,test,True
sub114.pkl-27-2,sub114.pkl-27-2,sub114,,sub114.pkl,8,test,True
sub115.pkl-0-0,sub115.pkl-0-0,sub115,,sub115.pkl,0,test,True
sub115.pkl-0-1,sub115.pkl-0-1,sub115,,sub115.pkl,0,test,True
sub115.pkl-0-2,sub115.pkl-0-2,sub115,,sub115.pkl,0,test,True
sub115.pkl-1-0,sub115.pkl-1-0,sub115,,sub115.pkl,0,test,True
sub115.pkl-1-1,sub115.pkl-1-1,sub115,,sub115.pkl,0,test,True
sub115.pkl-1-2,sub115.pkl-1-2,sub115,,sub115.pkl,0,test,True
sub115.pkl-2-0,sub115.pkl-2-0,sub115,,sub115.pkl,0,test,True
sub115.pkl-2-1,sub115.pkl-2-1,sub115,,sub115.pkl,0,test,True
sub115.pkl-2-2,sub115.pkl-2-2,sub115,,sub115.pkl,0,test,True
sub115.pkl-3-0,sub115.pkl-3-0,sub115,,sub115.pkl,1,test,True
sub115.pkl-3-1,sub115.pkl-3-1,sub115,,sub115.pkl,1,test,True
sub115.pkl-3-2,sub115.pkl-3-2,sub115,,sub115.pkl,1,test,True
sub115.pkl-4-0,sub115.pkl-4-0,sub115,,sub115.pkl,1,test,True
sub115.pkl-4-1,sub115.pkl-4-1,sub115,,sub115.pkl,1,test,True
sub115.pkl-4-2,sub115.pkl-4-2,sub115,,sub115.pkl,1,test,True
sub115.pkl-5-0,sub115.pkl-5-0,sub115,,sub115.pkl,1,test,True
sub115.pkl-5-1,sub115.pkl-5-1,sub115,,sub115.pkl,1,test,True
sub115.pkl-5-2,sub115.pkl-5-2,sub115,,sub115.pkl,1,test,True
sub115.pkl-6-0,sub115.pkl-6-0,sub115,,sub115.pkl,2,test,True
sub115.pkl-6-1,sub115.pkl-6-1,sub115,,sub115.pkl,2,test,True
sub115.pkl-6-2,sub115.pkl-6-2,sub115,,sub115.pkl,2,test,True
sub115.pkl-7-0,sub115.pkl-7-0,sub115,,sub115.pkl,2,test,True
sub115.pkl-7-1,sub115.pkl-7-1,sub115,,sub115.pkl,2,test,True
sub115.pkl-7-2,sub115.pkl-7-2,sub115,,sub115.pkl,2,test,True
sub115.pkl-8-0,sub115.pkl-8-0,sub115,,sub115.pkl,2,test,True
sub115.pkl-8-1,sub115.pkl-8-1,sub115,,sub115.pkl,2,test,True
sub115.pkl-8-2,sub115.pkl-8-2,sub115,,sub115.pkl,2,test,True
sub115.pkl-9-0,sub115.pkl-9-0,sub115,,sub115.pkl,3,test,True
sub115.pkl-9-1,sub115.pkl-9-1,sub115,,sub115.pkl,3,test,True
sub115.pkl-9-2,sub115.pkl-9-2,sub115,,sub115.pkl,3,test,True
sub115.pkl-10-0,sub115.pkl-10-0,sub115,,sub115.pkl,3,test,True
sub115.pkl-10-1,sub115.pkl-10-1,sub115,,sub115.pkl,3,test,True
sub115.pkl-10-2,sub115.pkl-10-2,sub115,,sub115.pkl,3,test,True
sub115.pkl-11-0,sub115.pkl-11-0,sub115,,sub115.pkl,3,test,True
sub115.pkl-11-1,sub115.pkl-11-1,sub115,,sub115.pkl,3,test,True
sub115.pkl-11-2,sub115.pkl-11-2,sub115,,sub115.pkl,3,test,True
sub115.pkl-12-0,sub115.pkl-12-0,sub115,,sub115.pkl,4,test,True
sub115.pkl-12-1,sub115.pkl-12-1,sub115,,sub115.pkl,4,test,True
sub115.pkl-12-2,sub115.pkl-12-2,sub115,,sub115.pkl,4,test,True
sub115.pkl-13-0,sub115.pkl-13-0,sub115,,sub115.pkl,4,test,True
sub115.pkl-13-1,sub115.pkl-13-1,sub115,,sub115.pkl,4,test,True
sub115.pkl-13-2,sub115.pkl-13-2,sub115,,sub115.pkl,4,test,True
sub115.pkl-14-0,sub115.pkl-14-0,sub115,,sub115.pkl,4,test,True
sub115.pkl-14-1,sub115.pkl-14-1,sub115,,sub115.pkl,4,test,True
sub115.pkl-14-2,sub115.pkl-14-2,sub115,,sub115.pkl,4,test,True
sub115.pkl-15-0,sub115.pkl-15-0,sub115,,sub115.pkl,4,test,True
sub115.pkl-15-1,sub115.pkl-15-1,sub115,,sub115.pkl,4,test,True
sub115.pkl-15-2,sub115.pkl-15-2,sub115,,sub115.pkl,4,test,True
sub115.pkl-16-0,sub115.pkl-16-0,sub115,,sub115.pkl,5,test,True
sub115.pkl-16-1,sub115.pkl-16-1,sub115,,sub115.pkl,5,test,True
sub115.pkl-16-2,sub115.pkl-16-2,sub115,,sub115.pkl,5,test,True
sub115.pkl-17-0,sub115.pkl-17-0,sub115,,sub115.pkl,5,test,True
sub115.pkl-17-1,sub115.pkl-17-1,sub115,,sub115.pkl,5,test,True
sub115.pkl-17-2,sub115.pkl-17-2,sub115,,sub115.pkl,5,test,True
sub115.pkl-18-0,sub115.pkl-18-0,sub115,,sub115.pkl,5,test,True
sub115.pkl-18-1,sub115.pkl-18-1,sub115,,sub115.pkl,5,test,True
sub115.pkl-18-2,sub115.pkl-18-2,sub115,,sub115.pkl,5,test,True
sub115.pkl-19-0,sub115.pkl-19-0,sub115,,sub115.pkl,6,test,True
sub115.pkl-19-1,sub115.pkl-19-1,sub115,,sub115.pkl,6,test,True
sub115.pkl-19-2,sub115.pkl-19-2,sub115,,sub115.pkl,6,test,True
sub115.pkl-20-0,sub115.pkl-20-0,sub115,,sub115.pkl,6,test,True
sub115.pkl-20-1,sub115.pkl-20-1,sub115,,sub115.pkl,6,test,True
sub115.pkl-20-2,sub115.pkl-20-2,sub115,,sub115.pkl,6,test,True
sub115.pkl-21-0,sub115.pkl-21-0,sub115,,sub115.pkl,6,test,True
sub115.pkl-21-1,sub115.pkl-21-1,sub115,,sub115.pkl,6,test,True
sub115.pkl-21-2,sub115.pkl-21-2,sub115,,sub115.pkl,6,test,True
sub115.pkl-22-0,sub115.pkl-22-0,sub115,,sub115.pkl,7,test,True
sub115.pkl-22-1,sub115.pkl-22-1,sub115,,sub115.pkl,7,test,True
sub115.pkl-22-2,sub115.pkl-22-2,sub115,,sub115.pkl,7,test,True
sub115.pkl-23-0,sub115.pkl-23-0,sub115,,sub115.pkl,7,test,True
sub115.pkl-23-1,sub115.pkl-23-1,sub115,,sub115.pkl,7,test,True
sub115.pkl-23-2,sub115.pkl-23-2,sub115,,sub115.pkl,7,test,True
sub115.pkl-24-0,sub115.pkl-24-0,sub115,,sub115.pkl,7,test,True
sub115.pkl-24-1,sub115.pkl-24-1,sub115,,sub115.pkl,7,test,True
sub115.pkl-24-2,sub115.pkl-24-2,sub115,,sub115.pkl,7,test,True
sub115.pkl-25-0,sub115.pkl-25-0,sub115,,sub115.pkl,8,test,True
sub115.pkl-25-1,sub115.pkl-25-1,sub115,,sub115.pkl,8,test,True
sub115.pkl-25-2,sub115.pkl-25-2,sub115,,sub115.pkl,8,test,True
sub115.pkl-26-0,sub115.pkl-26-0,sub115,,sub115.pkl,8,test,True
sub115.pkl-26-1,sub115.pkl-26-1,sub115,,sub115.pkl,8,test,True
sub115.pkl-26-2,sub115.pkl-26-2,sub115,,sub115.pkl,8,test,True
sub115.pkl-27-0,sub115.pkl-27-0,sub115,,sub115.pkl,8,test,True
sub115.pkl-27-1,sub115.pkl-27-1,sub115,,sub115.pkl,8,test,True
sub115.pkl-27-2,sub115.pkl-27-2,sub115,,sub115.pkl,8,test,True
sub116.pkl-0-0,sub116.pkl-0-0,sub116,,sub116.pkl,0,test,True
sub116.pkl-0-1,sub116.pkl-0-1,sub116,,sub116.pkl,0,test,True
sub116.pkl-0-2,sub116.pkl-0-2,sub116,,sub116.pkl,0,test,True
sub116.pkl-1-0,sub116.pkl-1-0,sub116,,sub116.pkl,0,test,True
sub116.pkl-1-1,sub116.pkl-1-1,sub116,,sub116.pkl,0,test,True
sub116.pkl-1-2,sub116.pkl-1-2,sub116,,sub116.pkl,0,test,True
sub116.pkl-2-0,sub116.pkl-2-0,sub116,,sub116.pkl,0,test,True
sub116.pkl-2-1,sub116.pkl-2-1,sub116,,sub116.pkl,0,test,True
sub116.pkl-2-2,sub116.pkl-2-2,sub116,,sub116.pkl,0,test,True
sub116.pkl-3-0,sub116.pkl-3-0,sub116,,sub116.pkl,1,test,True
sub116.pkl-3-1,sub116.pkl-3-1,sub116,,sub116.pkl,1,test,True
sub116.pkl-3-2,sub116.pkl-3-2,sub116,,sub116.pkl,1,test,True
sub116.pkl-4-0,sub116.pkl-4-0,sub116,,sub116.pkl,1,test,True
sub116.pkl-4-1,sub116.pkl-4-1,sub116,,sub116.pkl,1,test,True
sub116.pkl-4-2,sub116.pkl-4-2,sub116,,sub116.pkl,1,test,True
sub116.pkl-5-0,sub116.pkl-5-0,sub116,,sub116.pkl,1,test,True
sub116.pkl-5-1,sub116.pkl-5-1,sub116,,sub116.pkl,1,test,True
sub116.pkl-5-2,sub116.pkl-5-2,sub116,,sub116.pkl,1,test,True
sub116.pkl-6-0,sub116.pkl-6-0,sub116,,sub116.pkl,2,test,True
sub116.pkl-6-1,sub116.pkl-6-1,sub116,,sub116.pkl,2,test,True
sub116.pkl-6-2,sub116.pkl-6-2,sub116,,sub116.pkl,2,test,True
sub116.pkl-7-0,sub116.pkl-7-0,sub116,,sub116.pkl,2,test,True
sub116.pkl-7-1,sub116.pkl-7-1,sub116,,sub116.pkl,2,test,True
sub116.pkl-7-2,sub116.pkl-7-2,sub116,,sub116.pkl,2,test,True
sub116.pkl-8-0,sub116.pkl-8-0,sub116,,sub116.pkl,2,test,True
sub116.pkl-8-1,sub116.pkl-8-1,sub116,,sub116.pkl,2,test,True
sub116.pkl-8-2,sub116.pkl-8-2,sub116,,sub116.pkl,2,test,True
sub116.pkl-9-0,sub116.pkl-9-0,sub116,,sub116.pkl,3,test,True
sub116.pkl-9-1,sub116.pkl-9-1,sub116,,sub116.pkl,3,test,True
sub116.pkl-9-2,sub116.pkl-9-2,sub116,,sub116.pkl,3,test,True
sub116.pkl-10-0,sub116.pkl-10-0,sub116,,sub116.pkl,3,test,True
sub116.pkl-10-1,sub116.pkl-10-1,sub116,,sub116.pkl,3,test,True
sub116.pkl-10-2,sub116.pkl-10-2,sub116,,sub116.pkl,3,test,True
sub116.pkl-11-0,sub116.pkl-11-0,sub116,,sub116.pkl,3,test,True
sub116.pkl-11-1,sub116.pkl-11-1,sub116,,sub116.pkl,3,test,True
sub116.pkl-11-2,sub116.pkl-11-2,sub116,,sub116.pkl,3,test,True
sub116.pkl-12-0,sub116.pkl-12-0,sub116,,sub116.pkl,4,test,True
sub116.pkl-12-1,sub116.pkl-12-1,sub116,,sub116.pkl,4,test,True
sub116.pkl-12-2,sub116.pkl-12-2,sub116,,sub116.pkl,4,test,True
sub116.pkl-13-0,sub116.pkl-13-0,sub116,,sub116.pkl,4,test,True
sub116.pkl-13-1,sub116.pkl-13-1,sub116,,sub116.pkl,4,test,True
sub116.pkl-13-2,sub116.pkl-13-2,sub116,,sub116.pkl,4,test,True
sub116.pkl-14-0,sub116.pkl-14-0,sub116,,sub116.pkl,4,test,True
sub116.pkl-14-1,sub116.pkl-14-1,sub116,,sub116.pkl,4,test,True
sub116.pkl-14-2,sub116.pkl-14-2,sub116,,sub116.pkl,4,test,True
sub116.pkl-15-0,sub116.pkl-15-0,sub116,,sub116.pkl,4,test,True
sub116.pkl-15-1,sub116.pkl-15-1,sub116,,sub116.pkl,4,test,True
sub116.pkl-15-2,sub116.pkl-15-2,sub116,,sub116.pkl,4,test,True
sub116.pkl-16-0,sub116.pkl-16-0,sub116,,sub116.pkl,5,test,True
sub116.pkl-16-1,sub116.pkl-16-1,sub116,,sub116.pkl,5,test,True
sub116.pkl-16-2,sub116.pkl-16-2,sub116,,sub116.pkl,5,test,True
sub116.pkl-17-0,sub116.pkl-17-0,sub116,,sub116.pkl,5,test,True
sub116.pkl-17-1,sub116.pkl-17-1,sub116,,sub116.pkl,5,test,True
sub116.pkl-17-2,sub116.pkl-17-2,sub116,,sub116.pkl,5,test,True
sub116.pkl-18-0,sub116.pkl-18-0,sub116,,sub116.pkl,5,test,True
sub116.pkl-18-1,sub116.pkl-18-1,sub116,,sub116.pkl,5,test,True
sub116.pkl-18-2,sub116.pkl-18-2,sub116,,sub116.pkl,5,test,True
sub116.pkl-19-0,sub116.pkl-19-0,sub116,,sub116.pkl,6,test,True
sub116.pkl-19-1,sub116.pkl-19-1,sub116,,sub116.pkl,6,test,True
sub116.pkl-19-2,sub116.pkl-19-2,sub116,,sub116.pkl,6,test,True
sub116.pkl-20-0,sub116.pkl-20-0,sub116,,sub116.pkl,6,test,True
sub116.pkl-20-1,sub116.pkl-20-1,sub116,,sub116.pkl,6,test,True
sub116.pkl-20-2,sub116.pkl-20-2,sub116,,sub116.pkl,6,test,True
sub116.pkl-21-0,sub116.pkl-21-0,sub116,,sub116.pkl,6,test,True
sub116.pkl-21-1,sub116.pkl-21-1,sub116,,sub116.pkl,6,test,True
sub116.pkl-21-2,sub116.pkl-21-2,sub116,,sub116.pkl,6,test,True
sub116.pkl-22-0,sub116.pkl-22-0,sub116,,sub116.pkl,7,test,True
sub116.pkl-22-1,sub116.pkl-22-1,sub116,,sub116.pkl,7,test,True
sub116.pkl-22-2,sub116.pkl-22-2,sub116,,sub116.pkl,7,test,True
sub116.pkl-23-0,sub116.pkl-23-0,sub116,,sub116.pkl,7,test,True
sub116.pkl-23-1,sub116.pkl-23-1,sub116,,sub116.pkl,7,test,True
sub116.pkl-23-2,sub116.pkl-23-2,sub116,,sub116.pkl,7,test,True
sub116.pkl-24-0,sub116.pkl-24-0,sub116,,sub116.pkl,7,test,True
sub116.pkl-24-1,sub116.pkl-24-1,sub116,,sub116.pkl,7,test,True
sub116.pkl-24-2,sub116.pkl-24-2,sub116,,sub116.pkl,7,test,True
sub116.pkl-25-0,sub116.pkl-25-0,sub116,,sub116.pkl,8,test,True
sub116.pkl-25-1,sub116.pkl-25-1,sub116,,sub116.pkl,8,test,True
sub116.pkl-25-2,sub116.pkl-25-2,sub116,,sub116.pkl,8,test,True
sub116.pkl-26-0,sub116.pkl-26-0,sub116,,sub116.pkl,8,test,True
sub116.pkl-26-1,sub116.pkl-26-1,sub116,,sub116.pkl,8,test,True
sub116.pkl-26-2,sub116.pkl-26-2,sub116,,sub116.pkl,8,test,True
sub116.pkl-27-0,sub116.pkl-27-0,sub116,,sub116.pkl,8,test,True
sub116.pkl-27-1,sub116.pkl-27-1,sub116,,sub116.pkl,8,test,True
sub116.pkl-27-2,sub116.pkl-27-2,sub116,,sub116.pkl,8,test,True
sub117.pkl-0-0,sub117.pkl-0-0,sub117,,sub117.pkl,0,test,True
sub117.pkl-0-1,sub117.pkl-0-1,sub117,,sub117.pkl,0,test,True
sub117.pkl-0-2,sub117.pkl-0-2,sub117,,sub117.pkl,0,test,True
sub117.pkl-1-0,sub117.pkl-1-0,sub117,,sub117.pkl,0,test,True
sub117.pkl-1-1,sub117.pkl-1-1,sub117,,sub117.pkl,0,test,True
sub117.pkl-1-2,sub117.pkl-1-2,sub117,,sub117.pkl,0,test,True
sub117.pkl-2-0,sub117.pkl-2-0,sub117,,sub117.pkl,0,test,True
sub117.pkl-2-1,sub117.pkl-2-1,sub117,,sub117.pkl,0,test,True
sub117.pkl-2-2,sub117.pkl-2-2,sub117,,sub117.pkl,0,test,True
sub117.pkl-3-0,sub117.pkl-3-0,sub117,,sub117.pkl,1,test,True
sub117.pkl-3-1,sub117.pkl-3-1,sub117,,sub117.pkl,1,test,True
sub117.pkl-3-2,sub117.pkl-3-2,sub117,,sub117.pkl,1,test,True
sub117.pkl-4-0,sub117.pkl-4-0,sub117,,sub117.pkl,1,test,True
sub117.pkl-4-1,sub117.pkl-4-1,sub117,,sub117.pkl,1,test,True
sub117.pkl-4-2,sub117.pkl-4-2,sub117,,sub117.pkl,1,test,True
sub117.pkl-5-0,sub117.pkl-5-0,sub117,,sub117.pkl,1,test,True
sub117.pkl-5-1,sub117.pkl-5-1,sub117,,sub117.pkl,1,test,True
sub117.pkl-5-2,sub117.pkl-5-2,sub117,,sub117.pkl,1,test,True
sub117.pkl-6-0,sub117.pkl-6-0,sub117,,sub117.pkl,2,test,True
sub117.pkl-6-1,sub117.pkl-6-1,sub117,,sub117.pkl,2,test,True
sub117.pkl-6-2,sub117.pkl-6-2,sub117,,sub117.pkl,2,test,True
sub117.pkl-7-0,sub117.pkl-7-0,sub117,,sub117.pkl,2,test,True
sub117.pkl-7-1,sub117.pkl-7-1,sub117,,sub117.pkl,2,test,True
sub117.pkl-7-2,sub117.pkl-7-2,sub117,,sub117.pkl,2,test,True
sub117.pkl-8-0,sub117.pkl-8-0,sub117,,sub117.pkl,2,test,True
sub117.pkl-8-1,sub117.pkl-8-1,sub117,,sub117.pkl,2,test,True
sub117.pkl-8-2,sub117.pkl-8-2,sub117,,sub117.pkl,2,test,True
sub117.pkl-9-0,sub117.pkl-9-0,sub117,,sub117.pkl,3,test,True
sub117.pkl-9-1,sub117.pkl-9-1,sub117,,sub117.pkl,3,test,True
sub117.pkl-9-2,sub117.pkl-9-2,sub117,,sub117.pkl,3,test,True
sub117.pkl-10-0,sub117.pkl-10-0,sub117,,sub117.pkl,3,test,True
sub117.pkl-10-1,sub117.pkl-10-1,sub117,,sub117.pkl,3,test,True
sub117.pkl-10-2,sub117.pkl-10-2,sub117,,sub117.pkl,3,test,True
sub117.pkl-11-0,sub117.pkl-11-0,sub117,,sub117.pkl,3,test,True
sub117.pkl-11-1,sub117.pkl-11-1,sub117,,sub117.pkl,3,test,True
sub117.pkl-11-2,sub117.pkl-11-2,sub117,,sub117.pkl,3,test,True
sub117.pkl-12-0,sub117.pkl-12-0,sub117,,sub117.pkl,4,test,True
sub117.pkl-12-1,sub117.pkl-12-1,sub117,,sub117.pkl,4,test,True
sub117.pkl-12-2,sub117.pkl-12-2,sub117,,sub117.pkl,4,test,True
sub117.pkl-13-0,sub117.pkl-13-0,sub117,,sub117.pkl,4,test,True
sub117.pkl-13-1,sub117.pkl-13-1,sub117,,sub117.pkl,4,test,True
sub117.pkl-13-2,sub117.pkl-13-2,sub117,,sub117.pkl,4,test,True
sub117.pkl-14-0,sub117.pkl-14-0,sub117,,sub117.pkl,4,test,True
sub117.pkl-14-1,sub117.pkl-14-1,sub117,,sub117.pkl,4,test,True
sub117.pkl-14-2,sub117.pkl-14-2,sub117,,sub117.pkl,4,test,True
sub117.pkl-15-0,sub117.pkl-15-0,sub117,,sub117.pkl,4,test,True
sub117.pkl-15-1,sub117.pkl-15-1,sub117,,sub117.pkl,4,test,True
sub117.pkl-15-2,sub117.pkl-15-2,sub117,,sub117.pkl,4,test,True
sub117.pkl-16-0,sub117.pkl-16-0,sub117,,sub117.pkl,5,test,True
sub117.pkl-16-1,sub117.pkl-16-1,sub117,,sub117.pkl,5,test,True
sub117.pkl-16-2,sub117.pkl-16-2,sub117,,sub117.pkl,5,test,True
sub117.pkl-17-0,sub117.pkl-17-0,sub117,,sub117.pkl,5,test,True
sub117.pkl-17-1,sub117.pkl-17-1,sub117,,sub117.pkl,5,test,True
sub117.pkl-17-2,sub117.pkl-17-2,sub117,,sub117.pkl,5,test,True
sub117.pkl-18-0,sub117.pkl-18-0,sub117,,sub117.pkl,5,test,True
sub117.pkl-18-1,sub117.pkl-18-1,sub117,,sub117.pkl,5,test,True
sub117.pkl-18-2,sub117.pkl-18-2,sub117,,sub117.pkl,5,test,True
sub117.pkl-19-0,sub117.pkl-19-0,sub117,,sub117.pkl,6,test,True
sub117.pkl-19-1,sub117.pkl-19-1,sub117,,sub117.pkl,6,test,True
sub117.pkl-19-2,sub117.pkl-19-2,sub117,,sub117.pkl,6,test,True
sub117.pkl-20-0,sub117.pkl-20-0,sub117,,sub117.pkl,6,test,True
sub117.pkl-20-1,sub117.pkl-20-1,sub117,,sub117.pkl,6,test,True
sub117.pkl-20-2,sub117.pkl-20-2,sub117,,sub117.pkl,6,test,True
sub117.pkl-21-0,sub117.pkl-21-0,sub117,,sub117.pkl,6,test,True
sub117.pkl-21-1,sub117.pkl-21-1,sub117,,sub117.pkl,6,test,True
sub117.pkl-21-2,sub117.pkl-21-2,sub117,,sub117.pkl,6,test,True
sub117.pkl-22-0,sub117.pkl-22-0,sub117,,sub117.pkl,7,test,True
sub117.pkl-22-1,sub117.pkl-22-1,sub117,,sub117.pkl,7,test,True
sub117.pkl-22-2,sub117.pkl-22-2,sub117,,sub117.pkl,7,test,True
sub117.pkl-23-0,sub117.pkl-23-0,sub117,,sub117.pkl,7,test,True
sub117.pkl-23-1,sub117.pkl-23-1,sub117,,sub117.pkl,7,test,True
sub117.pkl-23-2,sub117.pkl-23-2,sub117,,sub117.pkl,7,test,True
sub117.pkl-24-0,sub117.pkl-24-0,sub117,,sub117.pkl,7,test,True
sub117.pkl-24-1,sub117.pkl-24-1,sub117,,sub117.pkl,7,test,True
sub117.pkl-24-2,sub117.pkl-24-2,sub117,,sub117.pkl,7,test,True
sub117.pkl-25-0,sub117.pkl-25-0,sub117,,sub117.pkl,8,test,True
sub117.pkl-25-1,sub117.pkl-25-1,sub117,,sub117.pkl,8,test,True
sub117.pkl-25-2,sub117.pkl-25-2,sub117,,sub117.pkl,8,test,True
sub117.pkl-26-0,sub117.pkl-26-0,sub117,,sub117.pkl,8,test,True
sub117.pkl-26-1,sub117.pkl-26-1,sub117,,sub117.pkl,8,test,True
sub117.pkl-26-2,sub117.pkl-26-2,sub117,,sub117.pkl,8,test,True
sub117.pkl-27-0,sub117.pkl-27-0,sub117,,sub117.pkl,8,test,True
sub117.pkl-27-1,sub117.pkl-27-1,sub117,,sub117.pkl,8,test,True
sub117.pkl-27-2,sub117.pkl-27-2,sub117,,sub117.pkl,8,test,True
sub118.pkl-0-0,sub118.pkl-0-0,sub118,,sub118.pkl,0,test,True
sub118.pkl-0-1,sub118.pkl-0-1,sub118,,sub118.pkl,0,test,True
sub118.pkl-0-2,sub118.pkl-0-2,sub118,,sub118.pkl,0,test,True
sub118.pkl-1-0,sub118.pkl-1-0,sub118,,sub118.pkl,0,test,True
sub118.pkl-1-1,sub118.pkl-1-1,sub118,,sub118.pkl,0,test,True
sub118.pkl-1-2,sub118.pkl-1-2,sub118,,sub118.pkl,0,test,True
sub118.pkl-2-0,sub118.pkl-2-0,sub118,,sub118.pkl,0,test,True
sub118.pkl-2-1,sub118.pkl-2-1,sub118,,sub118.pkl,0,test,True
sub118.pkl-2-2,sub118.pkl-2-2,sub118,,sub118.pkl,0,test,True
sub118.pkl-3-0,sub118.pkl-3-0,sub118,,sub118.pkl,1,test,True
sub118.pkl-3-1,sub118.pkl-3-1,sub118,,sub118.pkl,1,test,True
sub118.pkl-3-2,sub118.pkl-3-2,sub118,,sub118.pkl,1,test,True
sub118.pkl-4-0,sub118.pkl-4-0,sub118,,sub118.pkl,1,test,True
sub118.pkl-4-1,sub118.pkl-4-1,sub118,,sub118.pkl,1,test,True
sub118.pkl-4-2,sub118.pkl-4-2,sub118,,sub118.pkl,1,test,True
sub118.pkl-5-0,sub118.pkl-5-0,sub118,,sub118.pkl,1,test,True
sub118.pkl-5-1,sub118.pkl-5-1,sub118,,sub118.pkl,1,test,True
sub118.pkl-5-2,sub118.pkl-5-2,sub118,,sub118.pkl,1,test,True
sub118.pkl-6-0,sub118.pkl-6-0,sub118,,sub118.pkl,2,test,True
sub118.pkl-6-1,sub118.pkl-6-1,sub118,,sub118.pkl,2,test,True
sub118.pkl-6-2,sub118.pkl-6-2,sub118,,sub118.pkl,2,test,True
sub118.pkl-7-0,sub118.pkl-7-0,sub118,,sub118.pkl,2,test,True
sub118.pkl-7-1,sub118.pkl-7-1,sub118,,sub118.pkl,2,test,True
sub118.pkl-7-2,sub118.pkl-7-2,sub118,,sub118.pkl,2,test,True
sub118.pkl-8-0,sub118.pkl-8-0,sub118,,sub118.pkl,2,test,True
sub118.pkl-8-1,sub118.pkl-8-1,sub118,,sub118.pkl,2,test,True
sub118.pkl-8-2,sub118.pkl-8-2,sub118,,sub118.pkl,2,test,True
sub118.pkl-9-0,sub118.pkl-9-0,sub118,,sub118.pkl,3,test,True
sub118.pkl-9-1,sub118.pkl-9-1,sub118,,sub118.pkl,3,test,True
sub118.pkl-9-2,sub118.pkl-9-2,sub118,,sub118.pkl,3,test,True
sub118.pkl-10-0,sub118.pkl-10-0,sub118,,sub118.pkl,3,test,True
sub118.pkl-10-1,sub118.pkl-10-1,sub118,,sub118.pkl,3,test,True
sub118.pkl-10-2,sub118.pkl-10-2,sub118,,sub118.pkl,3,test,True
sub118.pkl-11-0,sub118.pkl-11-0,sub118,,sub118.pkl,3,test,True
sub118.pkl-11-1,sub118.pkl-11-1,sub118,,sub118.pkl,3,test,True
sub118.pkl-11-2,sub118.pkl-11-2,sub118,,sub118.pkl,3,test,True
sub118.pkl-12-0,sub118.pkl-12-0,sub118,,sub118.pkl,4,test,True
sub118.pkl-12-1,sub118.pkl-12-1,sub118,,sub118.pkl,4,test,True
sub118.pkl-12-2,sub118.pkl-12-2,sub118,,sub118.pkl,4,test,True
sub118.pkl-13-0,sub118.pkl-13-0,sub118,,sub118.pkl,4,test,True
sub118.pkl-13-1,sub118.pkl-13-1,sub118,,sub118.pkl,4,test,True
sub118.pkl-13-2,sub118.pkl-13-2,sub118,,sub118.pkl,4,test,True
sub118.pkl-14-0,sub118.pkl-14-0,sub118,,sub118.pkl,4,test,True
sub118.pkl-14-1,sub118.pkl-14-1,sub118,,sub118.pkl,4,test,True
sub118.pkl-14-2,sub118.pkl-14-2,sub118,,sub118.pkl,4,test,True
sub118.pkl-15-0,sub118.pkl-15-0,sub118,,sub118.pkl,4,test,True
sub118.pkl-15-1,sub118.pkl-15-1,sub118,,sub118.pkl,4,test,True
sub118.pkl-15-2,sub118.pkl-15-2,sub118,,sub118.pkl,4,test,True
sub118.pkl-16-0,sub118.pkl-16-0,sub118,,sub118.pkl,5,test,True
sub118.pkl-16-1,sub118.pkl-16-1,sub118,,sub118.pkl,5,test,True
sub118.pkl-16-2,sub118.pkl-16-2,sub118,,sub118.pkl,5,test,True
sub118.pkl-17-0,sub118.pkl-17-0,sub118,,sub118.pkl,5,test,True
sub118.pkl-17-1,sub118.pkl-17-1,sub118,,sub118.pkl,5,test,True
sub118.pkl-17-2,sub118.pkl-17-2,sub118,,sub118.pkl,5,test,True
sub118.pkl-18-0,sub118.pkl-18-0,sub118,,sub118.pkl,5,test,True
sub118.pkl-18-1,sub118.pkl-18-1,sub118,,sub118.pkl,5,test,True
sub118.pkl-18-2,sub118.pkl-18-2,sub118,,sub118.pkl,5,test,True
sub118.pkl-19-0,sub118.pkl-19-0,sub118,,sub118.pkl,6,test,True
sub118.pkl-19-1,sub118.pkl-19-1,sub118,,sub118.pkl,6,test,True
sub118.pkl-19-2,sub118.pkl-19-2,sub118,,sub118.pkl,6,test,True
sub118.pkl-20-0,sub118.pkl-20-0,sub118,,sub118.pkl,6,test,True
sub118.pkl-20-1,sub118.pkl-20-1,sub118,,sub118.pkl,6,test,True
sub118.pkl-20-2,sub118.pkl-20-2,sub118,,sub118.pkl,6,test,True
sub118.pkl-21-0,sub118.pkl-21-0,sub118,,sub118.pkl,6,test,True
sub118.pkl-21-1,sub118.pkl-21-1,sub118,,sub118.pkl,6,test,True
sub118.pkl-21-2,sub118.pkl-21-2,sub118,,sub118.pkl,6,test,True
sub118.pkl-22-0,sub118.pkl-22-0,sub118,,sub118.pkl,7,test,True
sub118.pkl-22-1,sub118.pkl-22-1,sub118,,sub118.pkl,7,test,True
sub118.pkl-22-2,sub118.pkl-22-2,sub118,,sub118.pkl,7,test,True
sub118.pkl-23-0,sub118.pkl-23-0,sub118,,sub118.pkl,7,test,True
sub118.pkl-23-1,sub118.pkl-23-1,sub118,,sub118.pkl,7,test,True
sub118.pkl-23-2,sub118.pkl-23-2,sub118,,sub118.pkl,7,test,True
sub118.pkl-24-0,sub118.pkl-24-0,sub118,,sub118.pkl,7,test,True
sub118.pkl-24-1,sub118.pkl-24-1,sub118,,sub118.pkl,7,test,True
sub118.pkl-24-2,sub118.pkl-24-2,sub118,,sub118.pkl,7,test,True
sub118.pkl-25-0,sub118.pkl-25-0,sub118,,sub118.pkl,8,test,True
sub118.pkl-25-1,sub118.pkl-25-1,sub118,,sub118.pkl,8,test,True
sub118.pkl-25-2,sub118.pkl-25-2,sub118,,sub118.pkl,8,test,True
sub118.pkl-26-0,sub118.pkl-26-0,sub118,,sub118.pkl,8,test,True
sub118.pkl-26-1,sub118.pkl-26-1,sub118,,sub118.pkl,8,test,True
sub118.pkl-26-2,sub118.pkl-26-2,sub118,,sub118.pkl,8,test,True
sub118.pkl-27-0,sub118.pkl-27-0,sub118,,sub118.pkl,8,test,True
sub118.pkl-27-1,sub118.pkl-27-1,sub118,,sub118.pkl,8,test,True
sub118.pkl-27-2,sub118.pkl-27-2,sub118,,sub118.pkl,8,test,True
sub119.pkl-0-0,sub119.pkl-0-0,sub119,,sub119.pkl,0,test,True
sub119.pkl-0-1,sub119.pkl-0-1,sub119,,sub119.pkl,0,test,True
sub119.pkl-0-2,sub119.pkl-0-2,sub119,,sub119.pkl,0,test,True
sub119.pkl-1-0,sub119.pkl-1-0,sub119,,sub119.pkl,0,test,True
sub119.pkl-1-1,sub119.pkl-1-1,sub119,,sub119.pkl,0,test,True
sub119.pkl-1-2,sub119.pkl-1-2,sub119,,sub119.pkl,0,test,True
sub119.pkl-2-0,sub119.pkl-2-0,sub119,,sub119.pkl,0,test,True
sub119.pkl-2-1,sub119.pkl-2-1,sub119,,sub119.pkl,0,test,True
sub119.pkl-2-2,sub119.pkl-2-2,sub119,,sub119.pkl,0,test,True
sub119.pkl-3-0,sub119.pkl-3-0,sub119,,sub119.pkl,1,test,True
sub119.pkl-3-1,sub119.pkl-3-1,sub119,,sub119.pkl,1,test,True
sub119.pkl-3-2,sub119.pkl-3-2,sub119,,sub119.pkl,1,test,True
sub119.pkl-4-0,sub119.pkl-4-0,sub119,,sub119.pkl,1,test,True
sub119.pkl-4-1,sub119.pkl-4-1,sub119,,sub119.pkl,1,test,True
sub119.pkl-4-2,sub119.pkl-4-2,sub119,,sub119.pkl,1,test,True
sub119.pkl-5-0,sub119.pkl-5-0,sub119,,sub119.pkl,1,test,True
sub119.pkl-5-1,sub119.pkl-5-1,sub119,,sub119.pkl,1,test,True
sub119.pkl-5-2,sub119.pkl-5-2,sub119,,sub119.pkl,1,test,True
sub119.pkl-6-0,sub119.pkl-6-0,sub119,,sub119.pkl,2,test,True
sub119.pkl-6-1,sub119.pkl-6-1,sub119,,sub119.pkl,2,test,True
sub119.pkl-6-2,sub119.pkl-6-2,sub119,,sub119.pkl,2,test,True
sub119.pkl-7-0,sub119.pkl-7-0,sub119,,sub119.pkl,2,test,True
sub119.pkl-7-1,sub119.pkl-7-1,sub119,,sub119.pkl,2,test,True
sub119.pkl-7-2,sub119.pkl-7-2,sub119,,sub119.pkl,2,test,True
sub119.pkl-8-0,sub119.pkl-8-0,sub119,,sub119.pkl,2,test,True
sub119.pkl-8-1,sub119.pkl-8-1,sub119,,sub119.pkl,2,test,True
sub119.pkl-8-2,sub119.pkl-8-2,sub119,,sub119.pkl,2,test,True
sub119.pkl-9-0,sub119.pkl-9-0,sub119,,sub119.pkl,3,test,True
sub119.pkl-9-1,sub119.pkl-9-1,sub119,,sub119.pkl,3,test,True
sub119.pkl-9-2,sub119.pkl-9-2,sub119,,sub119.pkl,3,test,True
sub119.pkl-10-0,sub119.pkl-10-0,sub119,,sub119.pkl,3,test,True
sub119.pkl-10-1,sub119.pkl-10-1,sub119,,sub119.pkl,3,test,True
sub119.pkl-10-2,sub119.pkl-10-2,sub119,,sub119.pkl,3,test,True
sub119.pkl-11-0,sub119.pkl-11-0,sub119,,sub119.pkl,3,test,True
sub119.pkl-11-1,sub119.pkl-11-1,sub119,,sub119.pkl,3,test,True
sub119.pkl-11-2,sub119.pkl-11-2,sub119,,sub119.pkl,3,test,True
sub119.pkl-12-0,sub119.pkl-12-0,sub119,,sub119.pkl,4,test,True
sub119.pkl-12-1,sub119.pkl-12-1,sub119,,sub119.pkl,4,test,True
sub119.pkl-12-2,sub119.pkl-12-2,sub119,,sub119.pkl,4,test,True
sub119.pkl-13-0,sub119.pkl-13-0,sub119,,sub119.pkl,4,test,True
sub119.pkl-13-1,sub119.pkl-13-1,sub119,,sub119.pkl,4,test,True
sub119.pkl-13-2,sub119.pkl-13-2,sub119,,sub119.pkl,4,test,True
sub119.pkl-14-0,sub119.pkl-14-0,sub119,,sub119.pkl,4,test,True
sub119.pkl-14-1,sub119.pkl-14-1,sub119,,sub119.pkl,4,test,True
sub119.pkl-14-2,sub119.pkl-14-2,sub119,,sub119.pkl,4,test,True
sub119.pkl-15-0,sub119.pkl-15-0,sub119,,sub119.pkl,4,test,True
sub119.pkl-15-1,sub119.pkl-15-1,sub119,,sub119.pkl,4,test,True
sub119.pkl-15-2,sub119.pkl-15-2,sub119,,sub119.pkl,4,test,True
sub119.pkl-16-0,sub119.pkl-16-0,sub119,,sub119.pkl,5,test,True
sub119.pkl-16-1,sub119.pkl-16-1,sub119,,sub119.pkl,5,test,True
sub119.pkl-16-2,sub119.pkl-16-2,sub119,,sub119.pkl,5,test,True
sub119.pkl-17-0,sub119.pkl-17-0,sub119,,sub119.pkl,5,test,True
sub119.pkl-17-1,sub119.pkl-17-1,sub119,,sub119.pkl,5,test,True
sub119.pkl-17-2,sub119.pkl-17-2,sub119,,sub119.pkl,5,test,True
sub119.pkl-18-0,sub119.pkl-18-0,sub119,,sub119.pkl,5,test,True
sub119.pkl-18-1,sub119.pkl-18-1,sub119,,sub119.pkl,5,test,True
sub119.pkl-18-2,sub119.pkl-18-2,sub119,,sub119.pkl,5,test,True
sub119.pkl-19-0,sub119.pkl-19-0,sub119,,sub119.pkl,6,test,True
sub119.pkl-19-1,sub119.pkl-19-1,sub119,,sub119.pkl,6,test,True
sub119.pkl-19-2,sub119.pkl-19-2,sub119,,sub119.pkl,6,test,True
sub119.pkl-20-0,sub119.pkl-20-0,sub119,,sub119.pkl,6,test,True
sub119.pkl-20-1,sub119.pkl-20-1,sub119,,sub119.pkl,6,test,True
sub119.pkl-20-2,sub119.pkl-20-2,sub119,,sub119.pkl,6,test,True
sub119.pkl-21-0,sub119.pkl-21-0,sub119,,sub119.pkl,6,test,True
sub119.pkl-21-1,sub119.pkl-21-1,sub119,,sub119.pkl,6,test,True
sub119.pkl-21-2,sub119.pkl-21-2,sub119,,sub119.pkl,6,test,True
sub119.pkl-22-0,sub119.pkl-22-0,sub119,,sub119.pkl,7,test,True
sub119.pkl-22-1,sub119.pkl-22-1,sub119,,sub119.pkl,7,test,True
sub119.pkl-22-2,sub119.pkl-22-2,sub119,,sub119.pkl,7,test,True
sub119.pkl-23-0,sub119.pkl-23-0,sub119,,sub119.pkl,7,test,True
sub119.pkl-23-1,sub119.pkl-23-1,sub119,,sub119.pkl,7,test,True
sub119.pkl-23-2,sub119.pkl-23-2,sub119,,sub119.pkl,7,test,True
sub119.pkl-24-0,sub119.pkl-24-0,sub119,,sub119.pkl,7,test,True
sub119.pkl-24-1,sub119.pkl-24-1,sub119,,sub119.pkl,7,test,True
sub119.pkl-24-2,sub119.pkl-24-2,sub119,,sub119.pkl,7,test,True
sub119.pkl-25-0,sub119.pkl-25-0,sub119,,sub119.pkl,8,test,True
sub119.pkl-25-1,sub119.pkl-25-1,sub119,,sub119.pkl,8,test,True
sub119.pkl-25-2,sub119.pkl-25-2,sub119,,sub119.pkl,8,test,True
sub119.pkl-26-0,sub119.pkl-26-0,sub119,,sub119.pkl,8,test,True
sub119.pkl-26-1,sub119.pkl-26-1,sub119,,sub119.pkl,8,test,True
sub119.pkl-26-2,sub119.pkl-26-2,sub119,,sub119.pkl,8,test,True
sub119.pkl-27-0,sub119.pkl-27-0,sub119,,sub119.pkl,8,test,True
sub119.pkl-27-1,sub119.pkl-27-1,sub119,,sub119.pkl,8,test,True
sub119.pkl-27-2,sub119.pkl-27-2,sub119,,sub119.pkl,8,test,True
sub120.pkl-0-0,sub120.pkl-0-0,sub120,,sub120.pkl,0,test,True
sub120.pkl-0-1,sub120.pkl-0-1,sub120,,sub120.pkl,0,test,True
sub120.pkl-0-2,sub120.pkl-0-2,sub120,,sub120.pkl,0,test,True
sub120.pkl-1-0,sub120.pkl-1-0,sub120,,sub120.pkl,0,test,True
sub120.pkl-1-1,sub120.pkl-1-1,sub120,,sub120.pkl,0,test,True
sub120.pkl-1-2,sub120.pkl-1-2,sub120,,sub120.pkl,0,test,True
sub120.pkl-2-0,sub120.pkl-2-0,sub120,,sub120.pkl,0,test,True
sub120.pkl-2-1,sub120.pkl-2-1,sub120,,sub120.pkl,0,test,True
sub120.pkl-2-2,sub120.pkl-2-2,sub120,,sub120.pkl,0,test,True
sub120.pkl-3-0,sub120.pkl-3-0,sub120,,sub120.pkl,1,test,True
sub120.pkl-3-1,sub120.pkl-3-1,sub120,,sub120.pkl,1,test,True
sub120.pkl-3-2,sub120.pkl-3-2,sub120,,sub120.pkl,1,test,True
sub120.pkl-4-0,sub120.pkl-4-0,sub120,,sub120.pkl,1,test,True
sub120.pkl-4-1,sub120.pkl-4-1,sub120,,sub120.pkl,1,test,True
sub120.pkl-4-2,sub120.pkl-4-2,sub120,,sub120.pkl,1,test,True
sub120.pkl-5-0,sub120.pkl-5-0,sub120,,sub120.pkl,1,test,True
sub120.pkl-5-1,sub120.pkl-5-1,sub120,,sub120.pkl,1,test,True
sub120.pkl-5-2,sub120.pkl-5-2,sub120,,sub120.pkl,1,test,True
sub120.pkl-6-0,sub120.pkl-6-0,sub120,,sub120.pkl,2,test,True
sub120.pkl-6-1,sub120.pkl-6-1,sub120,,sub120.pkl,2,test,True
sub120.pkl-6-2,sub120.pkl-6-2,sub120,,sub120.pkl,2,test,True
sub120.pkl-7-0,sub120.pkl-7-0,sub120,,sub120.pkl,2,test,True
sub120.pkl-7-1,sub120.pkl-7-1,sub120,,sub120.pkl,2,test,True
sub120.pkl-7-2,sub120.pkl-7-2,sub120,,sub120.pkl,2,test,True
sub120.pkl-8-0,sub120.pkl-8-0,sub120,,sub120.pkl,2,test,True
sub120.pkl-8-1,sub120.pkl-8-1,sub120,,sub120.pkl,2,test,True
sub120.pkl-8-2,sub120.pkl-8-2,sub120,,sub120.pkl,2,test,True
sub120.pkl-9-0,sub120.pkl-9-0,sub120,,sub120.pkl,3,test,True
sub120.pkl-9-1,sub120.pkl-9-1,sub120,,sub120.pkl,3,test,True
sub120.pkl-9-2,sub120.pkl-9-2,sub120,,sub120.pkl,3,test,True
sub120.pkl-10-0,sub120.pkl-10-0,sub120,,sub120.pkl,3,test,True
sub120.pkl-10-1,sub120.pkl-10-1,sub120,,sub120.pkl,3,test,True
sub120.pkl-10-2,sub120.pkl-10-2,sub120,,sub120.pkl,3,test,True
sub120.pkl-11-0,sub120.pkl-11-0,sub120,,sub120.pkl,3,test,True
sub120.pkl-11-1,sub120.pkl-11-1,sub120,,sub120.pkl,3,test,True
sub120.pkl-11-2,sub120.pkl-11-2,sub120,,sub120.pkl,3,test,True
sub120.pkl-12-0,sub120.pkl-12-0,sub120,,sub120.pkl,4,test,True
sub120.pkl-12-1,sub120.pkl-12-1,sub120,,sub120.pkl,4,test,True
sub120.pkl-12-2,sub120.pkl-12-2,sub120,,sub120.pkl,4,test,True
sub120.pkl-13-0,sub120.pkl-13-0,sub120,,sub120.pkl,4,test,True
sub120.pkl-13-1,sub120.pkl-13-1,sub120,,sub120.pkl,4,test,True
sub120.pkl-13-2,sub120.pkl-13-2,sub120,,sub120.pkl,4,test,True
sub120.pkl-14-0,sub120.pkl-14-0,sub120,,sub120.pkl,4,test,True
sub120.pkl-14-1,sub120.pkl-14-1,sub120,,sub120.pkl,4,test,True
sub120.pkl-14-2,sub120.pkl-14-2,sub120,,sub120.pkl,4,test,True
sub120.pkl-15-0,sub120.pkl-15-0,sub120,,sub120.pkl,4,test,True
sub120.pkl-15-1,sub120.pkl-15-1,sub120,,sub120.pkl,4,test,True
sub120.pkl-15-2,sub120.pkl-15-2,sub120,,sub120.pkl,4,test,True
sub120.pkl-16-0,sub120.pkl-16-0,sub120,,sub120.pkl,5,test,True
sub120.pkl-16-1,sub120.pkl-16-1,sub120,,sub120.pkl,5,test,True
sub120.pkl-16-2,sub120.pkl-16-2,sub120,,sub120.pkl,5,test,True
sub120.pkl-17-0,sub120.pkl-17-0,sub120,,sub120.pkl,5,test,True
sub120.pkl-17-1,sub120.pkl-17-1,sub120,,sub120.pkl,5,test,True
sub120.pkl-17-2,sub120.pkl-17-2,sub120,,sub120.pkl,5,test,True
sub120.pkl-18-0,sub120.pkl-18-0,sub120,,sub120.pkl,5,test,True
sub120.pkl-18-1,sub120.pkl-18-1,sub120,,sub120.pkl,5,test,True
sub120.pkl-18-2,sub120.pkl-18-2,sub120,,sub120.pkl,5,test,True
sub120.pkl-19-0,sub120.pkl-19-0,sub120,,sub120.pkl,6,test,True
sub120.pkl-19-1,sub120.pkl-19-1,sub120,,sub120.pkl,6,test,True
sub120.pkl-19-2,sub120.pkl-19-2,sub120,,sub120.pkl,6,test,True
sub120.pkl-20-0,sub120.pkl-20-0,sub120,,sub120.pkl,6,test,True
sub120.pkl-20-1,sub120.pkl-20-1,sub120,,sub120.pkl,6,test,True
sub120.pkl-20-2,sub120.pkl-20-2,sub120,,sub120.pkl,6,test,True
sub120.pkl-21-0,sub120.pkl-21-0,sub120,,sub120.pkl,6,test,True
sub120.pkl-21-1,sub120.pkl-21-1,sub120,,sub120.pkl,6,test,True
sub120.pkl-21-2,sub120.pkl-21-2,sub120,,sub120.pkl,6,test,True
sub120.pkl-22-0,sub120.pkl-22-0,sub120,,sub120.pkl,7,test,True
sub120.pkl-22-1,sub120.pkl-22-1,sub120,,sub120.pkl,7,test,True
sub120.pkl-22-2,sub120.pkl-22-2,sub120,,sub120.pkl,7,test,True
sub120.pkl-23-0,sub120.pkl-23-0,sub120,,sub120.pkl,7,test,True
sub120.pkl-23-1,sub120.pkl-23-1,sub120,,sub120.pkl,7,test,True
sub120.pkl-23-2,sub120.pkl-23-2,sub120,,sub120.pkl,7,test,True
sub120.pkl-24-0,sub120.pkl-24-0,sub120,,sub120.pkl,7,test,True
sub120.pkl-24-1,sub120.pkl-24-1,sub120,,sub120.pkl,7,test,True
sub120.pkl-24-2,sub120.pkl-24-2,sub120,,sub120.pkl,7,test,True
sub120.pkl-25-0,sub120.pkl-25-0,sub120,,sub120.pkl,8,test,True
sub120.pkl-25-1,sub120.pkl-25-1,sub120,,sub120.pkl,8,test,True
sub120.pkl-25-2,sub120.pkl-25-2,sub120,,sub120.pkl,8,test,True
sub120.pkl-26-0,sub120.pkl-26-0,sub120,,sub120.pkl,8,test,True
sub120.pkl-26-1,sub120.pkl-26-1,sub120,,sub120.pkl,8,test,True
sub120.pkl-26-2,sub120.pkl-26-2,sub120,,sub120.pkl,8,test,True
sub120.pkl-27-0,sub120.pkl-27-0,sub120,,sub120.pkl,8,test,True
sub120.pkl-27-1,sub120.pkl-27-1,sub120,,sub120.pkl,8,test,True
sub120.pkl-27-2,sub120.pkl-27-2,sub120,,sub120.pkl,8,test,True
sub121.pkl-0-0,sub121.pkl-0-0,sub121,,sub121.pkl,0,test,True
sub121.pkl-0-1,sub121.pkl-0-1,sub121,,sub121.pkl,0,test,True
sub121.pkl-0-2,sub121.pkl-0-2,sub121,,sub121.pkl,0,test,True
sub121.pkl-1-0,sub121.pkl-1-0,sub121,,sub121.pkl,0,test,True
sub121.pkl-1-1,sub121.pkl-1-1,sub121,,sub121.pkl,0,test,True
sub121.pkl-1-2,sub121.pkl-1-2,sub121,,sub121.pkl,0,test,True
sub121.pkl-2-0,sub121.pkl-2-0,sub121,,sub121.pkl,0,test,True
sub121.pkl-2-1,sub121.pkl-2-1,sub121,,sub121.pkl,0,test,True
sub121.pkl-2-2,sub121.pkl-2-2,sub121,,sub121.pkl,0,test,True
sub121.pkl-3-0,sub121.pkl-3-0,sub121,,sub121.pkl,1,test,True
sub121.pkl-3-1,sub121.pkl-3-1,sub121,,sub121.pkl,1,test,True
sub121.pkl-3-2,sub121.pkl-3-2,sub121,,sub121.pkl,1,test,True
sub121.pkl-4-0,sub121.pkl-4-0,sub121,,sub121.pkl,1,test,True
sub121.pkl-4-1,sub121.pkl-4-1,sub121,,sub121.pkl,1,test,True
sub121.pkl-4-2,sub121.pkl-4-2,sub121,,sub121.pkl,1,test,True
sub121.pkl-5-0,sub121.pkl-5-0,sub121,,sub121.pkl,1,test,True
sub121.pkl-5-1,sub121.pkl-5-1,sub121,,sub121.pkl,1,test,True
sub121.pkl-5-2,sub121.pkl-5-2,sub121,,sub121.pkl,1,test,True
sub121.pkl-6-0,sub121.pkl-6-0,sub121,,sub121.pkl,2,test,True
sub121.pkl-6-1,sub121.pkl-6-1,sub121,,sub121.pkl,2,test,True
sub121.pkl-6-2,sub121.pkl-6-2,sub121,,sub121.pkl,2,test,True
sub121.pkl-7-0,sub121.pkl-7-0,sub121,,sub121.pkl,2,test,True
sub121.pkl-7-1,sub121.pkl-7-1,sub121,,sub121.pkl,2,test,True
sub121.pkl-7-2,sub121.pkl-7-2,sub121,,sub121.pkl,2,test,True
sub121.pkl-8-0,sub121.pkl-8-0,sub121,,sub121.pkl,2,test,True
sub121.pkl-8-1,sub121.pkl-8-1,sub121,,sub121.pkl,2,test,True
sub121.pkl-8-2,sub121.pkl-8-2,sub121,,sub121.pkl,2,test,True
sub121.pkl-9-0,sub121.pkl-9-0,sub121,,sub121.pkl,3,test,True
sub121.pkl-9-1,sub121.pkl-9-1,sub121,,sub121.pkl,3,test,True
sub121.pkl-9-2,sub121.pkl-9-2,sub121,,sub121.pkl,3,test,True
sub121.pkl-10-0,sub121.pkl-10-0,sub121,,sub121.pkl,3,test,True
sub121.pkl-10-1,sub121.pkl-10-1,sub121,,sub121.pkl,3,test,True
sub121.pkl-10-2,sub121.pkl-10-2,sub121,,sub121.pkl,3,test,True
sub121.pkl-11-0,sub121.pkl-11-0,sub121,,sub121.pkl,3,test,True
sub121.pkl-11-1,sub121.pkl-11-1,sub121,,sub121.pkl,3,test,True
sub121.pkl-11-2,sub121.pkl-11-2,sub121,,sub121.pkl,3,test,True
sub121.pkl-12-0,sub121.pkl-12-0,sub121,,sub121.pkl,4,test,True
sub121.pkl-12-1,sub121.pkl-12-1,sub121,,sub121.pkl,4,test,True
sub121.pkl-12-2,sub121.pkl-12-2,sub121,,sub121.pkl,4,test,True
sub121.pkl-13-0,sub121.pkl-13-0,sub121,,sub121.pkl,4,test,True
sub121.pkl-13-1,sub121.pkl-13-1,sub121,,sub121.pkl,4,test,True
sub121.pkl-13-2,sub121.pkl-13-2,sub121,,sub121.pkl,4,test,True
sub121.pkl-14-0,sub121.pkl-14-0,sub121,,sub121.pkl,4,test,True
sub121.pkl-14-1,sub121.pkl-14-1,sub121,,sub121.pkl,4,test,True
sub121.pkl-14-2,sub121.pkl-14-2,sub121,,sub121.pkl,4,test,True
sub121.pkl-15-0,sub121.pkl-15-0,sub121,,sub121.pkl,4,test,True
sub121.pkl-15-1,sub121.pkl-15-1,sub121,,sub121.pkl,4,test,True
sub121.pkl-15-2,sub121.pkl-15-2,sub121,,sub121.pkl,4,test,True
sub121.pkl-16-0,sub121.pkl-16-0,sub121,,sub121.pkl,5,test,True
sub121.pkl-16-1,sub121.pkl-16-1,sub121,,sub121.pkl,5,test,True
sub121.pkl-16-2,sub121.pkl-16-2,sub121,,sub121.pkl,5,test,True
sub121.pkl-17-0,sub121.pkl-17-0,sub121,,sub121.pkl,5,test,True
sub121.pkl-17-1,sub121.pkl-17-1,sub121,,sub121.pkl,5,test,True
sub121.pkl-17-2,sub121.pkl-17-2,sub121,,sub121.pkl,5,test,True
sub121.pkl-18-0,sub121.pkl-18-0,sub121,,sub121.pkl,5,test,True
sub121.pkl-18-1,sub121.pkl-18-1,sub121,,sub121.pkl,5,test,True
sub121.pkl-18-2,sub121.pkl-18-2,sub121,,sub121.pkl,5,test,True
sub121.pkl-19-0,sub121.pkl-19-0,sub121,,sub121.pkl,6,test,True
sub121.pkl-19-1,sub121.pkl-19-1,sub121,,sub121.pkl,6,test,True
sub121.pkl-19-2,sub121.pkl-19-2,sub121,,sub121.pkl,6,test,True
sub121.pkl-20-0,sub121.pkl-20-0,sub121,,sub121.pkl,6,test,True
sub121.pkl-20-1,sub121.pkl-20-1,sub121,,sub121.pkl,6,test,True
sub121.pkl-20-2,sub121.pkl-20-2,sub121,,sub121.pkl,6,test,True
sub121.pkl-21-0,sub121.pkl-21-0,sub121,,sub121.pkl,6,test,True
sub121.pkl-21-1,sub121.pkl-21-1,sub121,,sub121.pkl,6,test,True
sub121.pkl-21-2,sub121.pkl-21-2,sub121,,sub121.pkl,6,test,True
sub121.pkl-22-0,sub121.pkl-22-0,sub121,,sub121.pkl,7,test,True
sub121.pkl-22-1,sub121.pkl-22-1,sub121,,sub121.pkl,7,test,True
sub121.pkl-22-2,sub121.pkl-22-2,sub121,,sub121.pkl,7,test,True
sub121.pkl-23-0,sub121.pkl-23-0,sub121,,sub121.pkl,7,test,True
sub121.pkl-23-1,sub121.pkl-23-1,sub121,,sub121.pkl,7,test,True
sub121.pkl-23-2,sub121.pkl-23-2,sub121,,sub121.pkl,7,test,True
sub121.pkl-24-0,sub121.pkl-24-0,sub121,,sub121.pkl,7,test,True
sub121.pkl-24-1,sub121.pkl-24-1,sub121,,sub121.pkl,7,test,True
sub121.pkl-24-2,sub121.pkl-24-2,sub121,,sub121.pkl,7,test,True
sub121.pkl-25-0,sub121.pkl-25-0,sub121,,sub121.pkl,8,test,True
sub121.pkl-25-1,sub121.pkl-25-1,sub121,,sub121.pkl,8,test,True
sub121.pkl-25-2,sub121.pkl-25-2,sub121,,sub121.pkl,8,test,True
sub121.pkl-26-0,sub121.pkl-26-0,sub121,,sub121.pkl,8,test,True
sub121.pkl-26-1,sub121.pkl-26-1,sub121,,sub121.pkl,8,test,True
sub121.pkl-26-2,sub121.pkl-26-2,sub121,,sub121.pkl,8,test,True
sub121.pkl-27-0,sub121.pkl-27-0,sub121,,sub121.pkl,8,test,True
sub121.pkl-27-1,sub121.pkl-27-1,sub121,,sub121.pkl,8,test,True
sub121.pkl-27-2,sub121.pkl-27-2,sub121,,sub121.pkl,8,test,True
sub122.pkl-0-0,sub122.pkl-0-0,sub122,,sub122.pkl,0,test,True
sub122.pkl-0-1,sub122.pkl-0-1,sub122,,sub122.pkl,0,test,True
sub122.pkl-0-2,sub122.pkl-0-2,sub122,,sub122.pkl,0,test,True
sub122.pkl-1-0,sub122.pkl-1-0,sub122,,sub122.pkl,0,test,True
sub122.pkl-1-1,sub122.pkl-1-1,sub122,,sub122.pkl,0,test,True
sub122.pkl-1-2,sub122.pkl-1-2,sub122,,sub122.pkl,0,test,True
sub122.pkl-2-0,sub122.pkl-2-0,sub122,,sub122.pkl,0,test,True
sub122.pkl-2-1,sub122.pkl-2-1,sub122,,sub122.pkl,0,test,True
sub122.pkl-2-2,sub122.pkl-2-2,sub122,,sub122.pkl,0,test,True
sub122.pkl-3-0,sub122.pkl-3-0,sub122,,sub122.pkl,1,test,True
sub122.pkl-3-1,sub122.pkl-3-1,sub122,,sub122.pkl,1,test,True
sub122.pkl-3-2,sub122.pkl-3-2,sub122,,sub122.pkl,1,test,True
sub122.pkl-4-0,sub122.pkl-4-0,sub122,,sub122.pkl,1,test,True
sub122.pkl-4-1,sub122.pkl-4-1,sub122,,sub122.pkl,1,test,True
sub122.pkl-4-2,sub122.pkl-4-2,sub122,,sub122.pkl,1,test,True
sub122.pkl-5-0,sub122.pkl-5-0,sub122,,sub122.pkl,1,test,True
sub122.pkl-5-1,sub122.pkl-5-1,sub122,,sub122.pkl,1,test,True
sub122.pkl-5-2,sub122.pkl-5-2,sub122,,sub122.pkl,1,test,True
sub122.pkl-6-0,sub122.pkl-6-0,sub122,,sub122.pkl,2,test,True
sub122.pkl-6-1,sub122.pkl-6-1,sub122,,sub122.pkl,2,test,True
sub122.pkl-6-2,sub122.pkl-6-2,sub122,,sub122.pkl,2,test,True
sub122.pkl-7-0,sub122.pkl-7-0,sub122,,sub122.pkl,2,test,True
sub122.pkl-7-1,sub122.pkl-7-1,sub122,,sub122.pkl,2,test,True
sub122.pkl-7-2,sub122.pkl-7-2,sub122,,sub122.pkl,2,test,True
sub122.pkl-8-0,sub122.pkl-8-0,sub122,,sub122.pkl,2,test,True
sub122.pkl-8-1,sub122.pkl-8-1,sub122,,sub122.pkl,2,test,True
sub122.pkl-8-2,sub122.pkl-8-2,sub122,,sub122.pkl,2,test,True
sub122.pkl-9-0,sub122.pkl-9-0,sub122,,sub122.pkl,3,test,True
sub122.pkl-9-1,sub122.pkl-9-1,sub122,,sub122.pkl,3,test,True
sub122.pkl-9-2,sub122.pkl-9-2,sub122,,sub122.pkl,3,test,True
sub122.pkl-10-0,sub122.pkl-10-0,sub122,,sub122.pkl,3,test,True
sub122.pkl-10-1,sub122.pkl-10-1,sub122,,sub122.pkl,3,test,True
sub122.pkl-10-2,sub122.pkl-10-2,sub122,,sub122.pkl,3,test,True
sub122.pkl-11-0,sub122.pkl-11-0,sub122,,sub122.pkl,3,test,True
sub122.pkl-11-1,sub122.pkl-11-1,sub122,,sub122.pkl,3,test,True
sub122.pkl-11-2,sub122.pkl-11-2,sub122,,sub122.pkl,3,test,True
sub122.pkl-12-0,sub122.pkl-12-0,sub122,,sub122.pkl,4,test,True
sub122.pkl-12-1,sub122.pkl-12-1,sub122,,sub122.pkl,4,test,True
sub122.pkl-12-2,sub122.pkl-12-2,sub122,,sub122.pkl,4,test,True
sub122.pkl-13-0,sub122.pkl-13-0,sub122,,sub122.pkl,4,test,True
sub122.pkl-13-1,sub122.pkl-13-1,sub122,,sub122.pkl,4,test,True
sub122.pkl-13-2,sub122.pkl-13-2,sub122,,sub122.pkl,4,test,True
sub122.pkl-14-0,sub122.pkl-14-0,sub122,,sub122.pkl,4,test,True
sub122.pkl-14-1,sub122.pkl-14-1,sub122,,sub122.pkl,4,test,True
sub122.pkl-14-2,sub122.pkl-14-2,sub122,,sub122.pkl,4,test,True
sub122.pkl-15-0,sub122.pkl-15-0,sub122,,sub122.pkl,4,test,True
sub122.pkl-15-1,sub122.pkl-15-1,sub122,,sub122.pkl,4,test,True
sub122.pkl-15-2,sub122.pkl-15-2,sub122,,sub122.pkl,4,test,True
sub122.pkl-16-0,sub122.pkl-16-0,sub122,,sub122.pkl,5,test,True
sub122.pkl-16-1,sub122.pkl-16-1,sub122,,sub122.pkl,5,test,True
sub122.pkl-16-2,sub122.pkl-16-2,sub122,,sub122.pkl,5,test,True
sub122.pkl-17-0,sub122.pkl-17-0,sub122,,sub122.pkl,5,test,True
sub122.pkl-17-1,sub122.pkl-17-1,sub122,,sub122.pkl,5,test,True
sub122.pkl-17-2,sub122.pkl-17-2,sub122,,sub122.pkl,5,test,True
sub122.pkl-18-0,sub122.pkl-18-0,sub122,,sub122.pkl,5,test,True
sub122.pkl-18-1,sub122.pkl-18-1,sub122,,sub122.pkl,5,test,True
sub122.pkl-18-2,sub122.pkl-18-2,sub122,,sub122.pkl,5,test,True
sub122.pkl-19-0,sub122.pkl-19-0,sub122,,sub122.pkl,6,test,True
sub122.pkl-19-1,sub122.pkl-19-1,sub122,,sub122.pkl,6,test,True
sub122.pkl-19-2,sub122.pkl-19-2,sub122,,sub122.pkl,6,test,True
sub122.pkl-20-0,sub122.pkl-20-0,sub122,,sub122.pkl,6,test,True
sub122.pkl-20-1,sub122.pkl-20-1,sub122,,sub122.pkl,6,test,True
sub122.pkl-20-2,sub122.pkl-20-2,sub122,,sub122.pkl,6,test,True
sub122.pkl-21-0,sub122.pkl-21-0,sub122,,sub122.pkl,6,test,True
sub122.pkl-21-1,sub122.pkl-21-1,sub122,,sub122.pkl,6,test,True
sub122.pkl-21-2,sub122.pkl-21-2,sub122,,sub122.pkl,6,test,True
sub122.pkl-22-0,sub122.pkl-22-0,sub122,,sub122.pkl,7,test,True
sub122.pkl-22-1,sub122.pkl-22-1,sub122,,sub122.pkl,7,test,True
sub122.pkl-22-2,sub122.pkl-22-2,sub122,,sub122.pkl,7,test,True
sub122.pkl-23-0,sub122.pkl-23-0,sub122,,sub122.pkl,7,test,True
sub122.pkl-23-1,sub122.pkl-23-1,sub122,,sub122.pkl,7,test,True
sub122.pkl-23-2,sub122.pkl-23-2,sub122,,sub122.pkl,7,test,True
sub122.pkl-24-0,sub122.pkl-24-0,sub122,,sub122.pkl,7,test,True
sub122.pkl-24-1,sub122.pkl-24-1,sub122,,sub122.pkl,7,test,True
sub122.pkl-24-2,sub122.pkl-24-2,sub122,,sub122.pkl,7,test,True
sub122.pkl-25-0,sub122.pkl-25-0,sub122,,sub122.pkl,8,test,True
sub122.pkl-25-1,sub122.pkl-25-1,sub122,,sub122.pkl,8,test,True
sub122.pkl-25-2,sub122.pkl-25-2,sub122,,sub122.pkl,8,test,True
sub122.pkl-26-0,sub122.pkl-26-0,sub122,,sub122.pkl,8,test,True
sub122.pkl-26-1,sub122.pkl-26-1,sub122,,sub122.pkl,8,test,True
sub122.pkl-26-2,sub122.pkl-26-2,sub122,,sub122.pkl,8,test,True
sub122.pkl-27-0,sub122.pkl-27-0,sub122,,sub122.pkl,8,test,True
sub122.pkl-27-1,sub122.pkl-27-1,sub122,,sub122.pkl,8,test,True
sub122.pkl-27-2,sub122.pkl-27-2,sub122,,sub122.pkl,8,test,True
